event_date,event_id,event_name,member_key,full_name,external_combined_incoming_score,external_combined_predicted_time,external_combined_predicted_rank,external_logtime_incoming_score,external_logtime_predicted_time,external_logtime_predicted_rank,external_logtime_no_tier_incoming_score,external_logtime_no_tier_predicted_time,external_logtime_no_tier_predicted_rank,score_diff_comb_log,time_diff_comb_log,rank_diff_comb_log,score_diff_abs,time_diff_abs,rank_diff_abs,rank_flip_same_time
2025-04-06,250406.0,2025 USA Jigsaw Nationals Finals,17593433,Tammy McLeod,0.3990045367597817,3337.6979850063417,55,0.4370049688321419,3316.436090148808,55,0.3990045367597817,3337.6979850063417,55,-0.0380004320723602,21.26189485753366,0,0.0380004320723602,21.26189485753366,0,False
2025-04-06,250406.0,2025 USA Jigsaw Nationals Finals,17731877,Josh Trauger,0.4205746709057238,3266.474305395678,47,0.4606294014681737,3239.0053984534206,47,0.4205746709057238,3266.474305395678,47,-0.0400547305624499,27.46890694225749,0,0.0400547305624499,27.46890694225749,0,False
2025-04-06,250406.0,2025 USA Jigsaw Nationals Finals,17731902,EB Caron,0.3705254845458907,3434.118931972916,72,0.4058136259312137,3421.5103706441137,72,0.3705254845458907,3434.118931972916,72,-0.03528814138532299,12.608561328802352,0,0.03528814138532299,12.608561328802352,0,False
2025-04-06,250406.0,2025 USA Jigsaw Nationals Finals,17731928,Kara Taylor,0.1884318883422168,4120.003412899286,181,0.206377782470047,4176.685234705287,181,0.1884318883422168,4120.003412899286,181,-0.01794589412783021,-56.68182180600161,0,0.01794589412783021,56.68182180600161,0,False
2025-04-06,250406.0,2025 USA Jigsaw Nationals Finals,17731966,Melinda Whiting,0.3573965741460305,3479.5024378364137,77,0.3914343431123191,3471.064659666711,77,0.3573965741460305,3479.5024378364137,77,-0.03403776896628863,8.437778169702597,0,0.03403776896628863,8.437778169702597,0,False
2025-04-06,250406.0,2025 USA Jigsaw Nationals Finals,17731998,Liz Walters,0.3720707016757854,3428.816570278231,70,0.4075060065972887,3415.72476974451,70,0.3720707016757854,3428.816570278231,70,-0.03543530492150332,13.091800533721198,0,0.03543530492150332,13.091800533721198,0,False
2025-04-06,250406.0,2025 USA Jigsaw Nationals Finals,17732004,Grey Rogers,0.2992943664146893,3687.65779886258,106,0.3277985917875168,3699.128001381904,106,0.2992943664146893,3687.65779886258,106,-0.028504225372827485,-11.470202519324175,0,0.028504225372827485,11.470202519324175,0,False
2025-04-06,250406.0,2025 USA Jigsaw Nationals Finals,17732010,Yvonne Feucht,0.3989021418166308,3338.039765899788,56,0.4368928219896432,3316.808038840712,56,0.3989021418166308,3338.039765899788,56,-0.03799068017301238,21.231727059076093,0,0.03799068017301238,21.231727059076093,0,False
2025-04-06,250406.0,2025 USA Jigsaw Nationals Finals,17732023,Andrew Bradburn,0.4504555360308561,3170.31307247596,32,0.4933560632718901,3134.7193391580627,32,0.4504555360308561,3170.31307247596,32,-0.04290052724103399,35.593733317897204,0,0.04290052724103399,35.593733317897204,0,False
2025-04-06,250406.0,2025 USA Jigsaw Nationals Finals,17915498,Melynda Owens,0.3398215542623701,3541.1953010424645,87,0.3721855118111673,3538.5257887345165,87,0.3398215542623701,3541.1953010424645,87,-0.03236395754879723,2.6695123079480254,0,0.03236395754879723,2.6695123079480254,0,False
2025-04-06,250406.0,2025 USA Jigsaw Nationals Finals,18141625,Andrea Kyle,0.4595979348477116,3141.460896008537,28,0.5033691667379698,3103.487693871576,28,0.4595979348477116,3141.460896008537,28,-0.04377123189025822,37.973202136960936,0,0.04377123189025822,37.973202136960936,0,False
2025-04-06,250406.0,2025 USA Jigsaw Nationals Finals,18141627,Alyssa Zackler,0.3900301850893197,3367.786470879229,58,0.4271759170025883,3349.194239411068,58,0.3900301850893197,3367.786470879229,58,-0.03714573191326859,18.592231468161117,0,0.03714573191326859,18.592231468161117,0,False
2025-04-06,250406.0,2025 USA Jigsaw Nationals Finals,18385375,Michaela Keener,0.6102568387297727,2702.099440318084,6,0.6683765376564176,2631.4082803807155,6,0.6102568387297727,2702.099440318084,6,-0.058119698926644925,70.69115993736841,0,0.058119698926644925,70.69115993736841,0,False
2025-04-06,250406.0,2025 USA Jigsaw Nationals Finals,18405080,Kelly Walter,0.6959214676700599,2480.26252742464,2,0.762199702686256,2395.749212832693,2,0.6959214676700599,2480.26252742464,2,-0.06627823501619612,84.51331459194716,0,0.06627823501619612,84.51331459194716,0,False
2025-04-06,250406.0,2025 USA Jigsaw Nationals Finals,18475588,Dawne Rasmusson,0.6063734141591736,2712.613241240029,7,0.6641232631267139,2642.6242175184448,7,0.6063734141591736,2712.613241240029,7,-0.05774984896754032,69.98902372158409,0,0.05774984896754032,69.98902372158409,0,False
2025-04-06,250406.0,2025 USA Jigsaw Nationals Finals,18495081,Trisha Siedlecki,0.3292698208512821,3578.7588817364963,90,0.3606288514085471,3579.656538884741,90,0.3292698208512821,3578.7588817364963,90,-0.03135903055726502,-0.897657148244889,0,0.03135903055726502,0.897657148244889,0,False
2025-04-06,250406.0,2025 USA Jigsaw Nationals Finals,18495082,Sarah Oman,0.4426693888091123,3195.09394536656,38,0.484828378219504,3161.565543707688,38,0.4426693888091123,3195.09394536656,38,-0.0421589894103917,33.5284016588721,0,0.0421589894103917,33.5284016588721,0,False
2025-04-06,250406.0,2025 USA Jigsaw Nationals Finals,18542626,Jeanne Roiter,0.5908017436078802,2755.1837477231275,9,0.6470685763324402,2688.0798599631053,9,0.5908017436078802,2755.1837477231275,9,-0.05626683272456001,67.10388776002219,0,0.05626683272456001,67.10388776002219,0,False
2025-04-06,250406.0,2025 USA Jigsaw Nationals Finals,18624739,Katherine Dilks,0.4636560635283028,3128.738275922323,27,0.5078137838643316,3089.7244880633016,27,0.4636560635283028,3128.738275922323,27,-0.04415772033602883,39.01378785902125,0,0.04415772033602883,39.01378785902125,0,False
2025-04-06,250406.0,2025 USA Jigsaw Nationals Finals,18641580,Jennifer Luscher,0.21208854907851,4023.681706949661,163,0.2322874585145586,4069.858571547276,163,0.21208854907851,4023.681706949661,163,-0.0201989094360486,-46.176864597614895,0,0.0201989094360486,46.176864597614895,0,False
2025-04-06,250406.0,2025 USA Jigsaw Nationals Finals,18852026,Kimberly Kenne,0.1720179674115485,4188.1868712929,187,0.1884006309745531,4252.449106798254,187,0.1720179674115485,4188.1868712929,187,-0.01638266356300458,-64.26223550535451,0,0.01638266356300458,64.26223550535451,0,False
2025-04-06,250406.0,2025 USA Jigsaw Nationals Finals,18859031,Michelle Micheli,0.2616786713554414,3829.0135402345295,127,0.2866004495797691,3854.7080016120735,127,0.2616786713554414,3829.0135402345295,127,-0.02492177822432773,-25.69446137754403,0,0.02492177822432773,25.69446137754403,0,False
2025-04-06,250406.0,2025 USA Jigsaw Nationals Finals,18956787,Kelly Buhr,0.3873527386644125,3376.815620864253,61,0.4242434756800708,3359.02996929794,61,0.3873527386644125,3376.815620864253,61,-0.036890737015658315,17.785651566312936,0,0.036890737015658315,17.785651566312936,0,False
2025-04-06,250406.0,2025 USA Jigsaw Nationals Finals,18980068,Tiffany Medeiros,0.5891177796951869,2759.827286405597,10,0.6452242349042522,2693.0421717030263,10,0.5891177796951869,2759.827286405597,10,-0.05610645520906532,66.78511470257081,0,0.05610645520906532,66.78511470257081,0,False
2025-04-06,250406.0,2025 USA Jigsaw Nationals Finals,19326944,Min-Yee Deng,0.4553348017751276,3154.881949392297,30,0.4987000209918064,3118.012212395312,30,0.4553348017751276,3154.881949392297,30,-0.043365219216678796,36.86973699698501,0,0.043365219216678796,36.86973699698501,0,False
2025-04-06,250406.0,2025 USA Jigsaw Nationals Finals,19369070,Amanda Messinger,0.199943253438096,4072.848478960659,174,0.218985468051248,4124.357459701132,174,0.199943253438096,4072.848478960659,174,-0.019042214613152003,-51.50898074047291,0,0.019042214613152003,51.50898074047291,0,False
2025-04-06,250406.0,2025 USA Jigsaw Nationals Finals,19515336,Stephanie Owen,0.1189471308428711,4416.461232270068,197,0.1302754290183827,4506.948330393321,197,0.1189471308428711,4416.461232270068,197,-0.011328298175511606,-90.48709812325342,0,0.011328298175511606,90.48709812325342,0,False
2025-04-06,250406.0,2025 USA Jigsaw Nationals Finals,19548766,Lindsay Steenstra,0.2224700196334957,3982.126051414317,154,0.2436576405509715,4023.845622246879,154,0.2224700196334957,3982.126051414317,154,-0.021187620917475808,-41.71957083256211,0,0.021187620917475808,41.71957083256211,0,False
2025-04-06,250406.0,2025 USA Jigsaw Nationals Finals,19701994,Megan Jones,0.309695669229161,3649.500142105006,100,0.3391904948700335,3657.227012842929,100,0.309695669229161,3649.500142105006,100,-0.029494825640872524,-7.726870737923036,0,0.029494825640872524,7.726870737923036,0,False
2025-04-06,250406.0,2025 USA Jigsaw Nationals Finals,19892601,Max Figura,0.2519023919870362,3866.6306242646,137,0.2758930959858016,3896.203480122264,137,0.2519023919870362,3866.6306242646,137,-0.023990703998765406,-29.572855857663853,0,0.023990703998765406,29.572855857663853,0,False
2025-04-06,250406.0,2025 USA Jigsaw Nationals Finals,19958106,Taylor Reed,0.3407699295525707,3537.838510921182,86,0.3732242085575775,3534.852241691633,86,0.3407699295525707,3537.838510921182,86,-0.0324542790050068,2.9862692295491797,0,0.0324542790050068,2.9862692295491797,0,False
2025-04-06,250406.0,2025 USA Jigsaw Nationals Finals,20341319,Hannah Scott,0.533503262521789,2917.662020207254,17,0.5843130970476736,2862.1772496573176,17,0.533503262521789,2917.662020207254,17,-0.05080983452588461,55.48477054993646,0,0.05080983452588461,55.48477054993646,0,False
2025-04-06,250406.0,2025 USA Jigsaw Nationals Finals,20453946,Sammy Brownlow,0.4061756696351599,3313.848525285389,53,0.4448590667432703,3290.4904993610035,53,0.4061756696351599,3313.848525285389,53,-0.03868339710811042,23.3580259243854,0,0.03868339710811042,23.3580259243854,0,False
2025-04-06,250406.0,2025 USA Jigsaw Nationals Finals,20496112,Chloe Muellers,0.3248472412744896,3594.621278177743,95,0.355785073776822,3597.0376603174163,95,0.3248472412744896,3594.621278177743,95,-0.030937832502332396,-2.41638213967326,0,0.030937832502332396,2.41638213967326,0,False
2025-04-06,250406.0,2025 USA Jigsaw Nationals Finals,20527721,Alexx Cisotto,0.2142890242775021,4014.837429520184,162,0.2346975027801214,4060.061842252767,162,0.2142890242775021,4014.837429520184,162,-0.020408478502619287,-45.224412732583005,0,0.020408478502619287,45.224412732583005,0,False
2025-04-06,250406.0,2025 USA Jigsaw Nationals Finals,20531734,Norah Molina,0.1624348303706754,4228.515770076843,190,0.1779048142155016,4297.317084541376,190,0.1624348303706754,4228.515770076843,190,-0.015469983844826202,-68.80131446453288,0,0.015469983844826202,68.80131446453288,0,False
2025-04-06,250406.0,2025 USA Jigsaw Nationals Finals,20533147,Abby Patnoe,0.5399469770600417,2898.921881923799,14,0.5913704986848075,2842.04882597942,14,0.5399469770600417,2898.921881923799,14,-0.05142352162476582,56.87305594437885,0,0.05142352162476582,56.87305594437885,0,False
2025-04-06,250406.0,2025 USA Jigsaw Nationals Finals,20533269,Elizaveta Gallagher,0.3486724362206765,3509.990896400241,80,0.3818793349083599,3504.389667786957,80,0.3486724362206765,3509.990896400241,80,-0.033206898687683395,5.601228613284093,0,0.033206898687683395,5.601228613284093,0,False
2025-04-06,250406.0,2025 USA Jigsaw Nationals Finals,20539458,Kyle Kossin,0.533342684607886,2918.130569906292,18,0.5841372259991133,2862.680668038444,18,0.533342684607886,2918.130569906292,18,-0.0507945413912273,55.449901867847984,0,0.0507945413912273,55.449901867847984,0,False
2025-04-06,250406.0,2025 USA Jigsaw Nationals Finals,20563304,Jessica Derby,0.3123828321135521,3639.706505218524,97,0.3421335780291286,3646.479313057373,97,0.3123828321135521,3639.706505218524,97,-0.02975074591557647,-6.772807838849076,0,0.02975074591557647,6.772807838849076,0,False
2025-04-06,250406.0,2025 USA Jigsaw Nationals Finals,20620378,Jamie Ambabo,0.1189471308428711,4416.461232270068,198,0.1302754290183827,4506.948330393321,198,0.1189471308428711,4416.461232270068,198,-0.011328298175511606,-90.48709812325342,0,0.011328298175511606,90.48709812325342,0,False
2025-04-06,250406.0,2025 USA Jigsaw Nationals Finals,20701996,Agnes Roche,0.2006740551634261,4069.873121595794,172,0.2197858699408952,4121.057636965144,172,0.2006740551634261,4069.873121595794,172,-0.019111814777469094,-51.184515369350265,0,0.019111814777469094,51.184515369350265,0,False
2025-04-06,250406.0,2025 USA Jigsaw Nationals Finals,20720345,Doug Ellwanger,0.3110868012393861,3644.426735343469,99,0.3407141156431372,3651.659028619552,99,0.3110868012393861,3644.426735343469,99,-0.029627314403751104,-7.232293276083055,0,0.029627314403751104,7.232293276083055,0,False
2025-04-06,250406.0,2025 USA Jigsaw Nationals Finals,20722068,Elizabeth Nelson,0.3542338590349419,3490.524533462203,78,0.3879704170382697,3483.109019388749,78,0.3542338590349419,3490.524533462203,78,-0.033736558003327755,7.415514073454233,0,0.033736558003327755,7.415514073454233,0,False
2025-04-06,250406.0,2025 USA Jigsaw Nationals Finals,20729491,Simmie Berman,0.4710848104264905,3105.5817894914644,24,0.5159500304671086,3064.6877184757823,24,0.4710848104264905,3105.5817894914644,24,-0.04486522004061816,40.89407101568213,0,0.04486522004061816,40.89407101568213,0,False
2025-04-06,250406.0,2025 USA Jigsaw Nationals Finals,20737327,Amy Paull,0.3287085496503217,3580.768099837376,91,0.3600141258074952,3581.857721894624,91,0.3287085496503217,3580.768099837376,91,-0.0313055761571735,-1.0896220572476523,0,0.0313055761571735,1.0896220572476523,0,False
2025-04-06,250406.0,2025 USA Jigsaw Nationals Finals,20739624,Mari Black,0.5633967321606038,2831.733725463096,12,0.617053563794947,2769.9856635296032,12,0.5633967321606038,2831.733725463096,12,-0.053656831634343205,61.74806193349286,0,0.053656831634343205,61.74806193349286,0,False
2025-04-06,250406.0,2025 USA Jigsaw Nationals Finals,20850953,Aimee Seligstein,0.3425030265080903,3531.712403870897,85,0.3751223623660036,3528.148912434489,85,0.3425030265080903,3531.712403870897,85,-0.03261933585791332,3.563491436408185,0,0.03261933585791332,3.563491436408185,0,False
2025-04-06,250406.0,2025 USA Jigsaw Nationals Finals,20853119,Kevin Collins,0.3150783247164204,3629.908913856797,96,0.3450857842132224,3635.730029137564,96,0.3150783247164204,3629.908913856797,96,-0.030007459496802003,-5.821115280767117,0,0.030007459496802003,5.821115280767117,0,False
2025-04-06,250406.0,2025 USA Jigsaw Nationals Finals,20859985,Jessa Douglas,0.6616700252735488,2566.6867242487733,4,0.7246862181567438,2487.3291149989604,4,0.6616700252735488,2566.6867242487733,4,-0.06301619288319504,79.35760924981287,0,0.06301619288319504,79.35760924981287,0,False
2025-04-06,250406.0,2025 USA Jigsaw Nationals Finals,20860009,Andrea Heistand,0.4386943615457932,3207.819806975074,39,0.4804747769311068,3175.3597449705653,39,0.4386943615457932,3207.819806975074,39,-0.041780415385313574,32.46006200450847,0,0.041780415385313574,32.46006200450847,0,False
2025-04-06,250406.0,2025 USA Jigsaw Nationals Finals,20865039,Whitney Presley,0.2171392809008989,4003.410405256688,159,0.2378192124152703,4047.407270306732,159,0.2171392809008989,4003.410405256688,159,-0.02067993151437139,-43.99686505004365,0,0.02067993151437139,43.99686505004365,0,False
2025-04-06,250406.0,2025 USA Jigsaw Nationals Finals,20866603,Cathy Roiter,0.5976597493228992,2736.3533252109423,8,0.6545797254488896,2667.964928990189,8,0.5976597493228992,2736.3533252109423,8,-0.056919976125990424,68.3883962207533,0,0.056919976125990424,68.3883962207533,0,False
2025-04-06,250406.0,2025 USA Jigsaw Nationals Finals,21085430,Kristen Sweeney,0.1954941389352063,4091.009418288353,177,0.2141126283576069,4144.503837612606,177,0.1954941389352063,4091.009418288353,177,-0.018618489422400575,-53.4944193242527,0,0.018618489422400575,53.4944193242527,0,False
2025-04-06,250406.0,2025 USA Jigsaw Nationals Finals,21088908,Elizabeth Forsyth,0.2091149262401182,4035.6644259816567,165,0.2290306335010818,4083.1349965056993,165,0.2091149262401182,4035.6644259816567,165,-0.01991570726096359,-47.470570524042614,0,0.01991570726096359,47.470570524042614,0,False
2025-04-06,250406.0,2025 USA Jigsaw Nationals Finals,21108114,Madeleine Bouchie,0.2536755680039735,3859.780482623556,134,0.2778351459091138,3888.644201076987,134,0.2536755680039735,3859.780482623556,134,-0.024159577905140284,-28.86371845343092,0,0.024159577905140284,28.86371845343092,0,False
2025-04-06,250406.0,2025 USA Jigsaw Nationals Finals,21113122,Jeremy Seidling,0.2796185303162207,3760.9340712727394,115,0.3062488665368131,3779.70831693794,115,0.2796185303162207,3760.9340712727394,115,-0.02663033622059241,-18.774245665200397,0,0.02663033622059241,18.774245665200397,0,False
2025-04-06,250406.0,2025 USA Jigsaw Nationals Finals,21178749,Yuewen Chun,0.3485858703486484,3510.2947549747,81,0.3817845246675673,3504.721935566136,81,0.3485858703486484,3510.2947549747,81,-0.033198654318918885,5.572819408564101,0,0.033198654318918885,5.572819408564101,0,False
2025-04-06,250406.0,2025 USA Jigsaw Nationals Finals,21181014,Emily Chandran,0.4475359583118578,3179.582572813553,35,0.4901584305320348,3144.7590634682297,35,0.4475359583118578,3179.582572813553,35,-0.04262247222017701,34.823509345323146,0,0.04262247222017701,34.823509345323146,0,False
2025-04-06,250406.0,2025 USA Jigsaw Nationals Finals,21181439,Chelsea Widmaier,0.2476351854665034,3883.165589642496,140,0.2712194888442656,3914.4554225135166,140,0.2476351854665034,3883.165589642496,140,-0.02358430337776221,-31.289832871020735,0,0.02358430337776221,31.289832871020735,0,False
2025-04-06,250406.0,2025 USA Jigsaw Nationals Finals,21187349,Alison Filley,0.2212495648490407,3986.989023120992,155,0.2423209519775208,4029.227847089305,155,0.2212495648490407,3986.989023120992,155,-0.021071387128480085,-42.23882396831323,0,0.021071387128480085,42.23882396831323,0,False
2025-04-06,250406.0,2025 USA Jigsaw Nationals Finals,21198876,Angie Gazdic,0.2981009522886764,3692.061328866458,107,0.3264915191733122,3703.9661915330544,107,0.2981009522886764,3692.061328866458,107,-0.028390566884635815,-11.904862666596273,0,0.028390566884635815,11.904862666596273,0,False
2025-04-06,250406.0,2025 USA Jigsaw Nationals Finals,21249910,Lena Nguyen-Vo,0.3000900643967542,3684.7247040770326,103,0.3286700705297784,3695.9056942538136,103,0.3000900643967542,3684.7247040770326,103,-0.02858000613302425,-11.180990176781052,0,0.02858000613302425,11.180990176781052,0,False
2025-04-06,250406.0,2025 USA Jigsaw Nationals Finals,21394027,Elizabeth Tashiro,0.2152117318325592,4011.134617260773,161,0.2357080872451839,4055.960879361509,161,0.2152117318325592,4011.134617260773,161,-0.020496355412624706,-44.826262100735676,0,0.020496355412624706,44.826262100735676,0,False
2025-04-06,250406.0,2025 USA Jigsaw Nationals Finals,21410220,Ashlyn Koga,0.2352767060829409,3931.4533787588193,147,0.2576840114241733,3967.7996508693695,147,0.2352767060829409,3931.4533787588193,147,-0.022407305341232392,-36.34627211055022,0,0.022407305341232392,36.34627211055022,0,False
2025-04-06,250406.0,2025 USA Jigsaw Nationals Finals,21412436,Iryna Shvydchenko,0.4210333390281623,3264.976421301135,46,0.4611317522689397,3237.3786901211447,46,0.4210333390281623,3264.976421301135,46,-0.0400984132407774,27.597731179990205,0,0.0400984132407774,27.597731179990205,0,False
2025-04-06,250406.0,2025 USA Jigsaw Nationals Finals,21414212,Kelley Vallecillo,0.2836510912494754,3745.7984137058384,113,0.3106654808922826,3763.0516131205977,113,0.2836510912494754,3745.7984137058384,113,-0.02701438964280717,-17.253199414759365,0,0.02701438964280717,17.253199414759365,0,False
2025-04-06,250406.0,2025 USA Jigsaw Nationals Finals,21423906,Gail McCormick,0.4539928798770353,3159.118396420868,31,0.4972302970081815,3122.5981989668207,31,0.4539928798770353,3159.118396420868,31,-0.043237417131146205,36.52019745404732,0,0.043237417131146205,36.52019745404732,0,False
2025-04-06,250406.0,2025 USA Jigsaw Nationals Finals,21428256,Sarah Rowe,0.4269989286447585,3245.556893921465,41,0.4676654932775926,3216.295447439794,41,0.4269989286447585,3245.556893921465,41,-0.04066656463283408,29.2614464816711,0,0.04066656463283408,29.2614464816711,0,False
2025-04-06,250406.0,2025 USA Jigsaw Nationals Finals,21428556,Caryn Knill,0.4851617979971223,3062.1708179577527,22,0.5313676835206578,3017.7998060811474,22,0.4851617979971223,3062.1708179577527,22,-0.046205885523535495,44.37101187660528,0,0.046205885523535495,44.37101187660528,0,False
2025-04-06,250406.0,2025 USA Jigsaw Nationals Finals,21469145,Shannon O’Hara,0.2530890554938381,3862.04495616911,135,0.2771927750646798,3891.142955213613,135,0.2530890554938381,3862.04495616911,135,-0.02410371957084173,-29.097999044503013,0,0.02410371957084173,29.097999044503013,0,False
2025-04-06,250406.0,2025 USA Jigsaw Nationals Finals,21538991,Natalie Schimmelbusch,0.194051069236208,4096.91729172954,178,0.2125321234491802,4151.059425475691,178,0.194051069236208,4096.91729172954,178,-0.01848105421297222,-54.14213374615065,0,0.01848105421297222,54.14213374615065,0,False
2025-04-06,250406.0,2025 USA Jigsaw Nationals Finals,21550393,Sarah Eggerichs,0.1846058721543008,4135.7968062748405,183,0.2021873837880438,4194.223932411683,183,0.1846058721543008,4135.7968062748405,183,-0.017581511633742997,-58.42712613684216,0,0.017581511633742997,58.42712613684216,0,False
2025-04-06,250406.0,2025 USA Jigsaw Nationals Finals,21551407,Carolyn Papke,0.2319790530696616,3944.4393476816153,149,0.2540722962191532,3982.156123337775,149,0.2319790530696616,3944.4393476816153,149,-0.022093243149491626,-37.716775656159825,0,0.022093243149491626,37.716775656159825,0,False
2025-04-06,250406.0,2025 USA Jigsaw Nationals Finals,21552281,Rita Loeffler,0.2195637732054949,3993.7159243829497,158,0.2404746087488753,4036.674056655416,158,0.2195637732054949,3993.7159243829497,158,-0.020910835543380413,-42.95813227246617,0,0.020910835543380413,42.95813227246617,0,False
2025-04-06,250406.0,2025 USA Jigsaw Nationals Finals,21556752,Hanna Sigler,0.5680307968055401,2818.6416465210045,11,0.6221289679298773,2755.962483594701,11,0.5680307968055401,2818.6416465210045,11,-0.054098171124337124,62.679162926303434,0,0.054098171124337124,62.679162926303434,0,False
2025-04-06,250406.0,2025 USA Jigsaw Nationals Finals,21566454,Alice Rowe,0.7752783263601862,2291.043873632254,1,0.8491143574421087,2196.3158674002634,1,0.7752783263601862,2291.043873632254,1,-0.07383603108192249,94.72800623199055,0,0.07383603108192249,94.72800623199055,0,False
2025-04-06,250406.0,2025 USA Jigsaw Nationals Finals,21576268,Lauren Kautz,0.617054284790314,2683.794349538496,5,0.6758213595322486,2611.890657212204,5,0.617054284790314,2683.794349538496,5,-0.058767074741934655,71.903692326292,0,0.058767074741934655,71.903692326292,0,False
2025-04-06,250406.0,2025 USA Jigsaw Nationals Finals,21581068,Andrea Peng,0.5033311807640812,3007.0354686956707,21,0.5512674836939937,2958.3397765085683,21,0.5033311807640812,3007.0354686956707,21,-0.04793630292991247,48.695692187102395,0,0.04793630292991247,48.695692187102395,0,False
2025-04-06,250406.0,2025 USA Jigsaw Nationals Finals,21583590,Lindsay Wang,0.3794992731522916,3403.4397348229154,64,0.4156420610715575,3388.046993574335,64,0.3794992731522916,3403.4397348229154,64,-0.036142787919265895,15.392741248580478,0,0.036142787919265895,15.392741248580478,0,False
2025-04-06,250406.0,2025 USA Jigsaw Nationals Finals,21594891,Kinsey Keltz,0.2351746320232141,3931.8546986476376,148,0.257572216025425,3968.243257409615,148,0.2351746320232141,3931.8546986476376,148,-0.022397584002210924,-36.38855876197749,0,0.022397584002210924,36.38855876197749,0,False
2025-04-06,250406.0,2025 USA Jigsaw Nationals Finals,21617866,Margaret Long,0.4571272584106228,3149.2320254424603,29,0.5006631877830631,3111.8970388819903,29,0.4571272584106228,3149.2320254424603,29,-0.043535929372440274,37.33498656047004,0,0.043535929372440274,37.33498656047004,0,False
2025-04-06,250406.0,2025 USA Jigsaw Nationals Finals,21654699,Kelsi Cook,0.4453038139227571,3186.687787195224,36,0.4877137009630196,3152.456554245969,36,0.4453038139227571,3186.687787195224,36,-0.042409887040262495,34.23123294925472,0,0.042409887040262495,34.23123294925472,0,False
2025-04-06,250406.0,2025 USA Jigsaw Nationals Finals,21696301,Mary Beth Harris,0.2364541811679226,3926.826914665188,146,0.258973626993439,3962.6860126862975,146,0.2364541811679226,3926.826914665188,146,-0.022519445825516404,-35.85909802110973,0,0.022519445825516404,35.85909802110973,0,False
2025-04-06,250406.0,2025 USA Jigsaw Nationals Finals,21848873,Eric Goulet,0.3685212275894308,3441.008690848835,74,0.4036184873598527,3429.0293095681936,74,0.3685212275894308,3441.008690848835,74,-0.035097259770421885,11.979381280641519,0,0.035097259770421885,11.979381280641519,0,False
2025-04-06,250406.0,2025 USA Jigsaw Nationals Finals,21851725,Maud Dias,0.4434267765326777,3192.6749366161025,37,0.4856578981072185,3158.9440496539173,37,0.4434267765326777,3192.6749366161025,37,-0.042231121574540786,33.730886962185195,0,0.042231121574540786,33.730886962185195,0,False
2025-04-06,250406.0,2025 USA Jigsaw Nationals Finals,21856865,Aloysia Larson,0.400894668395548,3331.395254825526,54,0.4390751130046478,3309.577690690435,54,0.400894668395548,3331.395254825526,54,-0.038180444609099806,21.81756413509129,0,0.038180444609099806,21.81756413509129,0,False
2025-04-06,250406.0,2025 USA Jigsaw Nationals Finals,21857882,Hope Thompson,0.3580199705570107,3477.3340044716792,76,0.3921171106100594,3468.695538406071,76,0.3580199705570107,3477.3340044716792,76,-0.0340971400530487,8.6384660656081,0,0.0340971400530487,8.6384660656081,0,False
2025-04-06,250406.0,2025 USA Jigsaw Nationals Finals,21858254,Kara Bingham,0.2442317947524725,3896.4040343727775,142,0.2674919656812793,3929.073874153712,142,0.2442317947524725,3896.4040343727775,142,-0.023260170928806806,-32.66983978093458,0,0.023260170928806806,32.66983978093458,0,False
2025-04-06,250406.0,2025 USA Jigsaw Nationals Finals,21892775,Andrea Reynolds,0.3285210025338428,3581.4397255480435,92,0.3598087170608755,3582.593542369242,92,0.3285210025338428,3581.4397255480435,92,-0.03128771452703272,-1.1538168211986886,0,0.03128771452703272,1.1538168211986886,0,False
2025-04-06,250406.0,2025 USA Jigsaw Nationals Finals,21896776,Tally Klinefelter,0.4202699345376529,3267.469870596657,48,0.4602956425888579,3240.086625689866,48,0.4202699345376529,3267.469870596657,48,-0.04002570805120503,27.38324490679088,0,0.04002570805120503,27.38324490679088,0,False
2025-04-06,250406.0,2025 USA Jigsaw Nationals Finals,21916024,Emmie Lee,0.193346682630344,4099.804121998095,180,0.2117606524046625,4154.263083232229,180,0.193346682630344,4099.804121998095,180,-0.0184139697743185,-54.45896123413422,0,0.0184139697743185,54.45896123413422,0,False
2025-04-06,250406.0,2025 USA Jigsaw Nationals Finals,21918754,Karen Ni,0.2794107952930061,3761.715430154333,117,0.3060213472256734,3780.568371406312,117,0.2794107952930061,3761.715430154333,117,-0.026610551932667315,-18.852941251979246,0,0.026610551932667315,18.852941251979246,0,False
2025-04-06,250406.0,2025 USA Jigsaw Nationals Finals,21922205,Maria Seitz,0.2199051808335129,3992.3526720278496,157,0.2408485313890856,4035.164934999447,157,0.2199051808335129,3992.3526720278496,157,-0.0209433505555727,-42.81226297159719,0,0.0209433505555727,42.81226297159719,0,False
2025-04-06,250406.0,2025 USA Jigsaw Nationals Finals,21922695,Mathew Nettlow,0.4691706249584448,3111.532142245228,25,0.5138535416211538,3071.119541861094,25,0.4691706249584448,3111.532142245228,25,-0.044682916662709016,40.41260038413384,0,0.044682916662709016,40.41260038413384,0,False
2025-04-06,250406.0,2025 USA Jigsaw Nationals Finals,21924024,Jasper Lee,0.5326489747845835,2920.1556080615355,19,0.5833774485735914,2864.8564946538004,19,0.5326489747845835,2920.1556080615355,19,-0.05072847378900791,55.29911340773515,0,0.05072847378900791,55.29911340773515,0,False
2025-04-06,250406.0,2025 USA Jigsaw Nationals Finals,21924776,Nicholas Mueller,0.2593966793892708,3837.761295729435,130,0.2841011250453919,3864.354217383876,130,0.2593966793892708,3837.761295729435,130,-0.02470444565612112,-26.592921654440943,0,0.02470444565612112,26.592921654440943,0,False
2025-04-06,250406.0,2025 USA Jigsaw Nationals Finals,21925075,Diana Jaffe,0.3815586498875264,3396.437982310913,63,0.4178975689244337,3380.413838531002,63,0.3815586498875264,3396.437982310913,63,-0.03633891903690728,16.0241437799109,0,0.03633891903690728,16.0241437799109,0,False
2025-04-06,250406.0,2025 USA Jigsaw Nationals Finals,21925090,Emma Pan,0.5406602471516115,2896.854904891704,13,0.5921516992612889,2839.8294827871346,13,0.5406602471516115,2896.854904891704,13,-0.051491452109677316,57.025422104569316,0,0.051491452109677316,57.025422104569316,0,False
2025-04-06,250406.0,2025 USA Jigsaw Nationals Finals,21925368,Betsey English,0.2577535025358835,3844.0726001339976,131,0.2823014551583486,3871.315041015378,131,0.2577535025358835,3844.0726001339976,131,-0.024547952622465063,-27.24244088138039,0,0.024547952622465063,27.24244088138039,0,False
2025-04-06,250406.0,2025 USA Jigsaw Nationals Finals,21926468,Meredith Yeager,0.2609173417716633,3831.9297914927206,128,0.2857666124165837,3857.923540828785,128,0.2609173417716633,3831.9297914927206,128,-0.024849270644920374,-25.99374933606441,0,0.024849270644920374,25.99374933606441,0,False
2025-04-06,250406.0,2025 USA Jigsaw Nationals Finals,21927536,Skye Vandeleest,0.3113069702783316,3643.624433735864,98,0.3409552531619821,3650.778582780251,98,0.3113069702783316,3643.624433735864,98,-0.029648282883650512,-7.154149044386941,0,0.029648282883650512,7.154149044386941,0,False
2025-04-06,250406.0,2025 USA Jigsaw Nationals Finals,21927541,Chloe Glikbarg,0.4211007128388443,3264.756454807914,45,0.4612055426330199,3237.13981158251,45,0.4211007128388443,3264.756454807914,45,-0.04010482979417557,27.616643225404005,0,0.04010482979417557,27.616643225404005,0,False
2025-04-06,250406.0,2025 USA Jigsaw Nationals Finals,21933322,Yasmeen Almog,0.2900869910027412,3721.768241454818,111,0.3177143234791927,3736.6197212175016,111,0.2900869910027412,3721.768241454818,111,-0.027627332476451494,-14.851479762683539,0,0.027627332476451494,14.851479762683539,0,False
2025-04-06,250406.0,2025 USA Jigsaw Nationals Finals,21933468,Laurie Marcey,0.196324589974728,4087.613445553959,176,0.2150221699723211,4140.73595268378,176,0.196324589974728,4087.613445553959,176,-0.01869757999759311,-53.12250712982086,0,0.01869757999759311,53.12250712982086,0,False
2025-04-06,250406.0,2025 USA Jigsaw Nationals Finals,21935409,Darya Leylian,0.2408572776200085,3909.57472640644,144,0.2637960659647712,3943.6222051971727,144,0.2408572776200085,3909.57472640644,144,-0.02293878834476268,-34.04747879073284,0,0.02293878834476268,34.04747879073284,0,False
2025-04-06,250406.0,2025 USA Jigsaw Nationals Finals,21936039,Caroline Orsi,0.3766377300778353,3413.192771938162,66,0.4125079900852482,3398.6820301317684,66,0.3766377300778353,3413.192771938162,66,-0.03587026000741289,14.510741806393526,0,0.03587026000741289,14.510741806393526,0,False
2025-04-06,250406.0,2025 USA Jigsaw Nationals Finals,21964658,Cosmo Smith,0.3695169106555155,3437.5842418809416,73,0.4047089973846122,3425.2919569115647,73,0.3695169106555155,3437.5842418809416,73,-0.03519208672909668,12.292284969376851,0,0.03519208672909668,12.292284969376851,0,False
2025-04-06,250406.0,2025 USA Jigsaw Nationals Finals,21968495,Jennifer Morrow,0.255169866236699,3854.0171266284337,133,0.2794717582592418,3882.285202979045,133,0.255169866236699,3854.0171266284337,133,-0.024301892022542793,-28.26807635061141,0,0.024301892022542793,28.26807635061141,0,False
2025-04-06,250406.0,2025 USA Jigsaw Nationals Finals,21968530,Alison Youngblood,0.1935814147730543,4098.841879130924,179,0.2120177399895357,4153.195211043452,179,0.1935814147730543,4098.841879130924,179,-0.018436325216481392,-54.35333191252812,0,0.018436325216481392,54.35333191252812,0,False
2025-04-06,250406.0,2025 USA Jigsaw Nationals Finals,21976246,Edith Lewis,0.4088395924976851,3305.032436339986,52,0.4477766965450836,3280.904057861618,52,0.4088395924976851,3305.032436339986,52,-0.03893710404739853,24.128378478367722,0,0.03893710404739853,24.128378478367722,0,False
2025-04-06,250406.0,2025 USA Jigsaw Nationals Finals,21988310,Ashley Bromiley,0.3027835980546657,3674.81312863996,102,0.3316201312027291,3685.0186148823313,102,0.3027835980546657,3674.81312863996,102,-0.028836533148063392,-10.205486242371535,0,0.028836533148063392,10.205486242371535,0,False
2025-04-06,250406.0,2025 USA Jigsaw Nationals Finals,22035202,Rebecca Streitz,0.3438116999210055,3527.093568678493,82,0.3765556713420537,3523.0956072683957,82,0.3438116999210055,3527.093568678493,82,-0.03274397142104818,3.997961410097105,0,0.03274397142104818,3.997961410097105,0,False
2025-04-06,250406.0,2025 USA Jigsaw Nationals Finals,22035203,Jessica Streitz,0.417916986807074,3275.167108461375,49,0.4577186045982239,3248.4472201750395,49,0.417916986807074,3275.167108461375,49,-0.03980161779114988,26.71988828633539,0,0.03980161779114988,26.71988828633539,0,False
2025-04-06,250406.0,2025 USA Jigsaw Nationals Finals,22048522,CHARESE GAINOR,0.2667713079751915,3809.563334114641,124,0.2921780992109239,3833.2676399457646,124,0.2667713079751915,3809.563334114641,124,-0.025406791235732418,-23.704305831123747,0,0.025406791235732418,23.704305831123747,0,False
2025-04-06,250406.0,2025 USA Jigsaw Nationals Finals,22060891,Kirsty Weitzel,0.2520795469672552,3865.945692064208,136,0.2760871228688985,3895.447585239446,136,0.2520795469672552,3865.945692064208,136,-0.02400757590164332,-29.501893175238365,0,0.02400757590164332,29.501893175238365,0,False
2025-04-06,250406.0,2025 USA Jigsaw Nationals Finals,22064748,Andrea Smith,0.2247505695383537,3973.05496169452,153,0.2461553856848636,4013.80762282518,153,0.2247505695383537,3973.05496169452,153,-0.02140481614650988,-40.75266113065982,0,0.02140481614650988,40.75266113065982,0,False
2025-04-06,250406.0,2025 USA Jigsaw Nationals Finals,22074241,Josh Nelson,0.2491710679100524,3877.20608151143,139,0.2729016458062479,3907.876229241447,139,0.2491710679100524,3877.20608151143,139,-0.02373057789619548,-30.670147730017106,0,0.02373057789619548,30.670147730017106,0,False
2025-04-06,250406.0,2025 USA Jigsaw Nationals Finals,22076476,Kylie Ledingham,0.473672804055226,3097.5549547853966,23,0.5187844996795332,3056.013255049531,23,0.473672804055226,3097.5549547853966,23,-0.045111695624307224,41.54169973586568,0,0.045111695624307224,41.54169973586568,0,False
2025-04-06,250406.0,2025 USA Jigsaw Nationals Finals,22077461,Jessica Musser,0.2087376192385193,4037.187397721568,166,0.2286173924993306,4084.8226639846266,166,0.2087376192385193,4037.187397721568,166,-0.019879773260811306,-47.63526626305884,0,0.019879773260811306,47.63526626305884,0,False
2025-04-06,250406.0,2025 USA Jigsaw Nationals Finals,22195550,Carmen Dueñas,0.2794356756804106,3761.621838381433,116,0.306048597173783,3780.465352518003,116,0.2794356756804106,3761.621838381433,116,-0.02661292149337241,-18.843514136569866,0,0.02661292149337241,18.843514136569866,0,False
2025-04-06,250406.0,2025 USA Jigsaw Nationals Finals,22195650,Sarah Meyer,0.3076804478272799,3656.862108402077,101,0.3369833476203542,3665.307966032052,101,0.3076804478272799,3656.862108402077,101,-0.029302899793074322,-8.445857629974853,0,0.029302899793074322,8.445857629974853,0,False
2025-04-06,250406.0,2025 USA Jigsaw Nationals Finals,22207268,Sarah Proctor,0.1497382630948699,4282.545676386116,194,0.1639990500562861,4357.491981734122,194,0.1497382630948699,4282.545676386116,194,-0.014260786961416194,-74.94630534800672,0,0.014260786961416194,74.94630534800672,0,False
2025-04-06,250406.0,2025 USA Jigsaw Nationals Finals,22251076,Jessica Henderson,0.1691689170650928,4200.136240644183,189,0.1852802424998636,4265.739124205333,189,0.1691689170650928,4200.136240644183,189,-0.016111325434770812,-65.60288356114961,0,0.016111325434770812,65.60288356114961,0,False
2025-04-06,250406.0,2025 USA Jigsaw Nationals Finals,22323970,Karen Gwilliam,0.2721528423441215,3789.117103492993,120,0.2980721606626093,3810.7405780743943,120,0.2721528423441215,3789.117103492993,120,-0.02591931831848776,-21.623474581401297,0,0.02591931831848776,21.623474581401297,0,False
2025-04-06,250406.0,2025 USA Jigsaw Nationals Finals,22324939,Lindsey Anderson,0.1803968520451627,4153.241144230948,186,0.1975775046208924,4213.603432196797,186,0.1803968520451627,4153.241144230948,186,-0.017180652575729705,-60.362287965849646,0,0.017180652575729705,60.362287965849646,0,False
2025-04-06,250406.0,2025 USA Jigsaw Nationals Finals,22363662,Sam Zucker,0.3893572697904245,3370.053468582067,59,0.4264389145323697,3351.663513657595,59,0.3893572697904245,3370.053468582067,59,-0.0370816447419452,18.389954924472022,0,0.0370816447419452,18.389954924472022,0,False
2025-04-06,250406.0,2025 USA Jigsaw Nationals Finals,22389912,Tazia Statucki,0.2286566757350249,3957.566057435093,150,0.2504335019955035,3996.672765556284,150,0.2286566757350249,3957.566057435093,150,-0.02177682626047861,-39.10670812119088,0,0.02177682626047861,39.10670812119088,0,False
2025-04-06,250406.0,2025 USA Jigsaw Nationals Finals,22392412,Elizabeth Alvarez,0.2077825777175945,4041.0449210684233,167,0.2275713946430797,4089.097615139417,167,0.2077825777175945,4041.0449210684233,167,-0.019788816925485203,-48.052694070993766,0,0.019788816925485203,48.052694070993766,0,False
2025-04-06,250406.0,2025 USA Jigsaw Nationals Finals,22408132,Jen Lunsford,0.4224053351974308,3260.4999577060075,44,0.4626344147400433,3232.517655820343,44,0.4224053351974308,3260.4999577060075,44,-0.04022907954261251,27.982301885664583,0,0.04022907954261251,27.982301885664583,0,False
2025-04-06,250406.0,2025 USA Jigsaw Nationals Finals,22423946,Jennifer Sipple,0.4686418563851701,3113.1778577197447,26,0.5132744141361386,3072.898626706299,26,0.4686418563851701,3113.1778577197447,26,-0.04463255775096853,40.2792310134455,0,0.04463255775096853,40.2792310134455,0,False
2025-04-06,250406.0,2025 USA Jigsaw Nationals Finals,22438220,Maria Grant,0.3435399137939847,3528.052314060109,83,0.3762580008219832,3524.144485072328,83,0.3435399137939847,3528.052314060109,83,-0.0327180870279985,3.9078289877811585,0,0.0327180870279985,3.9078289877811585,0,False
2025-04-06,250406.0,2025 USA Jigsaw Nationals Finals,22447425,Kevin Erickson,0.2508807916566655,3870.582793812896,138,0.2747742003858717,3900.5653648443536,138,0.2508807916566655,3870.582793812896,138,-0.0238934087292062,-29.98257103145761,0,0.0238934087292062,29.98257103145761,0,False
2025-04-06,250406.0,2025 USA Jigsaw Nationals Finals,22465006,Calie Curran,0.3859523112314494,3381.547918942384,62,0.4227096742058732,3364.18600757546,62,0.3859523112314494,3381.547918942384,62,-0.03675736297442378,17.361911366924232,0,0.03675736297442378,17.361911366924232,0,False
2025-04-06,250406.0,2025 USA Jigsaw Nationals Finals,22477088,Samantha Saake,0.397421925021162,3342.984447122481,57,0.4352716321660345,3322.189575347579,57,0.397421925021162,3342.984447122481,57,-0.03784970714487246,20.79487177490182,0,0.03784970714487246,20.79487177490182,0,False
2025-04-06,250406.0,2025 USA Jigsaw Nationals Finals,22555702,Rose Robbins,0.2629548252154502,3824.1302464050023,126,0.2879981419026359,3849.324069248273,126,0.2629548252154502,3824.1302464050023,126,-0.02504331668718568,-25.193822843270937,0,0.02504331668718568,25.193822843270937,0,False
2025-04-06,250406.0,2025 USA Jigsaw Nationals Finals,22561030,Allie Arendell,0.4258335432255207,3249.3414233923595,42,0.4663891187708083,3220.4032659549302,42,0.4258335432255207,3249.3414233923595,42,-0.0405555755452876,28.938157437429254,0,0.0405555755452876,28.938157437429254,0,False
2025-04-06,250406.0,2025 USA Jigsaw Nationals Finals,22607906,Jason Pipkin,0.3770030190257562,3411.946198035148,65,0.4129080684567806,3397.3225629246435,65,0.3770030190257562,3411.946198035148,65,-0.03590504943102435,14.623635110504438,0,0.03590504943102435,14.623635110504438,0,False
2025-04-06,250406.0,2025 USA Jigsaw Nationals Finals,22609934,Christine Parsons,0.2697989944047663,3798.0466142113246,122,0.2954941367290297,3820.577432864729,122,0.2697989944047663,3798.0466142113246,122,-0.025695142324263398,-22.530818653404367,0,0.025695142324263398,22.530818653404367,0,False
2025-04-06,250406.0,2025 USA Jigsaw Nationals Finals,22623572,Melissa Harlow,0.3883544266191971,3373.4347988783265,60,0.4253405624876921,3355.346842556513,60,0.3883544266191971,3373.4347988783265,60,-0.036986135868494974,18.087956321813635,0,0.036986135868494974,18.087956321813635,0,False
2025-04-06,250406.0,2025 USA Jigsaw Nationals Finals,22640026,Leslie Richardson,0.3619433307397696,3463.7178986059585,75,0.3964141241435571,3453.822484476032,75,0.3619433307397696,3463.7178986059585,75,-0.0344707934037875,9.895414129926394,0,0.0344707934037875,9.895414129926394,0,False
2025-04-06,250406.0,2025 USA Jigsaw Nationals Finals,22641588,Davey Black,0.1613203936216516,4233.230810263871,191,0.1766842406332375,4302.565478623375,191,0.1613203936216516,4233.230810263871,191,-0.015363847011585913,-69.33466835950458,0,0.015363847011585913,69.33466835950458,0,False
2025-04-06,250406.0,2025 USA Jigsaw Nationals Finals,22676681,Sarah Hauge,0.2445715350253585,3895.0804938456095,141,0.2678640621706307,3927.6121515265286,141,0.2445715350253585,3895.0804938456095,141,-0.02329252714527219,-32.531657680919125,0,0.02329252714527219,32.531657680919125,0,False
2025-04-06,250406.0,2025 USA Jigsaw Nationals Finals,22703189,Beatrice Endler,0.5145495407589413,2973.489976804735,20,0.5635542589264595,2922.2137115130017,20,0.5145495407589413,2973.489976804735,20,-0.04900471816751817,51.276265291733125,0,0.04900471816751817,51.276265291733125,0,False
2025-04-06,250406.0,2025 USA Jigsaw Nationals Finals,22704198,Sarah Goodman,0.2037487283455024,4057.378809660326,169,0.2231533691403122,4107.203318966685,169,0.2037487283455024,4057.378809660326,169,-0.019404640794809802,-49.82450930635923,0,0.019404640794809802,49.82450930635923,0,False
2025-04-06,250406.0,2025 USA Jigsaw Nationals Finals,22726143,Peyton Durkin,0.4500250581916724,3171.678115786306,33,0.4928845875432602,3136.197631704684,33,0.4500250581916724,3171.678115786306,33,-0.04285952935158782,35.48048408162185,0,0.04285952935158782,35.48048408162185,0,False
2025-04-06,250406.0,2025 USA Jigsaw Nationals Finals,22732244,Amber Whitear,0.3432405569005434,3529.1086189389293,84,0.3759301337482141,3525.300125450045,84,0.3432405569005434,3529.1086189389293,84,-0.03268957684767071,3.8084934888843236,0,0.03268957684767071,3.8084934888843236,0,False
2025-04-06,250406.0,2025 USA Jigsaw Nationals Finals,22736994,Brooke Ouro-Djobo,0.2877626660193585,3730.428901556029,112,0.3151686342116783,3746.144111864516,112,0.2877626660193585,3730.428901556029,112,-0.027405968192319774,-15.715210308487258,0,0.027405968192319774,15.715210308487258,0,False
2025-04-06,250406.0,2025 USA Jigsaw Nationals Finals,22814742,Grayson Shannon,0.6738319748168008,2535.6598657973545,3,0.738006448608877,2454.417003062262,3,0.6738319748168008,2535.6598657973545,3,-0.06417447379207619,81.24286273509233,0,0.06417447379207619,81.24286273509233,0,False
2025-04-06,250406.0,2025 USA Jigsaw Nationals Finals,22819700,Kristin Blair,0.1966387128044212,4086.3296344994815,175,0.2153662092619851,4139.311621854868,175,0.1966387128044212,4086.3296344994815,175,-0.018727496457563914,-52.98198735538608,0,0.018727496457563914,52.98198735538608,0,False
2025-04-06,250406.0,2025 USA Jigsaw Nationals Finals,22857066,Nathan Biberdorf,0.375149262993185,3418.276979932197,68,0.4108777642306312,3404.227168134502,68,0.375149262993185,3418.276979932197,68,-0.0357285012374462,14.049811797694929,0,0.0357285012374462,14.049811797694929,0,False
2025-04-06,250406.0,2025 USA Jigsaw Nationals Finals,22858691,Chelsea Suedkamp,0.336604793180108,3552.6048212835053,89,0.3686623925305944,3551.014423723175,89,0.336604793180108,3552.6048212835053,89,-0.03205759935048641,1.5903975603305298,0,0.03205759935048641,1.5903975603305298,0,False
2025-04-06,250406.0,2025 USA Jigsaw Nationals Finals,22860511,Lydia Utkin,0.3000900643967542,3684.7247040770326,104,0.3286700705297784,3695.9056942538136,104,0.3000900643967542,3684.7247040770326,104,-0.02858000613302425,-11.180990176781052,0,0.02858000613302425,11.180990176781052,0,False
2025-04-06,250406.0,2025 USA Jigsaw Nationals Finals,22861788,Xin Li Phuah,0.2940082393917488,3707.202839676245,109,0.3220090240957249,3720.6064688723695,109,0.2940082393917488,3707.202839676245,109,-0.0280007847039761,-13.403629196124712,0,0.0280007847039761,13.403629196124712,0,False
2025-04-06,250406.0,2025 USA Jigsaw Nationals Finals,22861861,Jane Stine,0.3762119657827635,3414.6462969602203,67,0.4120416768096934,3400.267250257682,67,0.3762119657827635,3414.6462969602203,67,-0.03582971102692989,14.37904670253829,0,0.03582971102692989,14.37904670253829,0,False
2025-04-06,250406.0,2025 USA Jigsaw Nationals Finals,22861870,Jenna Wyly,0.1566960870081934,4252.851899497313,192,0.1716195238661166,4324.412030744558,192,0.1566960870081934,4252.851899497313,192,-0.014923436857923189,-71.56013124724541,0,0.014923436857923189,71.56013124724541,0,False
2025-04-06,250406.0,2025 USA Jigsaw Nationals Finals,22861932,Trish Doty,0.2275784263960722,3961.835601823436,152,0.2492525622433172,4001.395383316281,152,0.2275784263960722,3961.835601823436,152,-0.021674135847245007,-39.559781492845104,0,0.021674135847245007,39.559781492845104,0,False
2025-04-06,250406.0,2025 USA Jigsaw Nationals Finals,22862046,Emma Williamson,0.5354247993218108,2912.0610082640696,15,0.5864176373524593,2856.1600162519903,15,0.5354247993218108,2912.0610082640696,15,-0.05099283803064858,55.900992012079314,0,0.05099283803064858,55.900992012079314,0,False
2025-04-06,250406.0,2025 USA Jigsaw Nationals Finals,22862138,Michelle Bone,0.3000900643967542,3684.7247040770326,105,0.3286700705297784,3695.9056942538136,105,0.3000900643967542,3684.7247040770326,105,-0.02858000613302425,-11.180990176781052,0,0.02858000613302425,11.180990176781052,0,False
2025-04-06,250406.0,2025 USA Jigsaw Nationals Finals,22862145,Katie Ruberg,0.2917727528291814,3715.4995119035407,110,0.3195606340510082,3729.7271256174167,110,0.2917727528291814,3715.4995119035407,110,-0.027787881221826793,-14.227613713876053,0,0.027787881221826793,14.227613713876053,0,False
2025-04-06,250406.0,2025 USA Jigsaw Nationals Finals,22862266,Kaitlyn McCluskie,0.4126860279503536,3292.344260173475,51,0.4519894591837206,3267.1114606932456,51,0.4126860279503536,3292.344260173475,51,-0.03930343123336699,25.23279948022946,0,0.03930343123336699,25.23279948022946,0,False
2025-04-06,250406.0,2025 USA Jigsaw Nationals Finals,22870980,Annabelle Platt,0.3746320149190528,3420.0455344682005,69,0.410311254435153,3406.156242539463,69,0.3746320149190528,3420.0455344682005,69,-0.03567923951610019,13.889291928737293,0,0.03567923951610019,13.889291928737293,0,False
2025-04-06,250406.0,2025 USA Jigsaw Nationals Finals,22871519,Grace Byrnes,0.2737699713452272,3782.9945641385793,119,0.2998433019495345,3803.997191610697,119,0.2737699713452272,3782.9945641385793,119,-0.026073330604307332,-21.002627472117638,0,0.026073330604307332,21.002627472117638,0,False
2025-04-06,250406.0,2025 USA Jigsaw Nationals Finals,22871573,Carley Lauer,0.2008356093148222,4069.215669805811,171,0.2199628102019481,4120.3285204579815,171,0.2008356093148222,4069.215669805811,171,-0.01912720088712591,-51.11285065217044,0,0.01912720088712591,51.11285065217044,0,False
2025-04-06,250406.0,2025 USA Jigsaw Nationals Finals,23149275,Lori Eich,0.1370733295852967,4337.128748524706,195,0.150127932402944,4418.356418672322,195,0.1370733295852967,4337.128748524706,195,-0.01305460281764731,-81.22767014761666,0,0.01305460281764731,81.22767014761666,0,False
2025-04-06,250406.0,2025 USA Jigsaw Nationals Finals,23740970,Rebecca Widmayer,0.202829471843871,4061.110296344612,170,0.2221465644004301,4111.34055307986,170,0.202829471843871,4061.110296344612,170,-0.019317092556559085,-50.230256735248076,0,0.019317092556559085,50.230256735248076,0,False
2025-04-06,250406.0,2025 USA Jigsaw Nationals Finals,23741633,Kim Knaub,0.4493797407465525,3173.725515545067,34,0.4921778112938433,3138.4150052054115,34,0.4493797407465525,3173.725515545067,34,-0.04279807054729079,35.31051033965559,0,0.04279807054729079,35.31051033965559,0,False
2025-04-06,250406.0,2025 USA Jigsaw Nationals Finals,23741737,Christopher Nammour,0.3391660276546884,3543.517409804182,88,0.371467554097992,3541.067212826158,88,0.3391660276546884,3543.517409804182,88,-0.032301526443303585,2.450196978023996,0,0.032301526443303585,2.450196978023996,0,False
2025-04-06,250406.0,2025 USA Jigsaw Nationals Finals,23742868,Katie Erickson,0.3524423768958476,3496.783350425446,79,0.386008317552595,3489.949934887936,79,0.3524423768958476,3496.783350425446,79,-0.033565940656747395,6.833415537510064,0,0.033565940656747395,6.833415537510064,0,False
2025-04-06,250406.0,2025 USA Jigsaw Nationals Finals,23744904,Brenna Kitchen,0.1824771924685263,4144.609969794013,185,0.1998559727036241,4204.013800247056,185,0.1824771924685263,4144.609969794013,185,-0.017378780235097785,-59.403830453043156,0,0.017378780235097785,59.403830453043156,0,False
2025-04-06,250406.0,2025 USA Jigsaw Nationals Finals,23750128,Jasmine Lambert,0.4135926120992573,3289.360825626041,50,0.4529823846801389,3263.86907241567,50,0.4135926120992573,3289.360825626041,50,-0.03938977258088161,25.491753210370916,0,0.03938977258088161,25.491753210370916,0,False
2025-04-06,250406.0,2025 USA Jigsaw Nationals Finals,23750482,Amber Spires,0.242564452688173,3902.906091789387,143,0.2656658291346657,3936.255454827368,143,0.242564452688173,3902.906091789387,143,-0.023101376446492683,-33.349363037980766,0,0.023101376446492683,33.349363037980766,0,False
2025-04-06,250406.0,2025 USA Jigsaw Nationals Finals,23751429,Kerry Nicholson,0.3252326014480428,3593.2363211689035,94,0.3562071349192849,3595.5198108282,94,0.3252326014480428,3593.2363211689035,94,-0.030974533471242127,-2.2834896592967198,0,0.030974533471242127,2.2834896592967198,0,False
2025-04-06,250406.0,2025 USA Jigsaw Nationals Finals,23751470,Katherine Sydor,0.2639857306518045,3820.189961124385,125,0.2891272288091192,3844.980300550517,125,0.2639857306518045,3820.189961124385,125,-0.0251414981573147,-24.79033942613205,0,0.0251414981573147,24.79033942613205,0,False
2025-04-06,250406.0,2025 USA Jigsaw Nationals Finals,23758655,Hannah Doyle,0.5343842881072246,2915.0926173388293,16,0.5852780298317222,2859.4167730467466,16,0.5343842881072246,2915.0926173388293,16,-0.050893741724497565,55.67584429208273,0,0.050893741724497565,55.67584429208273,0,False
2025-04-06,250406.0,2025 USA Jigsaw Nationals Finals,23763793,Michael Ha,0.2164159491935381,4006.307246502647,160,0.237026991973875,4050.6149795195593,160,0.2164159491935381,4006.307246502647,160,-0.020611042780336902,-44.30773301691215,0,0.020611042780336902,44.30773301691215,0,False
2025-04-06,250406.0,2025 USA Jigsaw Nationals Finals,23764010,Tyler Heathcote,0.1316573884883215,4360.682106583607,196,0.1441961873919711,4444.642867495988,196,0.1316573884883215,4360.682106583607,196,-0.01253879890364959,-83.96076091238137,0,0.01253879890364959,83.96076091238137,0,False
2025-04-06,250406.0,2025 USA Jigsaw Nationals Finals,23764075,Katie Luscher,0.3715412132180811,3430.632569808742,71,0.4069260906674222,3417.706177419934,71,0.3715412132180811,3430.632569808742,71,-0.0353848774493411,12.926392388807926,0,0.0353848774493411,12.926392388807926,0,False
2025-04-06,250406.0,2025 USA Jigsaw Nationals Finals,23764484,Ariana Murphy,0.2279670918627312,3960.296072340774,151,0.2496782434687056,3999.6924269102456,151,0.2279670918627312,3960.296072340774,151,-0.021711151605974394,-39.39635456947144,0,0.021711151605974394,39.39635456947144,0,False
2025-04-06,250406.0,2025 USA Jigsaw Nationals Finals,23764523,Aubrey Barrow,0.4350910392182767,3219.399465800668,40,0.4765282810485888,3187.9160495348824,40,0.4350910392182767,3219.399465800668,40,-0.04143724183031211,31.483416265785763,0,0.04143724183031211,31.483416265785763,0,False
2025-04-06,250406.0,2025 USA Jigsaw Nationals Finals,23764765,Timothy Miller,0.2056375617041748,4049.72233039892,168,0.2252220913902867,4098.715438636092,168,0.2056375617041748,4049.72233039892,168,-0.019584529686111907,-48.99310823717178,0,0.019584529686111907,48.99310823717178,0,False
2025-04-06,250406.0,2025 USA Jigsaw Nationals Finals,23764984,Helen Hu,0.2575893296809493,3844.7037443142954,132,0.2821216467934206,3872.011198428612,132,0.2575893296809493,3844.7037443142954,132,-0.024532317112471336,-27.307454114316442,0,0.024532317112471336,27.307454114316442,0,False
2025-04-06,250406.0,2025 USA Jigsaw Nationals Finals,23764995,Tara Griffitts,0.2606637132975325,3832.901801258178,129,0.2854888288496784,3858.995357450437,129,0.2606637132975325,3832.901801258178,129,-0.024825115552145893,-26.093556192259257,0,0.024825115552145893,26.093556192259257,0,False
2025-04-06,250406.0,2025 USA Jigsaw Nationals Finals,23765024,David Telintelo,0.1534387437522749,4266.72748445344,193,0.1680519574429678,4339.867210202767,193,0.1534387437522749,4266.72748445344,193,-0.014613213690692906,-73.13972574932632,0,0.014613213690692906,73.13972574932632,0,False
2025-04-06,250406.0,2025 USA Jigsaw Nationals Finals,23765860,Kate Yee,0.296383020705864,3698.4094889200496,108,0.3246099750588034,3710.941927840908,108,0.296383020705864,3698.4094889200496,108,-0.028226954352939426,-12.532438920858567,0,0.028226954352939426,12.532438920858567,0,False
2025-04-06,250406.0,2025 USA Jigsaw Nationals Finals,23765935,Jolanta Starr,0.1874988783628008,4123.849211003772,182,0.2053559143973532,4180.95543741665,182,0.1874988783628008,4123.849211003772,182,-0.01785703603455241,-57.10622641287773,0,0.01785703603455241,57.10622641287773,0,False
2025-04-06,250406.0,2025 USA Jigsaw Nationals Finals,23766346,Robyn Curtis,0.2670267244015812,3808.590433314449,123,0.2924578410112556,3832.195464728116,123,0.2670267244015812,3808.590433314449,123,-0.025431116609674398,-23.605031413666893,0,0.025431116609674398,23.605031413666893,0,False
2025-04-06,250406.0,2025 USA Jigsaw Nationals Finals,23766491,Maggie Kirkland,0.2001895727194365,4071.845381396523,173,0.2192552463117637,4123.244947792416,173,0.2001895727194365,4071.845381396523,173,-0.01906567359232722,-51.399566395892634,0,0.01906567359232722,51.399566395892634,0,False
2025-04-06,250406.0,2025 USA Jigsaw Nationals Finals,23769192,Angela Harrow,0.3262180408529224,3589.6971486134357,93,0.3572864256960579,3591.6412928594973,93,0.3262180408529224,3589.6971486134357,93,-0.03106838484313551,-1.944144246061569,0,0.03106838484313551,1.944144246061569,0,False
2025-04-06,250406.0,2025 USA Jigsaw Nationals Finals,23786677,Danika Dorris,0.2107476064369807,4029.0808524896665,164,0.2308188070500265,4075.840166662874,164,0.2107476064369807,4029.0808524896665,164,-0.020071200613045792,-46.75931417320726,0,0.020071200613045792,46.75931417320726,0,False
2025-04-06,250406.0,2025 USA Jigsaw Nationals Finals,23820090,Matthew Swanson,0.2792528594877073,3762.309586628158,118,0.305848369915108,3781.222380518346,118,0.2792528594877073,3762.309586628158,118,-0.026595510427400715,-18.912793890188368,0,0.026595510427400715,18.912793890188368,0,False
2025-04-06,250406.0,2025 USA Jigsaw Nationals Finals,23838242,Rose Barrett,0.4248522315496618,3252.531605095255,43,0.4653143488401058,3223.866319209308,43,0.4248522315496618,3252.531605095255,43,-0.04046211729044402,28.665285885947014,0,0.04046211729044402,28.665285885947014,0,False
2025-04-06,250406.0,2025 USA Jigsaw Nationals Finals,23888265,Feifei Xue,0.169575177524668,4198.430237928967,188,0.1857251944317793,4263.841497548606,188,0.169575177524668,4198.430237928967,188,-0.016150016907111292,-65.41125961963917,0,0.016150016907111292,65.41125961963917,0,False
2025-04-06,250406.0,2025 USA Jigsaw Nationals Finals,24184814,Alexandra Michonski,0.1826407521826165,4143.932134007167,184,0.2000351095333419,4203.260773992169,184,0.1826407521826165,4143.932134007167,184,-0.017394357350725392,-59.328639985001246,0,0.017394357350725392,59.328639985001246,0,False
2025-04-06,250406.0,2025 USA Jigsaw Nationals Finals,24191389,Bethany Litus,0.2209392247039595,3988.226537888187,156,0.2419810556281461,4030.597599699094,156,0.2209392247039595,3988.226537888187,156,-0.0210418309241866,-42.37106181090712,0,0.0210418309241866,42.37106181090712,0,False
2025-04-06,250406.0,2025 USA Jigsaw Nationals Finals,24713127,Nhi Nguyen,0.2371469951424742,3924.107296306651,145,0.2597324232512813,3959.6802818817328,145,0.2371469951424742,3924.107296306651,145,-0.02258542810880712,-35.57298557508193,0,0.02258542810880712,35.57298557508193,0,False
2025-04-06,250406.0,2025 USA Jigsaw Nationals Finals,24719281,Caitlyn McMahan,0.2824224329566767,3750.40354847918,114,0.3093198075239792,3768.118860124936,114,0.2824224329566767,3750.40354847918,114,-0.026897374567302512,-17.715311645756174,0,0.026897374567302512,17.715311645756174,0,False
2025-04-06,250406.0,2025 USA Jigsaw Nationals Finals,24728793,Jamie Marsigit,0.2708845940681045,3793.925693325478,121,0.2966831268364954,3816.037503592585,121,0.2708845940681045,3793.925693325478,121,-0.02579853276839089,-22.111810267107103,0,0.02579853276839089,22.111810267107103,0,False
2025-04-12,250412.0,SDPC 319,17593434,Jonathan Cluff,0.1329500672541103,4094.4034620348734,40,0.1456119784211685,4071.708597754825,40,0.1329500672541103,4094.4034620348734,40,-0.012661911167058199,22.694864280048478,0,0.012661911167058199,22.694864280048478,0,False
2025-04-12,250412.0,SDPC 319,17731928,Kara Taylor,0.172430196505223,3935.905236176769,35,0.1962504892334556,3870.656780778034,35,0.172430196505223,3935.905236176769,35,-0.023820292728232578,65.24845539873513,0,0.023820292728232578,65.24845539873513,0,False
2025-04-12,250412.0,SDPC 319,17915498,Melynda Owens,0.2653629627400903,3586.6124023354573,24,0.2929146196728091,3514.017862528068,24,0.2653629627400903,3586.6124023354573,24,-0.02755165693271877,72.59453980738954,0,0.02755165693271877,72.59453980738954,0,False
2025-04-12,250412.0,SDPC 319,18282851,Michelle Kaufman,0.0951353507875343,4252.196820976227,42,0.104195860386347,4243.88376493854,42,0.0951353507875343,4252.196820976227,42,-0.009060509598812702,8.313056037687602,0,0.009060509598812702,8.313056037687602,0,False
2025-04-12,250412.0,SDPC 319,18624739,Katherine Dilks,0.4673528379301024,2930.632474389758,5,0.5055579018448197,2840.888316673675,5,0.4673528379301024,2930.632474389758,5,-0.03820506391471734,89.74415771608301,0,0.03820506391471734,89.74415771608301,0,False
2025-04-12,250412.0,SDPC 319,19548766,Lindsay Steenstra,0.1439771501330596,4049.502155917224,37,0.1657297083376543,3990.613523357456,37,0.1439771501330596,4049.502155917224,37,-0.021752558204594707,58.88863255976821,0,0.021752558204594707,58.88863255976821,0,False
2025-04-12,250412.0,SDPC 319,19573602,Isabel Urrutia,0.0276790118057497,4548.930213585616,48,0.0303151081682021,4569.2980086795,48,0.0276790118057497,4548.930213585616,48,-0.002636096362452399,-20.367795093883615,0,0.002636096362452399,20.367795093883615,0,False
2025-04-12,250412.0,SDPC 319,20321851,Ann Marie Greenleaf,-0.1179781537261997,5262.2003299365415,62,-0.1292141683667901,5359.597403841103,62,-0.1179781537261997,5262.2003299365415,62,0.011236014640590389,-97.3970739045617,0,0.011236014640590389,97.3970739045617,0,False
2025-04-12,250412.0,SDPC 319,20453946,Sammy Brownlow,0.4075617242877758,3111.202710116528,14,0.4428539786802701,3024.726620441114,14,0.4075617242877758,3111.202710116528,14,-0.03529225439249428,86.47608967541419,0,0.03529225439249428,86.47608967541419,0,False
2025-04-12,250412.0,SDPC 319,20527721,Alexx Cisotto,0.2356388257268178,3694.821606395112,28,0.2626531628100192,3621.982507231096,28,0.2356388257268178,3694.821606395112,28,-0.027014337083201417,72.83909916401626,0,0.027014337083201417,72.83909916401626,0,False
2025-04-12,250412.0,SDPC 319,20531734,Norah Molina,0.0610528849957409,4399.620178962263,45,0.0782019669900082,4355.6450902386,45,0.0610528849957409,4399.620178962263,45,-0.017149081994267297,43.97508872366325,0,0.017149081994267297,43.97508872366325,0,False
2025-04-12,250412.0,SDPC 319,20533269,Elizaveta Gallagher,0.3121504784235659,3422.668879306524,20,0.3426330129217063,3343.5786308086845,20,0.3121504784235659,3422.668879306524,20,-0.030482534498140368,79.09024849783964,0,0.030482534498140368,79.09024849783964,0,False
2025-04-12,250412.0,SDPC 319,20543806,Ben Scofield,0.055918194819635,4422.268962956793,47,0.0612437371834097,4430.138977618404,47,0.055918194819635,4422.268962956793,47,-0.0053255423637746935,-7.870014661611094,0,0.0053255423637746935,7.870014661611094,0,False
2025-04-12,250412.0,SDPC 319,20720301,Melissa Martin,-0.0004746917155143,4678.819296121661,51,-0.0005199004503251,4712.387091489998,51,-0.0004746917155143,4678.819296121661,51,4.520873481080002e-05,-33.5677953683371,0,4.520873481080002e-05,33.5677953683371,0,False
2025-04-12,250412.0,SDPC 319,20736847,Stephanie Vargas,-0.3198201727309146,6439.116053754886,68,-0.3502792368005255,6685.586426685984,68,-0.3198201727309146,6439.116053754886,68,0.030459064069610853,-246.4703729310986,0,0.030459064069610853,246.4703729310986,0,False
2025-04-12,250412.0,SDPC 319,20755407,Carrie Campbell,0.0748611630294589,4339.286510961005,44,0.081990797603693,4339.173512491816,44,0.0748611630294589,4339.286510961005,44,-0.0071296345742341005,0.11299846918882395,0,0.0071296345742341005,0.11299846918882395,0,False
2025-04-12,250412.0,SDPC 319,20860009,Andrea Heistand,0.5002252432334008,2835.861740791101,3,0.5404005981832659,2743.6086913132035,3,0.5002252432334008,2835.861740791101,3,-0.04017535494986513,92.25304947789755,0,0.04017535494986513,92.25304947789755,0,False
2025-04-12,250412.0,SDPC 319,21169710,Rachel Shields,-0.1447957771590695,5405.22931360374,64,-0.158585851174219,5519.352451216529,64,-0.1447957771590695,5405.22931360374,64,0.013790074015149506,-114.12313761278892,0,0.013790074015149506,114.12313761278892,0,False
2025-04-12,250412.0,SDPC 319,21173211,Natalie Hinkley,-0.1713394107987236,5550.624866778817,65,-0.1876574499224116,5682.163980122775,65,-0.1713394107987236,5550.624866778817,65,0.016318039123687983,-131.53911334395798,0,0.016318039123687983,131.53911334395798,0,False
2025-04-12,250412.0,SDPC 319,21181439,Chelsea Widmaier,0.2593144260850978,3608.3718991363753,26,0.2874280367985747,3533.350800136959,26,0.2593144260850978,3608.3718991363753,26,-0.0281136107134769,75.02109899941615,0,0.0281136107134769,75.02109899941615,0,False
2025-04-12,250412.0,SDPC 319,21187349,Alison Filley,0.2221836347394756,3744.8721011544335,31,0.2484602747016765,3673.755434283316,31,0.2221836347394756,3744.8721011544335,31,-0.026276639962200893,71.11666687111756,0,0.026276639962200893,71.11666687111756,0,False
2025-04-12,250412.0,SDPC 319,21198876,Angie Gazdic,0.3026718902204408,3455.265187613613,21,0.3328708486422351,3376.379035665225,21,0.3026718902204408,3455.265187613613,21,-0.03019895842179432,78.88615194838803,0,0.03019895842179432,78.88615194838803,0,False
2025-04-12,250412.0,SDPC 319,21394027,Elizabeth Tashiro,0.2277014966745167,3724.2653189097455,30,0.2542838839735376,3652.423093970562,30,0.2277014966745167,3724.2653189097455,30,-0.026582387299020932,71.84222493918332,0,0.026582387299020932,71.84222493918332,0,False
2025-04-12,250412.0,SDPC 319,21428556,Caryn Knill,0.5122886688246454,2801.8570525871546,2,0.5527341664830305,2709.978025502922,2,0.5122886688246454,2801.8570525871546,2,-0.04044549765838512,91.8790270842328,0,0.04044549765838512,91.8790270842328,0,False
2025-04-12,250412.0,SDPC 319,21550393,Sarah Eggerichs,0.1700592765694847,3945.248023490228,36,0.193767538630378,3880.279371631414,36,0.1700592765694847,3945.248023490228,36,-0.023708262060893298,64.96865185881416,0,0.023708262060893298,64.96865185881416,0,False
2025-04-12,250412.0,SDPC 319,21552466,Juli Logsdon,-0.078163892217947,5056.805659941804,59,-0.08560807242918,5130.908633817937,59,-0.078163892217947,5056.805659941804,59,0.007444180211232998,-74.10297387613264,0,0.007444180211232998,74.10297387613264,0,False
2025-04-12,250412.0,SDPC 319,21594891,Kinsey Keltz,0.1896363712806943,3868.762652764974,34,0.2141368696803522,3802.040221284331,34,0.1896363712806943,3868.762652764974,34,-0.0245004983996579,66.72243148064308,0,0.0245004983996579,66.72243148064308,0,False
2025-04-12,250412.0,SDPC 319,21606421,Robin Patrick,-0.0561072546349048,4946.490592184206,55,-0.061450802695372,5008.445038509824,55,-0.0561072546349048,4946.490592184206,55,0.005343548060467204,-61.95444632561794,0,0.005343548060467204,61.95444632561794,0,False
2025-04-12,250412.0,SDPC 319,21617866,Margaret Long,0.4431743909776561,3002.3541819675875,9,0.4801480821138014,2913.9997167138768,9,0.4431743909776561,3002.3541819675875,9,-0.03697369113614529,88.35446525371071,0,0.03697369113614529,88.35446525371071,0,False
2025-04-12,250412.0,SDPC 319,21856865,Aloysia Larson,0.4238843157855616,3060.832027587177,11,0.4600273586541151,2973.225332212366,11,0.4238843157855616,3060.832027587177,11,-0.036143042868553465,87.6066953748109,0,0.036143042868553465,87.6066953748109,0,False
2025-04-12,250412.0,SDPC 319,21858254,Kara Bingham,0.2279511877737917,3723.335519094472,29,0.2544685590110636,3651.7486448774903,29,0.2279511877737917,3723.335519094472,29,-0.02651737123727188,71.58687421698187,0,0.02651737123727188,71.58687421698187,0,False
2025-04-12,250412.0,SDPC 319,21892775,Andrea Reynolds,0.33473092925928,3346.2495118460333,17,0.3664925620927141,3264.746540869148,17,0.33473092925928,3346.2495118460333,17,-0.031761632833434084,81.50297097688554,0,0.031761632833434084,81.50297097688554,0,False
2025-04-12,250412.0,SDPC 319,21916024,Emmie Lee,0.2040103062086968,3813.551064632061,33,0.2294352432938694,3744.317844503925,33,0.2040103062086968,3813.551064632061,33,-0.0254249370851726,69.23322012813605,0,0.0254249370851726,69.23322012813605,0,False
2025-04-12,250412.0,SDPC 319,21922205,Maria Seitz,0.209791260764403,3791.5686999769214,32,0.2354406953703598,3721.898908431757,32,0.209791260764403,3791.5686999769214,32,-0.02564943460595681,69.66979154516457,0,0.02564943460595681,69.66979154516457,0,False
2025-04-12,250412.0,SDPC 319,21925467,Ameenah Saafir,-0.0737206286874495,5034.386783144886,58,-0.0807416409433971,5106.000075545119,58,-0.0737206286874495,5034.386783144886,58,0.0070210122559476035,-71.61329240023315,0,0.0070210122559476035,71.61329240023315,0,False
2025-04-12,250412.0,SDPC 319,21926492,Michelle Philo,-0.0645224675758317,4988.292001022949,56,-0.0706674644878157,5054.819563411342,56,-0.0645224675758317,4988.292001022949,56,0.006144996911984002,-66.52756238839265,0,0.006144996911984002,66.52756238839265,0,False
2025-04-12,250412.0,SDPC 319,21927536,Skye Vandeleest,0.3814727032670888,3193.43901094118,15,0.4162222190236243,3106.3626433177496,15,0.3814727032670888,3193.43901094118,15,-0.034749515756535454,87.07636762343054,0,0.034749515756535454,87.07636762343054,0,False
2025-04-12,250412.0,SDPC 319,21968784,Cindy Grimley-Beason,-0.3046357264591022,6342.080224104054,67,-0.3336486527885405,6575.320653447144,67,-0.3046357264591022,6342.080224104054,67,0.029012926329438304,-233.24042934309,0,0.029012926329438304,233.24042934309,0,False
2025-04-12,250412.0,SDPC 319,21976246,Edith Lewis,0.4188142677370512,3076.389999541177,12,0.4546727327116994,2989.1885420762724,12,0.4188142677370512,3076.389999541177,12,-0.035858464974648174,87.2014574649047,0,0.035858464974648174,87.2014574649047,0,False
2025-04-12,250412.0,SDPC 319,21988310,Ashley Bromiley,0.323762502784471,3383.1546291231043,18,0.3550426095064452,3302.3425595438807,18,0.323762502784471,3383.1546291231043,18,-0.03128010672197418,80.81206957922359,0,0.03128010672197418,80.81206957922359,0,False
2025-04-12,250412.0,SDPC 319,22035202,Rebecca Streitz,0.3628293879910966,3253.5337431565654,16,0.3959952429616171,3169.8347262794027,16,0.3628293879910966,3253.5337431565654,16,-0.03316585497052049,83.69901687716265,0,0.03316585497052049,83.69901687716265,0,False
2025-04-12,250412.0,SDPC 319,22035203,Jessica Streitz,0.4514250399408503,2977.6847210241285,7,0.4889533618571447,2888.453768699658,7,0.4514250399408503,2977.6847210241285,7,-0.037528321916294405,89.23095232447031,0,0.037528321916294405,89.23095232447031,0,False
2025-04-12,250412.0,SDPC 319,22048522,CHARESE GAINOR,0.2801113230849276,3534.1039090732797,22,0.309240834064478,3457.113037683847,22,0.2801113230849276,3534.1039090732797,22,-0.02912951097955041,76.99087138943287,0,0.02912951097955041,76.99087138943287,0,False
2025-04-12,250412.0,SDPC 319,22065952,Jodie Morse,0.0038943462020189,4658.421948047407,50,0.0042652363164969,4689.891539829055,50,0.0038943462020189,4658.421948047407,50,-0.00037089011447800045,-31.469591781647978,0,0.00037089011447800045,31.469591781647978,0,False
2025-04-12,250412.0,SDPC 319,22069622,Bailey Baleno,-0.0381987015153731,4858.694598719592,54,-0.0418366730882658,4911.165890009319,54,-0.0381987015153731,4858.694598719592,54,0.0036379715728927023,-52.47129128972665,0,0.0036379715728927023,52.47129128972665,0,False
2025-04-12,250412.0,SDPC 319,22207268,Sarah Proctor,0.1086463008055524,4195.131970508751,41,0.1292806394711447,4138.751007044057,41,0.1086463008055524,4195.131970508751,41,-0.020634338665592306,56.380963464694105,0,0.020634338665592306,56.380963464694105,0,False
2025-04-12,250412.0,SDPC 319,22233683,Chris Morrissey,-0.1361379213201367,5358.633617899707,63,-0.1491034376363402,5467.2630258551,63,-0.1361379213201367,5358.633617899707,63,0.012965516316203518,-108.62940795539271,0,0.012965516316203518,108.62940795539271,0,False
2025-04-12,250412.0,SDPC 319,22314271,Jessica Stewart,0.0204521303728748,4581.9238699080015,49,0.0223999523131486,4605.60822551059,49,0.0204521303728748,4581.9238699080015,49,-0.0019478219402738021,-23.684355602588766,0,0.0019478219402738021,23.684355602588766,0,False
2025-04-12,250412.0,SDPC 319,22386336,Jodi Green,-0.0185648004660104,4764.229859987789,52,-0.0203328767008685,4806.684577221729,52,-0.0185648004660104,4764.229859987789,52,0.0017680762348580986,-42.454717233940755,0,0.0017680762348580986,42.454717233940755,0,False
2025-04-12,250412.0,SDPC 319,22408132,Jen Lunsford,0.4163742046625543,3083.9057509064933,13,0.4520761265885434,2996.960373173293,13,0.4163742046625543,3083.9057509064933,13,-0.03570192192598909,86.94537773320008,0,0.03570192192598909,86.94537773320008,0,False
2025-04-12,250412.0,SDPC 319,22423946,Jennifer Sipple,0.478954602145887,2896.828439808509,4,0.5177378920489444,2806.4961978186666,4,0.478954602145887,2896.828439808509,4,-0.038783289903057405,90.33224198984226,0,0.038783289903057405,90.33224198984226,0,False
2025-04-12,250412.0,SDPC 319,22477088,Samantha Saake,0.3164442819625093,3408.004117893027,19,0.3461565742268722,3331.81805824136,19,0.3164442819625093,3408.004117893027,19,-0.029712292264362894,76.18605965166671,0,0.029712292264362894,76.18605965166671,0,False
2025-04-12,250412.0,SDPC 319,22489256,Alyssa Graham,-0.0709836851594495,5020.626789573493,57,-0.0777440361270162,5090.717222546946,57,-0.0709836851594495,5020.626789573493,57,0.006760350967566706,-70.09043297345306,0,0.006760350967566706,70.09043297345306,0,False
2025-04-12,250412.0,SDPC 319,22549301,Jenevieve Parker,-0.0805052108574939,5068.6591242436125,60,-0.0881723737963029,5144.082713778845,60,-0.0805052108574939,5068.6591242436125,60,0.007667162938808994,-75.42358953523217,0,0.007667162938808994,75.42358953523217,0,False
2025-04-12,250412.0,SDPC 319,22549913,Sabrina Monserate-Lindsay,0.1348949020994106,4086.448261793972,39,0.1477420356326878,4063.0448559016017,39,0.1348949020994106,4086.448261793972,39,-0.01284713353327721,23.4034058923703,0,0.01284713353327721,23.4034058923703,0,False
2025-04-12,250412.0,SDPC 319,22561030,Allie Arendell,0.4240228656501188,3060.4079791009312,10,0.4601079937117062,2972.985595682186,10,0.4240228656501188,3060.4079791009312,10,-0.03608512806158737,87.42238341874508,0,0.03608512806158737,87.42238341874508,0,False
2025-04-12,250412.0,SDPC 319,22609934,Christine Parsons,0.2640770548219603,3591.227422232261,25,0.2923757634910143,3515.911923043505,25,0.2640770548219603,3591.227422232261,25,-0.028298708669053985,75.3154991887559,0,0.028298708669053985,75.3154991887559,0,False
2025-04-12,250412.0,SDPC 319,22673646,Gloria Johnston,-0.3592727516039117,6698.233606620775,69,-0.3934892041376175,6980.802606782454,69,-0.3592727516039117,6698.233606620775,69,0.03421645253370581,-282.56900016167856,0,0.03421645253370581,282.56900016167856,0,False
2025-04-12,250412.0,SDPC 319,22691193,Wendy Weigant,-0.0336218611693254,4836.507940377086,53,-0.0368239431854516,4886.609141489305,53,-0.0336218611693254,4836.507940377086,53,0.0032020820161262065,-50.101201112219314,0,0.0032020820161262065,50.101201112219314,0,False
2025-04-12,250412.0,SDPC 319,22703189,Beatrice Endler,0.5180851951755217,2785.662994336092,1,0.5587568570493954,2693.705717139528,1,0.5180851951755217,2785.662994336092,1,-0.04067166187387372,91.95727719656406,0,0.04067166187387372,91.95727719656406,0,False
2025-04-12,250412.0,SDPC 319,22703407,Dave Harris,-0.4876689433189641,7615.914282864604,71,-0.5341136045874368,8034.849731391328,71,-0.4876689433189641,7615.914282864604,71,0.04644466126847274,-418.93544852672403,0,0.04644466126847274,418.93544852672403,0,False
2025-04-12,250412.0,SDPC 319,22703414,Heather Harris,-0.3774046546793076,6820.793089723419,70,-0.413347955124956,7120.818294310244,70,-0.3774046546793076,6820.793089723419,70,0.03594330044564836,-300.02520458682466,0,0.03594330044564836,300.02520458682466,0,False
2025-04-12,250412.0,SDPC 319,22729973,Ashley Tucker,0.1422647802809452,4056.4423417117114,38,0.1558138069743685,4030.380892244065,38,0.1422647802809452,4056.4423417117114,38,-0.01354902669342331,26.061449467646526,0,0.01354902669342331,26.061449467646526,0,False
2025-04-12,250412.0,SDPC 319,22732244,Amber Whitear,0.2795958064664754,3535.926268057552,23,0.3081004574436642,3461.0576973388675,23,0.2795958064664754,3535.926268057552,23,-0.028504650977188795,74.86857071868462,0,0.028504650977188795,74.86857071868462,0,False
2025-04-12,250412.0,SDPC 319,22757315,Shalise Hassing,0.0606112142409194,4401.56379171449,46,0.0663837108352927,4407.426600513007,46,0.0606112142409194,4401.56379171449,46,-0.005772496594373296,-5.862808798516198,0,0.005772496594373296,5.862808798516198,0,False
2025-04-12,250412.0,SDPC 319,22817937,J.D. Armstrong,-0.1166478388532672,5255.2046008662,61,-0.1277571568392926,5351.794094777049,61,-0.1166478388532672,5255.2046008662,61,0.011109317986025394,-96.58949391084934,0,0.011109317986025394,96.58949391084934,0,False
2025-04-12,250412.0,SDPC 319,22860511,Lydia Utkin,0.2516245846791368,3636.226668892633,27,0.2790660888119847,3563.020370568581,27,0.2516245846791368,3636.226668892633,27,-0.027441504132847905,73.20629832405211,0,0.027441504132847905,73.20629832405211,0,False
2025-04-12,250412.0,SDPC 319,22874878,Kara Bancroft,-0.2297542875895322,5884.521251820359,66,-0.2516356483123448,6057.579761293779,66,-0.2297542875895322,5884.521251820359,66,0.021881360722812604,-173.0585094734197,0,0.021881360722812604,173.0585094734197,0,False
2025-04-12,250412.0,SDPC 319,23741633,Kim Knaub,0.4627371461224956,2944.19063677148,6,0.5007385458711653,2854.6126133250614,6,0.4627371461224956,2944.19063677148,6,-0.03800139974866967,89.57802344641868,0,0.03800139974866967,89.57802344641868,0,False
2025-04-12,250412.0,SDPC 319,23750128,Jasmine Lambert,0.4469800320864228,2990.950013319912,8,0.4842927669267425,2901.9471007440115,8,0.4469800320864228,2990.950013319912,8,-0.03731273484031972,89.00291257590061,0,0.03731273484031972,89.00291257590061,0,False
2025-04-12,250412.0,SDPC 319,23764632,Annie Hansen,0.0808925291481474,4313.193452812638,43,0.0885965795432091,4310.604343209599,43,0.0808925291481474,4313.193452812638,43,-0.007704050395061696,2.589109603038196,0,0.007704050395061696,2.589109603038196,0,False
2025-04-18,250418.01,MO2025 - Missouri Speed Puzzling Championship,18282851,Michelle Kaufman,0.0861205950152406,4323.672508867521,5,0.0989789067164972,4284.727608150025,5,0.0861205950152406,4323.672508867521,5,-0.012858311701256606,38.94490071749624,0,0.012858311701256606,38.94490071749624,0,False
2025-04-18,250418.01,MO2025 - Missouri Speed Puzzling Championship,19958106,Taylor Reed,0.3688439129832625,3258.87433890408,1,0.4023459012394331,3163.5347265891173,1,0.3688439129832625,3258.87433890408,1,-0.03350198825617057,95.33961231496278,0,0.03350198825617057,95.33961231496278,0,False
2025-04-18,250418.01,MO2025 - Missouri Speed Puzzling Championship,21973597,Alisandra Jezek,-0.2433605852642999,6010.971238194042,6,-0.2665377838608999,6175.40008750195,6,-0.2433605852642999,6010.971238194042,6,0.023177198596599974,-164.42884930790842,0,0.023177198596599974,164.42884930790842,0,False
2025-04-18,250418.01,MO2025 - Missouri Speed Puzzling Championship,22704198,Sarah Goodman,0.1783154943993147,3942.87542140205,4,0.2023951635330458,3863.759698238413,3,0.1783154943993147,3942.87542140205,4,-0.02407966913373108,79.11572316363709,1,0.02407966913373108,79.11572316363709,1,False
2025-04-18,250418.01,MO2025 - Missouri Speed Puzzling Championship,22729973,Ashley Tucker,0.2324569134823453,3735.0785174427792,3,0.2018779100136011,3865.7587585065216,4,0.2324569134823453,3735.0785174427792,3,0.030579003468744204,-130.68024106374241,-1,0.030579003468744204,130.68024106374241,1,False
2025-04-18,250418.01,MO2025 - Missouri Speed Puzzling Championship,22842370,Samantha Burton,0.2627564680793989,3623.6046346844896,2,0.268933505853709,3615.038053816331,2,0.2627564680793989,3623.6046346844896,2,-0.006177037774310112,8.56658086815878,0,0.006177037774310112,8.56658086815878,0,False
2025-04-18,250418.03,IA2025 - Iowa Speed Puzzling Championship,17731928,Kara Taylor,0.1835261836061102,3996.288295953288,2,0.1988399495245425,3976.370883814937,3,0.1835261836061102,3996.288295953288,2,-0.01531376591843231,19.91741213835121,-1,0.01531376591843231,19.91741213835121,1,False
2025-04-18,250418.03,IA2025 - Iowa Speed Puzzling Championship,21187349,Alison Filley,0.1722749883249461,4041.50521114482,3,0.22300547140336,3881.431555548696,1,0.1722749883249461,4041.50521114482,3,-0.05073048307841391,160.0736555961239,2,0.05073048307841391,160.0736555961239,2,False
2025-04-18,250418.03,IA2025 - Iowa Speed Puzzling Championship,22477750,Jessica Norris,0.1943352067863959,3953.3249373976096,1,0.200512244560706,3969.726775527036,2,0.1943352067863959,3953.3249373976096,1,-0.006177037774310085,-16.401838129426324,-1,0.006177037774310085,16.401838129426324,1,False
2025-04-26,250426.0,CO2025 - Colorado Speed Puzzling Championship,17593434,Jonathan Cluff,0.0954512953027531,5143.7974986691,10,0.1245125550309669,5031.780247386603,10,0.0954512953027531,5143.7974986691,10,-0.0290612597282138,112.01725128249655,0,0.0290612597282138,112.01725128249655,0,False
2025-04-26,250426.0,CO2025 - Colorado Speed Puzzling Championship,17915498,Melynda Owens,0.2566091522064731,4378.18284505756,4,0.2857957244618226,4282.301839474921,3,0.2566091522064731,4378.18284505756,4,-0.029186572255349486,95.88100558263977,1,0.029186572255349486,95.88100558263977,1,False
2025-04-26,250426.0,CO2025 - Colorado Speed Puzzling Championship,20696150,Tessa Melli,0.144074104750219,4899.674675720075,8,0.1577954480597637,4867.064359376788,8,0.144074104750219,4899.674675720075,8,-0.013721343309544692,32.610316343287195,0,0.013721343309544692,32.610316343287195,0,False
2025-04-26,250426.0,CO2025 - Colorado Speed Puzzling Championship,20865039,Whitney Presley,0.2047877213464932,4611.048140850197,6,0.2301889951012702,4527.171752623503,6,0.2047877213464932,4611.048140850197,6,-0.025401273754776993,83.87638822669396,0,0.025401273754776993,83.87638822669396,0,False
2025-04-26,250426.0,CO2025 - Colorado Speed Puzzling Championship,21111122,Deanna OMara,-0.053961092353114,5972.729390737001,13,-0.0477840545788039,5977.906703065159,13,-0.053961092353114,5972.729390737001,13,-0.0061770377743100985,-5.1773123281573135,0,0.0061770377743100985,5.1773123281573135,0,False
2025-04-26,250426.0,CO2025 - Colorado Speed Puzzling Championship,21566454,Alice Rowe,0.7280655265784447,2732.391924399678,1,0.7781870308608733,2617.1851541663696,1,0.7280655265784447,2732.391924399678,1,-0.050121504282428564,115.20677023330836,0,0.050121504282428564,115.20677023330836,0,False
2025-04-26,250426.0,CO2025 - Colorado Speed Puzzling Championship,21594891,Kinsey Keltz,0.1836041144438613,4709.768709261458,7,0.2088461957015049,4624.832743513834,7,0.1836041144438613,4709.768709261458,7,-0.0252420812576436,84.93596574762341,0,0.0252420812576436,84.93596574762341,0,False
2025-04-26,250426.0,CO2025 - Colorado Speed Puzzling Championship,21921565,Michael Dickman,-0.0557548472471472,5983.452617857717,14,-0.0610648326992565,6057.827486013468,14,-0.0557548472471472,5983.452617857717,14,0.005309985452109298,-74.37486815575085,0,0.005309985452109298,74.37486815575085,0,False
2025-04-26,250426.0,CO2025 - Colorado Speed Puzzling Championship,22423946,Jennifer Sipple,0.4952998779089663,3448.512701381141,2,0.5205231848128656,3386.385802242837,2,0.4952998779089663,3448.512701381141,2,-0.025223306903899345,62.126899138304,0,0.025223306903899345,62.126899138304,0,False
2025-04-26,250426.0,CO2025 - Colorado Speed Puzzling Championship,22654912,Karen Wells,-0.0137041427031918,5737.06099631465,12,-0.0150092991511148,5785.158169574623,12,-0.0137041427031918,5737.06099631465,12,0.001305156447922999,-48.097173259972806,0,0.001305156447922999,48.097173259972806,0,False
2025-04-26,250426.0,CO2025 - Colorado Speed Puzzling Championship,22676681,Sarah Hauge,0.2573091313811248,4375.119280583956,3,0.2853294674424801,4284.298958315676,4,0.2573091313811248,4375.119280583956,3,-0.02802033606135529,90.8203222682805,-1,0.02802033606135529,90.8203222682805,1,False
2025-04-26,250426.0,CO2025 - Colorado Speed Puzzling Championship,22733821,Tara Mills,-0.3582744220029679,8097.1920165712145,16,-0.3520973842286578,8104.210866632621,16,-0.3582744220029679,8097.1920165712145,16,-0.006177037774310112,-7.018850061406738,0,0.006177037774310112,7.018850061406738,0,False
2025-04-26,250426.0,CO2025 - Colorado Speed Puzzling Championship,22819700,Kristin Blair,0.219458969114811,4543.892146799268,5,0.2457008136654242,4457.488936618263,5,0.219458969114811,4543.892146799268,5,-0.026241844550613208,86.4032101810044,0,0.026241844550613208,86.4032101810044,0,False
2025-04-26,250426.0,CO2025 - Colorado Speed Puzzling Championship,23742686,Jessica Bradley,0.0460265504929123,5404.415823327794,11,0.0504100314922373,5418.810741322456,11,0.0460265504929123,5404.415823327794,11,-0.004383480999325,-14.394917994662137,0,0.004383480999325,14.394917994662137,0,False
2025-04-26,250426.0,CO2025 - Colorado Speed Puzzling Championship,23867295,Juliane Cassidy,-0.0969197361140687,6234.9006893030655,15,-0.0907426983397586,6240.305258318636,15,-0.0969197361140687,6234.9006893030655,15,-0.0061770377743100985,-5.404569015570814,0,0.0061770377743100985,5.404569015570814,0,False
2025-04-26,250426.0,CO2025 - Colorado Speed Puzzling Championship,24005736,Monika Koops,0.1369804521848341,4934.554833148423,9,0.1431574899591442,4938.832229611639,9,0.1369804521848341,4934.554833148423,9,-0.006177037774310112,-4.277396463216064,0,0.006177037774310112,4.277396463216064,0,False
2025-05-03,250503.0,SDPC 332,17593434,Jonathan Cluff,0.1080080100122298,4750.031284373437,62,0.1279415594784043,4700.407391446039,60,0.1080080100122298,4750.031284373437,62,-0.019933549466174497,49.62389292739863,2,0.019933549466174497,49.62389292739863,2,False
2025-05-03,250503.0,SDPC 332,17731921,Kaitlin MacKenzie,0.3831574091043576,3607.4523576880856,18,0.3893344468786677,3619.21190592357,20,0.3831574091043576,3607.4523576880856,18,-0.006177037774310112,-11.759548235484544,-2,0.006177037774310112,11.759548235484544,2,False
2025-05-03,250503.0,SDPC 332,17915498,Melynda Owens,0.2570251479306247,4092.4101134284288,32,0.2828558393409964,4025.845311613428,31,0.2570251479306247,4092.4101134284288,32,-0.025830691410371698,66.56480181500092,1,0.025830691410371698,66.56480181500092,1,False
2025-05-03,250503.0,SDPC 332,18282851,Michelle Kaufman,0.0977503574231764,4799.006209534191,63,0.1044348925062496,4812.207174775813,63,0.0977503574231764,4799.006209534191,63,-0.0066845350830731926,-13.200965241621816,0,0.0066845350830731926,13.200965241621816,0,False
2025-05-03,250503.0,SDPC 332,18518434,Elizabeth McElveen,0.1321801701449132,4636.589359281363,55,0.1447687577777621,4621.974458155029,56,0.1321801701449132,4636.589359281363,55,-0.012588587632848897,14.61490112633328,-1,0.012588587632848897,14.61490112633328,1,False
2025-05-03,250503.0,SDPC 332,19548766,Lindsay Steenstra,0.1485119672338592,4561.480523274627,49,0.165640987919187,4526.503356928492,48,0.1485119672338592,4561.480523274627,49,-0.01712902068532779,34.977166346134254,1,0.01712902068532779,34.977166346134254,1,False
2025-05-03,250503.0,SDPC 332,19573602,Isabel Urrutia,0.0633535344175855,4966.94856041585,65,0.0501820018732817,5080.495222564227,69,0.0633535344175855,4966.94856041585,65,0.013171532544303796,-113.54666214837744,-4,0.013171532544303796,113.54666214837744,4,False
2025-05-03,250503.0,SDPC 332,19958106,Taylor Reed,0.3321308259339836,3796.3056189213567,24,0.3809338507667458,3649.743505656616,22,0.3321308259339836,3796.3056189213567,24,-0.04880302483276222,146.56211326474067,2,0.04880302483276222,146.56211326474067,2,False
2025-05-03,250503.0,SDPC 332,20321851,Ann Marie Greenleaf,-0.1038917429516243,5871.152531092982,93,-0.1173013631550851,6006.799674432511,94,-0.1038917429516243,5871.152531092982,93,0.0134096202034608,-135.64714333952907,-1,0.0134096202034608,135.64714333952907,1,False
2025-05-03,250503.0,SDPC 332,20453946,Sammy Brownlow,0.4234342175176202,3465.042841737894,12,0.4459347560246601,3420.052792792538,14,0.4234342175176202,3465.042841737894,12,-0.02250053850703987,44.99004894535574,-2,0.02250053850703987,44.99004894535574,2,False
2025-05-03,250503.0,SDPC 332,20527721,Alexx Cisotto,0.2326863581601193,4193.236441014386,34,0.2584329110006879,4125.378744698727,33,0.2326863581601193,4193.236441014386,34,-0.025746552840568593,67.85769631565927,1,0.025746552840568593,67.85769631565927,1,False
2025-05-03,250503.0,SDPC 332,20531734,Norah Molina,0.0477366714520158,5045.125566382871,68,0.070432764678926,4978.646061097511,65,0.0477366714520158,5045.125566382871,68,-0.022696093226910193,66.47950528535966,3,0.022696093226910193,66.47950528535966,3,False
2025-05-03,250503.0,SDPC 332,20563304,Jessica Derby,0.3559714495824562,3706.869665913248,21,0.3889930495132829,3620.447706270507,21,0.3559714495824562,3706.869665913248,21,-0.033021599930826706,86.42195964274106,0,0.033021599930826706,86.42195964274106,0,False
2025-05-03,250503.0,SDPC 332,20720301,Melissa Martin,0.0276248944470009,5147.61921672982,70,0.0160157407294055,5257.076126654909,70,0.0276248944470009,5147.61921672982,70,0.0116091537175954,-109.45690992508844,0,0.0116091537175954,109.45690992508844,0,False
2025-05-03,250503.0,SDPC 332,20736847,Stephanie Vargas,-0.2996315009863891,7140.556505117307,107,-0.3304045658603645,7433.48883681053,107,-0.2996315009863891,7140.556505117307,107,0.03077306487397541,-292.9323316932232,0,0.03077306487397541,292.9323316932232,0,False
2025-05-03,250503.0,SDPC 332,20739624,Mari Black,0.5929043286260105,2924.8841866579232,3,0.6372670657268767,2824.478307807559,3,0.5929043286260105,2924.8841866579232,3,-0.044362737100866245,100.40587885036439,0,0.044362737100866245,100.40587885036439,0,False
2025-05-03,250503.0,SDPC 332,20755407,Carrie Campbell,0.0407976478814346,5080.255554553412,69,0.0640711398756233,5010.419296913296,67,0.0407976478814346,5080.255554553412,69,-0.023273491994188697,69.83625764011595,2,0.023273491994188697,69.83625764011595,2,False
2025-05-03,250503.0,SDPC 332,20814175,Carolyn Canterman,0.183934967253377,4402.7275516436985,45,0.1901120050276871,4417.079532453891,47,0.183934967253377,4402.7275516436985,45,-0.006177037774310112,-14.3519808101928,-2,0.006177037774310112,14.3519808101928,2,False
2025-05-03,250503.0,SDPC 332,20860009,Andrea Heistand,0.5089738689020059,3180.967339415453,5,0.5395269906117014,3114.48482353106,5,0.5089738689020059,3180.967339415453,5,-0.030553121709695485,66.4825158843928,0,0.030553121709695485,66.4825158843928,0,False
2025-05-03,250503.0,SDPC 332,20866417,Felisa Lewis,0.0523897362066442,5021.70480185117,67,0.0573792348929913,5044.060984716572,68,0.0523897362066442,5021.70480185117,67,-0.004989498686347099,-22.356182865402843,-1,0.004989498686347099,22.356182865402843,1,False
2025-05-03,250503.0,SDPC 332,21111122,Deanna OMara,-0.0541393897445863,5586.196275616405,82,-0.0475559073954537,5602.128701975502,80,-0.0541393897445863,5586.196275616405,82,-0.0065834823491325994,-15.932426359097008,2,0.0065834823491325994,15.932426359097008,2,False
2025-05-03,250503.0,SDPC 332,21113122,Jeremy Seidling,0.2630641562627158,4067.770488986852,31,0.2912862229912439,3992.04855111348,30,0.2630641562627158,4067.770488986852,31,-0.028222066728528117,75.7219378733721,1,0.028222066728528117,75.7219378733721,1,False
2025-05-03,250503.0,SDPC 332,21169710,Rachel Shields,-0.142522172359724,6102.395424158164,96,-0.1522594927648559,6220.499669452134,97,-0.142522172359724,6102.395424158164,96,0.009737320405131894,-118.10424529397005,-1,0.009737320405131894,118.10424529397005,1,False
2025-05-03,250503.0,SDPC 332,21173211,Natalie Hinkley,-0.1722962846784205,6286.820757032036,100,-0.1824081636425298,6410.895130402424,101,-0.1722962846784205,6286.820757032036,100,0.010111878964109283,-124.07437337038755,-1,0.010111878964109283,124.07437337038755,1,False
2025-05-03,250503.0,SDPC 332,21198876,Angie Gazdic,0.2801044574309865,3999.0416974916766,29,0.3193143255170443,3881.7124833505,26,0.2801044574309865,3999.0416974916766,29,-0.03920986808605781,117.32921414117664,3,0.03920986808605781,117.32921414117664,3,False
2025-05-03,250503.0,SDPC 332,21394027,Elizabeth Tashiro,0.2188114792786046,4251.822586716611,37,0.2474497373547906,4170.938231699104,37,0.2188114792786046,4251.822586716611,37,-0.028638258076186,80.884355017507,0,0.028638258076186,80.884355017507,0,False
2025-05-03,250503.0,SDPC 332,21412436,Iryna Shvydchenko,0.529420153088516,3116.588771231683,4,0.5724707218127218,3013.553724299233,4,0.529420153088516,3116.588771231683,4,-0.04305056872420587,103.03504693244986,0,0.04305056872420587,103.03504693244986,0,False
2025-05-03,250503.0,SDPC 332,21428556,Caryn Knill,0.4917681672762003,3236.171667067466,6,0.5386255050862876,3117.29375243274,6,0.4917681672762003,3236.171667067466,6,-0.046857337810087274,118.87791463472604,0,0.046857337810087274,118.87791463472604,0,False
2025-05-03,250503.0,SDPC 332,21553962,Michelle Parsons,-0.0429985760092661,5524.306892594535,79,-0.0470936784863391,5599.539834507656,79,-0.0429985760092661,5524.306892594535,79,0.004095102477073002,-75.23294191312107,0,0.004095102477073002,75.23294191312107,0,False
2025-05-03,250503.0,SDPC 332,21594891,Kinsey Keltz,0.1660037521328128,4482.385857239989,46,0.1964991610305159,4388.956863945771,45,0.1660037521328128,4482.385857239989,46,-0.030495408897703108,93.42899329421743,1,0.030495408897703108,93.42899329421743,1,False
2025-05-03,250503.0,SDPC 332,21606421,Robin Patrick,0.0192751889495186,5190.780261452218,71,-0.0185033940259576,5441.714286903577,74,0.0192751889495186,5190.780261452218,71,0.037778582975476205,-250.93402545135905,-3,0.037778582975476205,250.93402545135905,3,False
2025-05-03,250503.0,SDPC 332,21617866,Margaret Long,0.4188845290373345,3480.843624301949,14,0.464717518883143,3356.414276719959,11,0.4188845290373345,3480.843624301949,14,-0.045832989845808525,124.42934758198999,3,0.045832989845808525,124.42934758198999,3,False
2025-05-03,250503.0,SDPC 332,21654699,Kelsi Cook,0.3782697971322597,3625.127344071725,19,0.4113340489008234,3540.460114575215,18,0.3782697971322597,3625.127344071725,19,-0.0330642517685637,84.66722949651012,1,0.0330642517685637,84.66722949651012,1,False
2025-05-03,250503.0,SDPC 332,21856865,Aloysia Larson,0.393189204861525,3571.444048414105,17,0.4419235296493672,3433.798949802435,15,0.393189204861525,3571.444048414105,17,-0.04873432478784223,137.64509861167016,2,0.04873432478784223,137.64509861167016,2,False
2025-05-03,250503.0,SDPC 332,21858254,Kara Bingham,0.2284109523585551,4211.202607380492,35,0.251864090921159,4152.566814439447,35,0.2284109523585551,4211.202607380492,35,-0.02345313856260392,58.63579294104511,0,0.02345313856260392,58.63579294104511,0,False
2025-05-03,250503.0,SDPC 332,21861742,Rachel DiDonna,-0.0975408990181306,5833.9839086459,92,-0.1068305084484288,5944.231490627801,92,-0.0975408990181306,5833.9839086459,92,0.009289609430298204,-110.24758198190102,0,0.009289609430298204,110.24758198190102,0,False
2025-05-03,250503.0,SDPC 332,21886298,Ieva Veya,-0.0640380847672416,5641.766913531099,86,-0.0578610469929314,5660.157906280207,83,-0.0640380847672416,5641.766913531099,86,-0.006177037774310196,-18.39099274910768,3,0.006177037774310196,18.39099274910768,3,False
2025-05-03,250503.0,SDPC 332,21892775,Andrea Reynolds,0.3420231925684245,3758.936312067565,23,0.3662156955340593,3703.858254895856,23,0.3420231925684245,3758.936312067565,23,-0.0241925029656348,55.07805717170868,0,0.0241925029656348,55.07805717170868,0,False
2025-05-03,250503.0,SDPC 332,21896723,Tricia Marotz,-0.1474816440473186,6132.735254067085,98,-0.1413046062730084,6152.726702015642,96,-0.1474816440473186,6132.735254067085,98,-0.006177037774310196,-19.991447948556925,2,0.006177037774310196,19.991447948556925,2,False
2025-05-03,250503.0,SDPC 332,21900482,Hiromi Kimura,0.1306502070703839,4643.688599195467,56,0.1430930839342299,4629.725872467378,57,0.1306502070703839,4643.688599195467,56,-0.012442876863845986,13.962726728088455,-1,0.012442876863845986,13.962726728088455,1,False
2025-05-03,250503.0,SDPC 332,21916237,Katie Greenfield,-0.4305535425780279,8139.36979942264,111,-0.4243765048037178,8165.902460778159,112,-0.4305535425780279,8139.36979942264,111,-0.006177037774310112,-26.53266135551894,-1,0.006177037774310112,26.53266135551894,1,False
2025-05-03,250503.0,SDPC 332,21922205,Maria Seitz,0.1526879629982869,4542.471518316735,47,0.2066870126338393,4344.469821201165,40,0.1526879629982869,4542.471518316735,47,-0.05399904963555238,198.0016971155692,7,0.05399904963555238,198.0016971155692,7,False
2025-05-03,250503.0,SDPC 332,21922408,KaSaundra Olsen,-0.2036903674882047,6487.320514229298,104,-0.1975133297138946,6508.467836755542,103,-0.2036903674882047,6487.320514229298,104,-0.006177037774310112,-21.147322526243443,1,0.006177037774310112,21.147322526243443,1,False
2025-05-03,250503.0,SDPC 332,21924024,Jasper Lee,0.4883582552059754,3247.225563593149,7,0.5271811246063542,3153.174171169689,7,0.4883582552059754,3247.225563593149,7,-0.03882286940037882,94.05139242346013,0,0.03882286940037882,94.05139242346013,0,False
2025-05-03,250503.0,SDPC 332,21924776,Nicholas Mueller,0.2903715870630389,3958.1930758602593,25,0.3201040011404591,3878.648399600645,25,0.2903715870630389,3958.1930758602593,25,-0.02973241407742022,79.54467625961433,0,0.02973241407742022,79.54467625961433,0,False
2025-05-03,250503.0,SDPC 332,21925075,Diana Jaffe,0.4041029662970969,3532.678086105771,15,0.4392849302556973,3442.8713335588573,16,0.4041029662970969,3532.678086105771,15,-0.035181963958600404,89.80675254691369,-1,0.035181963958600404,89.80675254691369,1,False
2025-05-03,250503.0,SDPC 332,21925090,Emma Pan,0.5952872211844255,2917.922799308366,2,0.6399114396376451,2817.019197743505,2,0.5952872211844255,2917.922799308366,2,-0.04462421845321962,100.90360156486076,0,0.04462421845321962,100.90360156486076,0,False
2025-05-03,250503.0,SDPC 332,21925467,Ameenah Saafir,-0.0627872218335252,5634.714248296643,85,-0.0715252470480398,5738.030256312468,86,-0.0627872218335252,5634.714248296643,85,0.008738025214514597,-103.31600801582499,-1,0.008738025214514597,103.31600801582499,1,False
2025-05-03,250503.0,SDPC 332,21926468,Meredith Yeager,0.1926833563954146,4364.3787673623965,43,0.2169776101197489,4299.991875801877,38,0.1926833563954146,4364.3787673623965,43,-0.024294253724334303,64.38689156051987,5,0.024294253724334303,64.38689156051987,5,False
2025-05-03,250503.0,SDPC 332,21926827,Emily Boudreaux,0.1987640433620093,4337.920868896404,41,0.2049410811363194,4352.061593330584,41,0.1987640433620093,4337.920868896404,41,-0.006177037774310085,-14.140724434180811,0,0.006177037774310085,14.140724434180811,0,False
2025-05-03,250503.0,SDPC 332,21927536,Skye Vandeleest,0.3943318681168273,3567.365421224105,16,0.4180179764101105,3516.8748447425005,17,0.3943318681168273,3567.365421224105,16,-0.023686108293283215,50.49057648160442,-1,0.023686108293283215,50.49057648160442,1,False
2025-05-03,250503.0,SDPC 332,21927541,Chloe Glikbarg,0.430140154109885,3441.8842210587027,11,0.466547173276545,3350.278813192986,10,0.430140154109885,3441.8842210587027,11,-0.036407019166660004,91.60540786571664,1,0.036407019166660004,91.60540786571664,1,False
2025-05-03,250503.0,SDPC 332,21939662,Scott Eng,0.2685611623960975,4045.471275268384,30,0.2747382001704077,4058.658674540726,32,0.2685611623960975,4045.471275268384,30,-0.006177037774310168,-13.18739927234219,-2,0.006177037774310168,13.18739927234219,2,False
2025-05-03,250503.0,SDPC 332,21964658,Cosmo Smith,0.3766958431657476,3630.837620311157,20,0.4105000884862119,3543.4139496798603,19,0.3766958431657476,3630.837620311157,20,-0.03380424532046428,87.42367063129677,1,0.03380424532046428,87.42367063129677,1,False
2025-05-03,250503.0,SDPC 332,21968495,Jennifer Morrow,0.1266193046939394,4662.444631076238,57,0.1452305512631514,4619.840553210233,55,0.1266193046939394,4662.444631076238,57,-0.01861124656921201,42.604077866004445,2,0.01861124656921201,42.604077866004445,2,False
2025-05-03,250503.0,SDPC 332,21968784,Cindy Grimley-Beason,-0.3190015085135007,7280.217387874027,108,-0.3323260879975273,7447.786182100444,108,-0.3190015085135007,7280.217387874027,108,0.0133245794840266,-167.5687942264176,0,0.0133245794840266,167.5687942264176,0,False
2025-05-03,250503.0,SDPC 332,21978123,Tiffany Jiamachello,0.1216620730649053,4685.614831646615,59,0.1278391108392154,4700.888966454861,61,0.1216620730649053,4685.614831646615,59,-0.0061770377743100985,-15.274134808245435,-2,0.0061770377743100985,15.274134808245435,2,False
2025-05-03,250503.0,SDPC 332,21979616,Jennifer McCarthy,0.0627525178193513,4969.934676205921,66,0.0689295555936615,4986.135634876241,66,0.0627525178193513,4969.934676205921,66,-0.006177037774310196,-16.20095867031978,0,0.006177037774310196,16.20095867031978,0,False
2025-05-03,250503.0,SDPC 332,22048522,CHARESE GAINOR,0.2897027992492232,3960.841152556132,26,0.3103815514787051,3916.542275576239,27,0.2897027992492232,3960.841152556132,26,-0.0206787522294819,44.298876979893066,-1,0.0206787522294819,44.298876979893066,1,False
2025-05-03,250503.0,SDPC 332,22060891,Kirsty Weitzel,0.2235513540947979,4231.717166144606,36,0.249810328668488,4161.1039630506575,36,0.2235513540947979,4231.717166144606,36,-0.026258974573690114,70.61320309394887,0,0.026258974573690114,70.61320309394887,0,False
2025-05-03,250503.0,SDPC 332,22065952,Jodie Morse,0.009488513244286,5241.830141379681,72,0.0088578320898987,5294.84079405866,72,0.009488513244286,5241.830141379681,72,0.0006306811543872991,-53.01065267897957,0,0.0006306811543872991,53.01065267897957,0,False
2025-05-03,250503.0,SDPC 332,22207268,Sarah Proctor,0.1145255467486122,4719.173448749454,60,0.1299758257896991,4690.85523015431,59,0.1145255467486122,4719.173448749454,60,-0.015450279041086895,28.318218595143662,1,0.015450279041086895,28.318218595143662,1,False
2025-05-03,250503.0,SDPC 332,22233683,Chris Morrissey,-0.197126670351224,6444.87914565996,101,-0.1762378124599786,6371.4594471808905,100,-0.197126670351224,6444.87914565996,101,-0.020888857891245394,73.41969847906967,1,0.020888857891245394,73.41969847906967,1,False
2025-05-03,250503.0,SDPC 332,22251076,Jessica Henderson,0.1423459153782362,4589.693741413295,54,0.1646762886719107,4530.87217827022,49,0.1423459153782362,4589.693741413295,54,-0.022330373293674488,58.821563143075764,5,0.022330373293674488,58.821563143075764,5,False
2025-05-03,250503.0,SDPC 332,22408132,Jen Lunsford,0.4225557869745938,3468.0879784777217,13,0.4507280240188774,3403.698789075273,13,0.4225557869745938,3468.0879784777217,13,-0.02817223704428362,64.38918940244866,0,0.02817223704428362,64.38918940244866,0,False
2025-05-03,250503.0,SDPC 332,22477087,Toni MacReynolds,0.1478714761956993,4564.403046495575,50,0.161954473928623,4543.221171176745,50,0.1478714761956993,4564.403046495575,50,-0.014082997732923708,21.181875318829952,0,0.014082997732923708,21.181875318829952,0,False
2025-05-03,250503.0,SDPC 332,22489256,Alyssa Graham,-0.0405124018132736,5510.5895622494345,78,-0.0582987024931746,5662.635647679167,84,-0.0405124018132736,5510.5895622494345,78,0.017786300679901,-152.04608542973256,-6,0.017786300679901,152.04608542973256,6,False
2025-05-03,250503.0,SDPC 332,22490366,Alicia Gould,-0.1461699600441783,6124.696316764148,97,-0.1600909086198143,6269.406243089877,98,-0.1461699600441783,6124.696316764148,97,0.013920948575636,-144.7099263257287,-1,0.013920948575636,144.7099263257287,1,False
2025-05-03,250503.0,SDPC 332,22549301,Jenevieve Parker,-0.0763687565645019,5711.764360574262,87,-0.0823712136233695,5800.603460723783,88,-0.0763687565645019,5711.764360574262,87,0.006002457058867594,-88.83910014952107,-1,0.006002457058867594,88.83910014952107,1,False
2025-05-03,250503.0,SDPC 332,22549913,Sabrina Monserate-Lindsay,0.2449201782865472,4142.2496581283385,33,0.2046380048952421,4353.380799699179,42,0.2449201782865472,4142.2496581283385,33,0.040282173391305104,-211.13114157084055,-9,0.040282173391305104,211.13114157084055,9,False
2025-05-03,250503.0,SDPC 332,22561030,Allie Arendell,0.4410705963812562,3404.467766002172,10,0.4636043410403192,3360.152643071397,12,0.4410705963812562,3404.467766002172,10,-0.02253374465906305,44.31512293077503,-2,0.02253374465906305,44.31512293077503,2,False
2025-05-03,250503.0,SDPC 332,22608003,Rushing Smith III,0.1253620601537001,4668.310150556381,58,0.137301303977862,4656.618027527246,58,0.1253620601537001,4668.310150556381,58,-0.011939243824161894,11.692123029134564,0,0.011939243824161894,11.692123029134564,0,False
2025-05-03,250503.0,SDPC 332,22629662,Kate Amey,-0.3740745779722649,7692.407413466999,110,-0.4097007282553377,8046.936594399513,110,-0.3740745779722649,7692.407413466999,110,0.03562615028307281,-354.52918093251355,0,0.03562615028307281,354.52918093251355,0,False
2025-05-03,250503.0,SDPC 332,22673646,Gloria Johnston,-0.4313046781715492,8145.485866498097,112,-0.4211491084789234,8139.590339847918,111,-0.4313046781715492,8145.485866498097,112,-0.010155569692625821,5.895526650178908,1,0.010155569692625821,5.895526650178908,1,False
2025-05-03,250503.0,SDPC 332,22682522,Marjorie No Last Name,-0.096753391739121,5829.391412401664,91,-0.0905763539648109,5848.394022194019,91,-0.096753391739121,5829.391412401664,91,-0.0061770377743100985,-19.002609792355543,0,0.0061770377743100985,19.002609792355543,0,False
2025-05-03,250503.0,SDPC 332,22684893,Ellen Leader,-0.1985262252876821,6453.905422995294,102,-0.192349187513372,6474.943819238334,102,-0.1985262252876821,6453.905422995294,102,-0.006177037774310112,-21.038396243039642,0,0.006177037774310112,21.038396243039642,0,False
2025-05-03,250503.0,SDPC 332,22691193,Wendy Weigant,-0.0087502540619031,5338.311840658652,74,-0.0212103374157451,5456.464654619822,75,-0.0087502540619031,5338.311840658652,74,0.012460083353842001,-118.15281396117007,-1,0.012460083353842001,118.15281396117007,1,False
2025-05-03,250503.0,SDPC 332,22700663,Carter Lennon,0.1437543328374385,4583.234086628587,53,0.1499313706117487,4598.174481392599,54,0.1437543328374385,4583.234086628587,53,-0.006177037774310196,-14.940394764012126,-1,0.006177037774310196,14.940394764012126,1,False
2025-05-03,250503.0,SDPC 332,22703189,Beatrice Endler,0.4599574800962535,3340.771385698122,9,0.5271560755591047,3153.2531561677324,8,0.4599574800962535,3340.771385698122,9,-0.06719859546285123,187.51822953038936,1,0.06719859546285123,187.51822953038936,1,False
2025-05-03,250503.0,SDPC 332,22704976,Daniela Spano,-0.0350586764954494,5480.618122723903,77,-0.0288816387211392,5498.483803759743,76,-0.0350586764954494,5480.618122723903,77,-0.006177037774310199,-17.86568103583977,1,0.006177037774310199,17.86568103583977,1,False
2025-05-03,250503.0,SDPC 332,22713270,Christina Harwell,0.2893179406493087,3962.36580970648,27,0.2954949784236188,3975.2823023571873,29,0.2893179406493087,3962.36580970648,27,-0.006177037774310112,-12.916492650707369,-2,0.006177037774310112,12.916492650707369,2,False
2025-05-03,250503.0,SDPC 332,22722527,June Huber,-0.0448261818186176,5534.412379574623,80,-0.0386491440443075,5552.45341875674,77,-0.0448261818186176,5534.412379574623,80,-0.0061770377743100985,-18.041039182116947,3,0.0061770377743100985,18.041039182116947,3,False
2025-05-03,250503.0,SDPC 332,22729973,Ashley Tucker,0.2115995660101415,4282.597200982851,39,0.1957277979028521,4392.343649492342,46,0.2115995660101415,4282.597200982851,39,0.01587176810728938,-109.74644850949062,-7,0.01587176810728938,109.74644850949062,7,False
2025-05-03,250503.0,SDPC 332,22732244,Amber Whitear,0.289099317875994,3963.232167808038,28,0.3092988574158234,3920.7849890109032,28,0.289099317875994,3963.232167808038,28,-0.020199539539829392,42.44717879713471,0,0.020199539539829392,42.44717879713471,0,False
2025-05-03,250503.0,SDPC 332,22733821,Tara Mills,-0.3464107461579675,7482.522444796735,109,-0.3398271122569345,7503.862258005962,109,-0.3464107461579675,7482.522444796735,109,-0.006583633901033004,-21.33981320922703,0,0.006583633901033004,21.33981320922703,0,False
2025-05-03,250503.0,SDPC 332,22797552,Melissa McCarthy,0.0045859691951122,5267.591541146859,73,0.0107630069694223,5284.762799606004,71,0.0045859691951122,5267.591541146859,73,-0.006177037774310099,-17.171258459145065,2,0.006177037774310099,17.171258459145065,2,False
2025-05-03,250503.0,SDPC 332,22814742,Grayson Shannon,0.6501283346241165,2762.209435512226,1,0.6970253997160323,2660.636403869645,1,0.6501283346241165,2762.209435512226,1,-0.046897065091915824,101.57303164258064,0,0.046897065091915824,101.57303164258064,0,False
2025-05-03,250503.0,SDPC 332,22816351,Michelle Malcom,-0.1282823619310939,6016.114241943928,95,-0.1221053241567838,6035.725529524082,95,-0.1282823619310939,6016.114241943928,95,-0.006177037774310112,-19.611287580153657,0,0.006177037774310112,19.611287580153657,0,False
2025-05-03,250503.0,SDPC 332,22817937,J.D. Armstrong,-0.0190530502804752,5393.595679748556,75,-0.0713639748871093,5737.104946388919,85,-0.0190530502804752,5393.595679748556,75,0.0523109246066341,-343.5092666403634,-10,0.0523109246066341,343.5092666403634,10,False
2025-05-03,250503.0,SDPC 332,22818396,Nicole Dominguez,-0.2607699272415609,6868.385981644405,105,-0.2856051584074239,7107.822242402503,105,-0.2607699272415609,6868.385981644405,105,0.024835231165863003,-239.4362607580988,0,0.024835231165863003,239.4362607580988,0,False
2025-05-03,250503.0,SDPC 332,22829038,Mary Hansen,-0.0219227286386708,5409.095794077893,76,-0.0157456908643607,5426.728327121668,73,-0.0219227286386708,5409.095794077893,76,-0.0061770377743100985,-17.632533043775766,3,0.0061770377743100985,17.632533043775766,3,False
2025-05-03,250503.0,SDPC 332,22838801,Bonnie Smith,0.1144209787135083,4719.6669492460505,61,0.1205980164878184,4735.052086911631,62,0.1144209787135083,4719.6669492460505,61,-0.0061770377743100985,-15.38513766558026,-1,0.0061770377743100985,15.38513766558026,1,False
2025-05-03,250503.0,SDPC 332,22858066,Olga Brezo Fernandez,-0.0624820475776898,5632.99494092659,84,-0.0563050098033797,5651.357338860095,82,-0.0624820475776898,5632.99494092659,84,-0.0061770377743100985,-18.362397933505235,2,0.0061770377743100985,18.362397933505235,2,False
2025-05-03,250503.0,SDPC 332,22860511,Lydia Utkin,0.213057237217371,4276.359129983619,38,0.2582496145135005,4126.134981436597,34,0.213057237217371,4276.359129983619,38,-0.04519237729612949,150.2241485470222,4,0.04519237729612949,150.2241485470222,4,False
2025-05-03,250503.0,SDPC 332,22874878,Kara Bancroft,-0.200690284085601,6467.887177019207,103,-0.2291905296173716,6717.938073065103,104,-0.200690284085601,6467.887177019207,103,0.028500245531770607,-250.05089604589557,-1,0.028500245531770607,250.05089604589557,1,False
2025-05-03,250503.0,SDPC 332,23746602,Amanda Collman,-0.27761174327751,6985.041664179306,106,-0.3040509569229871,7240.148378040182,106,-0.27761174327751,6985.041664179306,106,0.026439213645477133,-255.10671386087597,0,0.026439213645477133,255.10671386087597,0,False
2025-05-03,250503.0,SDPC 332,23749445,Michaela Yaman,-0.0865457351676978,5770.189656489059,88,-0.0803686973933877,5788.9992808071,87,-0.0865457351676978,5770.189656489059,88,-0.0061770377743100985,-18.809624318040733,1,0.0061770377743100985,18.809624318040733,1,False
2025-05-03,250503.0,SDPC 332,23749556,Audrey Nelson,0.1508025190833706,4551.044172689563,48,0.1569795568576807,4565.8796349948325,51,0.1508025190833706,4551.044172689563,48,-0.006177037774310085,-14.835462305269175,-3,0.006177037774310085,14.835462305269175,3,False
2025-05-03,250503.0,SDPC 332,23750128,Jasmine Lambert,0.4816129245366611,3269.2032137051883,8,0.4955593250697283,3254.4764517242565,9,0.4816129245366611,3269.2032137051883,8,-0.013946400533067171,14.72676198093177,-1,0.013946400533067171,14.72676198093177,1,False
2025-05-03,250503.0,SDPC 332,23751210,Megan Royden,-0.1529267795866218,6166.219910264308,99,-0.1674912347853477,6315.973989887838,99,-0.1529267795866218,6166.219910264308,99,0.0145644551987259,-149.75407962352983,0,0.0145644551987259,149.75407962352983,0,False
2025-05-03,250503.0,SDPC 332,23764458,Megan Banks,0.1917814157661275,4368.316953632405,44,0.1979584535404376,4382.556763013296,44,0.1917814157661275,4368.316953632405,44,-0.006177037774310085,-14.23980938089153,0,0.006177037774310085,14.23980938089153,0,False
2025-05-03,250503.0,SDPC 332,23764496,Marie Mogni,-0.1195753502370746,5963.95925144053,94,-0.1133983124627645,5983.400524543505,93,-0.1195753502370746,5963.95925144053,94,-0.006177037774310112,-19.441273102974264,1,0.006177037774310112,19.441273102974264,1,False
2025-05-03,250503.0,SDPC 332,23764632,Annie Hansen,0.0650357199681598,4958.600254985087,64,0.0801167797032831,4930.665475166684,64,0.0650357199681598,4958.600254985087,64,-0.015081059735123303,27.934779818403513,0,0.015081059735123303,27.934779818403513,0,False
2025-05-03,250503.0,SDPC 332,23848490,Ryder Jackson,0.2041556228398818,4314.595560394189,40,0.2103326606141919,4328.660249149096,39,0.2041556228398818,4314.595560394189,40,-0.006177037774310085,-14.064688754906456,1,0.006177037774310085,14.064688754906456,1,False
2025-05-03,250503.0,SDPC 332,23855343,Elizabeth Winters,0.1461707086228243,4572.17264045045,52,0.1523477463971344,4587.076977188737,53,0.1461707086228243,4572.17264045045,52,-0.006177037774310085,-14.904336738287384,-1,0.006177037774310085,14.904336738287384,1,False
2025-05-03,250503.0,SDPC 332,23887819,Chris Viox,0.3505537530803754,3727.006860084548,22,0.3567307908546855,3739.156131259736,24,0.3505537530803754,3727.006860084548,22,-0.006177037774310112,-12.149271175188005,-2,0.006177037774310112,12.149271175188005,2,False
2025-05-03,250503.0,SDPC 332,23973497,Erin Manthey,-0.0885632887813468,5781.843075227527,89,-0.0823862510070367,5800.690687279351,89,-0.0885632887813468,5781.843075227527,89,-0.0061770377743100985,-18.84761205182349,0,0.0061770377743100985,18.84761205182349,0,False
2025-05-03,250503.0,SDPC 332,23987651,Jill Gregerson,-0.0513358557287956,5570.557117038752,81,-0.0451588179544855,5588.715980585958,78,-0.0513358557287956,5570.557117038752,81,-0.0061770377743100985,-18.158863547206238,3,0.0061770377743100985,18.158863547206238,3,False
2025-05-03,250503.0,SDPC 332,24004029,Sara Feyereisen,0.1468308872328403,4569.155186010958,51,0.1530079250071504,4584.049686472141,52,0.1468308872328403,4569.155186010958,51,-0.006177037774310112,-14.89450046118327,-1,0.006177037774310112,14.89450046118327,1,False
2025-05-03,250503.0,SDPC 332,24005690,Hannah Bevis,-0.0617895807145838,5629.095628817973,83,-0.0556125429402737,5647.445315800857,81,-0.0617895807145838,5629.095628817973,83,-0.0061770377743100985,-18.349686982884123,2,0.0061770377743100985,18.349686982884123,2,False
2025-05-03,250503.0,SDPC 332,24098367,Stephanie Klenzing,-0.0952548586815128,5820.662418640783,90,-0.0890778209072027,5839.636573719672,90,-0.0952548586815128,5820.662418640783,90,-0.0061770377743100985,-18.974155078889453,0,0.0061770377743100985,18.974155078889453,0,False
2025-05-03,250503.0,SDPC 332,24174014,Danielle Rumph,0.1959642602594343,4350.083124339316,42,0.2021412980337444,4364.263495209631,43,0.1959642602594343,4350.083124339316,42,-0.006177037774310085,-14.180370870315528,-1,0.006177037774310085,14.180370870315528,1,False
2025-05-09,250509.01,NH2025 - New Hampshire Speed Puzzling Championship,21927072,Katie Graham,-0.3147730722359221,7655.653499868918,4,-0.3065717424549604,7676.439910384491,4,-0.3147730722359221,7655.653499868918,4,-0.00820132978096172,-20.786410515573152,0,0.00820132978096172,20.786410515573152,0,False
2025-05-09,250509.01,NH2025 - New Hampshire Speed Puzzling Championship,22207268,Sarah Proctor,0.1323233507702138,4895.654483222394,1,0.1390719496701532,4916.083585105112,1,0.1323233507702138,4895.654483222394,1,-0.006748598899939423,-20.429101882717987,0,0.006748598899939423,20.429101882717987,0,False
2025-05-09,250509.01,NH2025 - New Hampshire Speed Puzzling Championship,22829038,Mary Hansen,-0.0452023001330771,5846.677916306507,3,-0.0374902521568226,5865.421790462883,3,-0.0452023001330771,5846.677916306507,3,-0.0077120479762545005,-18.743874156376478,0,0.0077120479762545005,18.743874156376478,0,False
2025-05-09,250509.01,NH2025 - New Hampshire Speed Puzzling Championship,23764632,Annie Hansen,0.014315888851952,5508.847484951414,2,0.046218020407244,5394.42559675698,2,0.014315888851952,5508.847484951414,2,-0.031902131555292,114.42188819443436,0,0.031902131555292,114.42188819443436,0,False
2025-05-09,250509.02,SC2025 - South Carolina Speed Puzzling Championship,18518434,Elizabeth McElveen,0.2495553662880792,5166.965796258657,1,0.2084077605427178,5296.300034178813,1,0.2495553662880792,5166.965796258657,1,0.04114760574536139,-129.33423792015583,0,0.04114760574536139,129.33423792015583,0,False
2025-05-09,250509.02,SC2025 - South Carolina Speed Puzzling Championship,22325363,Marianne Bruno,-0.4949670209096484,10878.713792396957,3,-0.5421067371867578,11218.037430632456,3,-0.4949670209096484,10878.713792396957,3,0.047139716277109445,-339.32363823549895,0,0.047139716277109445,339.32363823549895,0,False
2025-05-09,250509.02,SC2025 - South Carolina Speed Puzzling Championship,23767835,John Vullo,0.0647166994561256,6215.985600017716,2,0.0708801946424232,6077.151214392235,2,0.0647166994561256,6215.985600017716,2,-0.006163495186297607,138.83438562548145,0,0.006163495186297607,138.83438562548145,0,False
2025-05-09,250509.03,KS2025 - Kansas Speed Puzzling Championship,22250420,Julie Headlee,-0.5669520113886645,8968.930116305475,1,-0.6209474410447278,9214.368970286305,1,-0.5669520113886645,8968.930116305475,1,0.0539954296560633,-245.43885398082966,0,0.0539954296560633,245.43885398082966,0,False
2025-05-24,250524.0,VA2025 - Virginia Speed Puzzling Championship,17593434,Jonathan Cluff,0.1037395663107282,4967.568118195732,25,0.123069835609712,4891.088207416145,25,0.1037395663107282,4967.568118195732,25,-0.019330269298983807,76.47991077958613,0,0.019330269298983807,76.47991077958613,0,False
2025-05-24,250524.0,VA2025 - Virginia Speed Puzzling Championship,17915498,Melynda Owens,0.2565907376667218,4263.452323959299,12,0.280401091072471,4179.048380999365,12,0.2565907376667218,4263.452323959299,12,-0.02381035340574922,84.40394295993428,0,0.02381035340574922,84.40394295993428,0,False
2025-05-24,250524.0,VA2025 - Virginia Speed Puzzling Championship,20729491,Simmie Berman,0.5052684375203381,3324.773451543422,1,0.5454040256083923,3206.181374471466,1,0.5052684375203381,3324.773451543422,1,-0.040135588088054175,118.59207707195628,0,0.040135588088054175,118.59207707195628,0,False
2025-05-24,250524.0,VA2025 - Virginia Speed Puzzling Championship,20850953,Aimee Seligstein,0.3034779432856982,4068.1649727891686,7,0.3335183434924767,3962.861273419822,8,0.3034779432856982,4068.1649727891686,7,-0.030040400206778506,105.30369936934676,-1,0.030040400206778506,105.30369936934676,1,False
2025-05-24,250524.0,VA2025 - Virginia Speed Puzzling Championship,21141700,Chelsea Jacobs,-0.3410932711433939,7750.5456363408575,43,-0.3735783445856218,8037.05719951403,43,-0.3410932711433939,7750.5456363408575,43,0.032485073442227896,-286.51156317317236,0,0.032485073442227896,286.51156317317236,0,False
2025-05-24,250524.0,VA2025 - Virginia Speed Puzzling Championship,21181439,Chelsea Widmaier,0.2292941755010362,4381.432820806574,18,0.2708059293873572,4219.340019168891,14,0.2292941755010362,4381.432820806574,18,-0.041511753886321,162.0928016376829,4,0.041511753886321,162.0928016376829,4,False
2025-05-24,250524.0,VA2025 - Virginia Speed Puzzling Championship,21414212,Kelley Vallecillo,0.2884998703520923,4129.556862830078,11,0.3180105291697531,4024.795581890641,11,0.2884998703520923,4129.556862830078,11,-0.029510658817660795,104.7612809394368,0,0.029510658817660795,104.7612809394368,0,False
2025-05-24,250524.0,VA2025 - Virginia Speed Puzzling Championship,21551407,Carolyn Papke,0.1662482900643093,4666.557670572066,23,0.1893434157520189,4577.446161245221,23,0.1662482900643093,4666.557670572066,23,-0.023095125687709606,89.1115093268445,0,0.023095125687709606,89.1115093268445,0,False
2025-05-24,250524.0,VA2025 - Virginia Speed Puzzling Championship,21583590,Lindsay Wang,0.3680690984433143,3813.703926138229,5,0.4014073080046926,3702.755764493888,5,0.3680690984433143,3813.703926138229,5,-0.033338209561378285,110.94816164434087,0,0.033338209561378285,110.94816164434087,0,False
2025-05-24,250524.0,VA2025 - Virginia Speed Puzzling Championship,21594891,Kinsey Keltz,0.1609366042038018,4691.410906825803,24,0.1905349963856966,4571.995013433849,22,0.1609366042038018,4691.410906825803,24,-0.029598392181894806,119.41589339195434,2,0.029598392181894806,119.41589339195434,2,False
2025-05-24,250524.0,VA2025 - Virginia Speed Puzzling Championship,21832826,Krystal Cotriss,-0.0293990370683424,5674.991193164937,31,-0.0321989453605654,5712.653330030045,32,-0.0293990370683424,5674.991193164937,31,0.002799908292222996,-37.66213686510855,-1,0.002799908292222996,37.66213686510855,1,False
2025-05-24,250524.0,VA2025 - Virginia Speed Puzzling Championship,21848873,Eric Goulet,0.4025165085475216,3684.5686600455,4,0.4376853567330145,3570.834403347457,4,0.4025165085475216,3684.5686600455,4,-0.03516884818549293,113.73425669804328,0,0.03516884818549293,113.73425669804328,0,False
2025-05-24,250524.0,VA2025 - Virginia Speed Puzzling Championship,21861742,Rachel DiDonna,-0.162921562916139,6485.646713723642,37,-0.1375940411526265,6347.612086405137,35,-0.162921562916139,6485.646713723642,37,-0.025327521763512495,138.03462731850504,2,0.025327521763512495,138.03462731850504,2,False
2025-05-24,250524.0,VA2025 - Virginia Speed Puzzling Championship,21906515,Elizabeth Sondag,0.048010048655378,5252.267697778912,27,0.0525824342416045,5248.289517890279,27,0.048010048655378,5252.267697778912,27,-0.004572385586226496,3.978179888633349,0,0.004572385586226496,3.978179888633349,0,False
2025-05-24,250524.0,VA2025 - Virginia Speed Puzzling Championship,21933468,Laurie Marcey,0.2052524735000976,4488.046373452013,19,0.2307308384894937,4391.864328586059,18,0.2052524735000976,4488.046373452013,19,-0.025478364989396096,96.18204486595369,1,0.025478364989396096,96.18204486595369,1,False
2025-05-24,250524.0,VA2025 - Virginia Speed Puzzling Championship,22060891,Kirsty Weitzel,0.2429748970166856,4321.899814311201,14,0.2565262201403762,4280.023205831605,17,0.2429748970166856,4321.899814311201,14,-0.01355132312369059,41.87660847959614,-3,0.01355132312369059,41.87660847959614,3,False
2025-05-24,250524.0,VA2025 - Virginia Speed Puzzling Championship,22333204,Soon Kim,-0.1316518683212873,6285.9805409541295,35,-0.1441901414947432,6389.619964440899,36,-0.1316518683212873,6285.9805409541295,35,0.012538273173455905,-103.63942348676937,-1,0.012538273173455905,103.63942348676937,1,False
2025-05-24,250524.0,VA2025 - Virginia Speed Puzzling Championship,22389912,Tazia Statucki,0.1742170441507816,4629.518792919169,22,0.1978754131053544,4538.5575374379005,21,0.1742170441507816,4629.518792919169,22,-0.023658368954572795,90.96125548126838,1,0.023658368954572795,90.96125548126838,1,False
2025-05-24,250524.0,VA2025 - Virginia Speed Puzzling Championship,22408132,Jen Lunsford,0.4112848466317179,3652.4023449910974,3,0.4417364281230136,3556.39795953314,3,0.4112848466317179,3652.4023449910974,3,-0.03045158149129573,96.0043854579576,0,0.03045158149129573,96.0043854579576,0,False
2025-05-24,250524.0,VA2025 - Virginia Speed Puzzling Championship,22477087,Toni MacReynolds,0.1830232919046487,4588.929087260316,21,0.1798809898202568,4620.9654809551885,24,0.1830232919046487,4588.929087260316,21,0.003142302084391896,-32.03639369487246,-3,0.003142302084391896,32.03639369487246,3,False
2025-05-24,250524.0,VA2025 - Virginia Speed Puzzling Championship,22477088,Samantha Saake,0.3154974731668542,4019.560230568531,6,0.3423162806141249,3928.149190379779,6,0.3154974731668542,4019.560230568531,6,-0.026818807447270665,91.41104018875194,0,0.026818807447270665,91.41104018875194,0,False
2025-05-24,250524.0,VA2025 - Virginia Speed Puzzling Championship,22488537,Shannon Anderson,-0.1793065498985305,6592.789318777376,38,-0.196383364174581,6731.971318298872,38,-0.1793065498985305,6592.789318777376,38,0.017076814276050484,-139.18199952149553,0,0.017076814276050484,139.18199952149553,0,False
2025-05-24,250524.0,VA2025 - Virginia Speed Puzzling Championship,22549913,Sabrina Monserate-Lindsay,0.2393667282234267,4337.522125367656,16,0.21183429964311,4475.644447619655,20,0.2393667282234267,4337.522125367656,16,0.02753242858031668,-138.1223222519984,-4,0.02753242858031668,138.1223222519984,4,False
2025-05-24,250524.0,VA2025 - Virginia Speed Puzzling Championship,22651572,Jeanette Ward,-0.5099945292941491,9176.67100943758,47,-0.5585654368459729,9670.2106054499,47,-0.5099945292941491,9176.67100943758,47,0.048570907551823805,-493.53959601232054,0,0.048570907551823805,493.53959601232054,0,False
2025-05-24,250524.0,VA2025 - Virginia Speed Puzzling Championship,22691193,Wendy Weigant,0.0398156231571797,5295.483838020679,29,0.0149562955027052,5449.524494427983,29,0.0398156231571797,5295.483838020679,29,0.024859327654474503,-154.0406564073037,0,0.024859327654474503,154.0406564073037,0,False
2025-05-24,250524.0,VA2025 - Virginia Speed Puzzling Championship,22732942,Melissa Ryburn,-0.1500298380458531,6402.572178267241,36,-0.16431839405022,6519.534943384622,37,-0.1500298380458531,6402.572178267241,36,0.014288556004366904,-116.96276511738142,-1,0.014288556004366904,116.96276511738142,1,False
2025-05-24,250524.0,VA2025 - Virginia Speed Puzzling Championship,22816351,Michelle Malcom,-0.0399092176804871,5734.950917395269,32,-0.0321690909064746,5712.482784429251,31,-0.0399092176804871,5734.950917395269,32,-0.0077401267740125,22.468132966017947,1,0.0077401267740125,22.468132966017947,1,False
2025-05-24,250524.0,VA2025 - Virginia Speed Puzzling Championship,22816373,Aurali Dade,-0.0935867875438891,6051.200983287395,34,-0.087409749769579,6036.92273654122,33,-0.0935867875438891,6051.200983287395,34,-0.0061770377743100985,14.278246746174773,1,0.0061770377743100985,14.278246746174773,1,False
2025-05-24,250524.0,VA2025 - Virginia Speed Puzzling Championship,22818396,Nicole Dominguez,-0.1995181011150645,6727.395535712408,39,-0.2431784650346055,7054.481697872573,39,-0.1995181011150645,6727.395535712408,39,0.043660363919541006,-327.08616216016526,0,0.043660363919541006,327.08616216016526,0,False
2025-05-24,250524.0,VA2025 - Virginia Speed Puzzling Championship,22820661,Joe Feehan,-0.0120511728754395,5577.391239718942,30,-0.0131989036254814,5605.137317142236,30,-0.0120511728754395,5577.391239718942,30,0.0011477307500419014,-27.746077423293173,0,0.0011477307500419014,27.746077423293173,0,False
2025-05-24,250524.0,VA2025 - Virginia Speed Puzzling Championship,22861870,Jenna Wyly,0.2986967201472946,4087.662350802713,9,0.3342431480202553,3959.990014302396,7,0.2986967201472946,4087.662350802713,9,-0.035546427872960695,127.67233650031676,2,0.035546427872960695,127.67233650031676,2,False
2025-05-24,250524.0,VA2025 - Virginia Speed Puzzling Championship,22862138,Michelle Bone,0.2998025935911381,4083.14441215618,8,0.3298506982657068,3977.422328723642,9,0.2998025935911381,4083.14441215618,8,-0.0300481046745687,105.72208343253806,-1,0.0300481046745687,105.72208343253806,1,False
2025-05-24,250524.0,VA2025 - Virginia Speed Puzzling Championship,22871046,Austin Hope,-0.2233561730259635,6889.690387120784,40,-0.2446281895046267,7064.71616940273,40,-0.2233561730259635,6889.690387120784,40,0.021272016478663197,-175.0257822819458,0,0.021272016478663197,175.0257822819458,0,False
2025-05-24,250524.0,VA2025 - Virginia Speed Puzzling Championship,23740970,Rebecca Widmayer,0.1938692949979819,4539.426486139393,20,0.2187469711313628,4444.812476275106,19,0.1938692949979819,4539.426486139393,20,-0.024877676133380905,94.61400986428725,1,0.024877676133380905,94.61400986428725,1,False
2025-05-24,250524.0,VA2025 - Virginia Speed Puzzling Championship,23741580,Lindsay Cooper,0.0607193251654637,5185.937572089665,26,0.066502118038365,5175.741084351857,26,0.0607193251654637,5185.937572089665,26,-0.005782792872901302,10.196487737807729,0,0.005782792872901302,10.196487737807729,0,False
2025-05-24,250524.0,VA2025 - Virginia Speed Puzzling Championship,23741751,Andrew Dunkman,-0.2780820535372927,7277.242609073079,42,-0.3045660586360825,7501.10775482354,42,-0.2780820535372927,7277.242609073079,42,0.026484005098789787,-223.86514575046112,0,0.026484005098789787,223.86514575046112,0,False
2025-05-24,250524.0,VA2025 - Virginia Speed Puzzling Championship,23742161,Laresa Meadows,-0.4078631033328567,8285.716077702862,45,-0.4467072084121764,8646.822047232961,45,-0.4078631033328567,8285.716077702862,45,0.038844105079319735,-361.1059695300992,0,0.038844105079319735,361.1059695300992,0,False
2025-05-24,250524.0,VA2025 - Virginia Speed Puzzling Championship,23750128,Jasmine Lambert,0.4826550516076362,3400.8143676031023,2,0.495491772277549,3370.2700657735304,2,0.4826550516076362,3400.8143676031023,2,-0.01283672066991276,30.54430182957185,0,0.01283672066991276,30.54430182957185,0,False
2025-05-24,250524.0,VA2025 - Virginia Speed Puzzling Championship,23751210,Megan Royden,-0.05953553548882,5848.618677871867,33,-0.1098979545204201,6174.220292763117,34,-0.05953553548882,5848.618677871867,33,0.0503624190316001,-325.6016148912504,-1,0.0503624190316001,325.6016148912504,1,False
2025-05-24,250524.0,VA2025 - Virginia Speed Puzzling Championship,23763793,Michael Ha,0.2503536312031067,4290.127030023408,13,0.2781871191338381,4188.310926569581,13,0.2503536312031067,4290.127030023408,13,-0.02783348793073137,101.81610345382705,0,0.02783348793073137,101.81610345382705,0,False
2025-05-24,250524.0,VA2025 - Virginia Speed Puzzling Championship,23764537,Soren Hansen,0.0444430031080624,5271.036230087779,28,0.048675670070735,5268.833451358892,28,0.0444430031080624,5271.036230087779,28,-0.004232666962672597,2.202778728887097,0,0.004232666962672597,2.202778728887097,0,False
2025-05-24,250524.0,VA2025 - Virginia Speed Puzzling Championship,23786576,Dawn-Marie Bey,-0.3707316994011447,7983.69769016388,44,-0.4060394802964918,8302.229821704494,44,-0.3707316994011447,7983.69769016388,44,0.035307780895347085,-318.5321315406136,0,0.035307780895347085,318.5321315406136,0,False
2025-05-24,250524.0,VA2025 - Virginia Speed Puzzling Championship,23839280,Amanda McDermott,-0.4620079110869877,8746.71223789763,46,-0.5060086645238436,9175.100211969577,46,-0.4620079110869877,8746.71223789763,46,0.044000753436855944,-428.3879740719476,0,0.044000753436855944,428.3879740719476,0,False
2025-05-24,250524.0,VA2025 - Virginia Speed Puzzling Championship,24138695,Nathalia Garcia,-0.2693718115864478,7214.131321517018,41,-0.2950262698327761,7429.889017029919,41,-0.2693718115864478,7214.131321517018,41,0.025654458246328282,-215.7576955129016,0,0.025654458246328282,215.7576955129016,0,False
2025-05-24,250524.0,VA2025 - Virginia Speed Puzzling Championship,24184814,Alexandra Michonski,0.2396145492814777,4336.447329229283,15,0.2673337857479016,4234.015636961804,15,0.2396145492814777,4336.447329229283,15,-0.027719236466423908,102.43169226747887,0,0.027719236466423908,102.43169226747887,0,False
2025-05-24,250524.0,VA2025 - Virginia Speed Puzzling Championship,24719281,Caitlyn McMahan,0.2971081055904745,4094.1612314580007,10,0.3270678106884593,3988.506463709101,10,0.2971081055904745,4094.1612314580007,10,-0.02995970509798479,105.65476774889976,0,0.02995970509798479,105.65476774889976,0,False
2025-05-24,250524.0,VA2025 - Virginia Speed Puzzling Championship,24728793,Jamie Marsigit,0.2381431883367664,4342.83250476533,17,0.2650844318135226,4243.55015592683,16,0.2381431883367664,4342.83250476533,17,-0.026941243476756194,99.28234883850018,1,0.026941243476756194,99.28234883850018,1,False
2025-06-13,250613.03,OK2025 - Oklahoma Speed Puzzling Championship,24123556,Caleigh Shaw,-0.1692693834248476,6458.546310494857,1,-0.1610680536438859,6432.116203937052,1,-0.1692693834248476,6458.546310494857,1,-0.008201329780961691,26.43010655780472,0,0.008201329780961691,26.43010655780472,0,False
2025-06-20,250620.0,OH2025 - Ohio Speed Puzzling Championship,17731877,Josh Trauger,0.3769113757063375,3979.041801827386,6,0.4104190146230244,3866.0218269531415,6,0.3769113757063375,3979.041801827386,6,-0.0335076389166869,113.01997487424433,0,0.0335076389166869,113.01997487424433,0,False
2025-06-20,250620.0,OH2025 - Ohio Speed Puzzling Championship,17915498,Melynda Owens,0.2577927713210661,4482.404590505499,13,0.2785766085620271,4410.854490494882,13,0.2577927713210661,4482.404590505499,13,-0.020783837240961,71.55010001061692,0,0.020783837240961,71.55010001061692,0,False
2025-06-20,250620.0,OH2025 - Ohio Speed Puzzling Championship,18624739,Katherine Dilks,0.4537116846828017,3684.8901974178416,3,0.4948724045992414,3552.930076334144,3,0.4537116846828017,3684.8901974178416,3,-0.041160719916439714,131.9601210836977,0,0.041160719916439714,131.9601210836977,0,False
2025-06-20,250620.0,OH2025 - Ohio Speed Puzzling Championship,19573602,Isabel Urrutia,0.1094581739465022,5199.145258757536,21,0.0849311123664543,5353.30393853568,23,0.1094581739465022,5199.145258757536,21,0.0245270615800479,-154.15867977814378,-2,0.0245270615800479,154.15867977814378,2,False
2025-06-20,250620.0,OH2025 - Ohio Speed Puzzling Championship,19892655,Linda Hirschfeld,0.0945066736539508,5277.464315317296,23,0.1035073092400414,5254.777863755327,22,0.0945066736539508,5277.464315317296,23,-0.0090006355860906,22.68645156196817,1,0.0090006355860906,22.68645156196817,1,False
2025-06-20,250620.0,OH2025 - Ohio Speed Puzzling Championship,19958106,Taylor Reed,0.3426347605018904,4117.794284682261,8,0.3812347350615319,3980.511410757671,8,0.3426347605018904,4117.794284682261,8,-0.03859997455964148,137.2828739245897,0,0.03859997455964148,137.2828739245897,0,False
2025-06-20,250620.0,OH2025 - Ohio Speed Puzzling Championship,20539458,Kyle Kossin,0.5295489445978551,3415.7717921204976,2,0.5707568653396841,3293.2936582487605,2,0.5295489445978551,3415.7717921204976,2,-0.041207920741828996,122.4781338717371,0,0.041207920741828996,122.4781338717371,0,False
2025-06-20,250620.0,OH2025 - Ohio Speed Puzzling Championship,20568290,John Walczak,-0.2462639776690955,7420.277017493102,35,-0.269717689828057,7632.097666950361,35,-0.2462639776690955,7420.277017493102,35,0.0234537121589615,-211.8206494572587,0,0.0234537121589615,211.8206494572587,0,False
2025-06-20,250620.0,OH2025 - Ohio Speed Puzzling Championship,20737327,Amy Paull,0.3551825910867622,4066.447717328501,7,0.3880140149785786,3953.6176727799134,7,0.3551825910867622,4066.447717328501,7,-0.032831423891816425,112.83004454858747,0,0.032831423891816425,112.83004454858747,0,False
2025-06-20,250620.0,OH2025 - Ohio Speed Puzzling Championship,20862341,Sara Mainwaring,-0.247321859169984,7428.13094481114,37,-0.2708763219480777,7640.945585201756,37,-0.247321859169984,7428.13094481114,37,0.0235544627780937,-212.81464039061666,0,0.0235544627780937,212.81464039061666,0,False
2025-06-20,250620.0,OH2025 - Ohio Speed Puzzling Championship,21173211,Natalie Hinkley,-0.1942403482594236,7044.116722390705,33,-0.1923545389071909,7063.916058095681,32,-0.1942403482594236,7044.116722390705,33,-0.0018858093522327035,-19.79933570497633,1,0.0018858093522327035,19.79933570497633,1,False
2025-06-20,250620.0,OH2025 - Ohio Speed Puzzling Championship,21552281,Rita Loeffler,0.2356677515512009,4582.683122303275,14,0.2626532996276753,4481.652059092055,14,0.2356677515512009,4582.683122303275,14,-0.026985548076474408,101.03106321121959,0,0.026985548076474408,101.03106321121959,0,False
2025-06-20,250620.0,OH2025 - Ohio Speed Puzzling Championship,21553962,Michelle Parsons,-0.0422005495236303,6050.572902761895,27,-0.0431789181915499,6084.983162952345,27,-0.0422005495236303,6050.572902761895,27,0.000978368667919595,-34.41026019044966,0,0.000978368667919595,34.41026019044966,0,False
2025-06-20,250620.0,OH2025 - Ohio Speed Puzzling Championship,21554245,Betha Maust,-0.0476245813560708,6083.480568224568,28,-0.0521602557709347,6139.880608125283,28,-0.0476245813560708,6083.480568224568,28,0.004535674414863904,-56.400039900715456,0,0.004535674414863904,56.400039900715456,0,False
2025-06-20,250620.0,OH2025 - Ohio Speed Puzzling Championship,21594891,Kinsey Keltz,0.1684180711858821,4901.46598763766,17,0.1924466602974065,4807.601835899827,17,0.1684180711858821,4901.46598763766,17,-0.024028589111524418,93.8641517378328,0,0.024028589111524418,93.8641517378328,0,False
2025-06-20,250620.0,OH2025 - Ohio Speed Puzzling Championship,21903766,Bridget Flatley,0.0017070832753665,5790.65452612643,26,0.0018696626349252,5816.945981871498,26,0.0017070832753665,5790.65452612643,26,-0.00016257935955870002,-26.29145574506765,0,0.00016257935955870002,26.29145574506765,0,False
2025-06-20,250620.0,OH2025 - Ohio Speed Puzzling Championship,21924776,Nicholas Mueller,0.3205863605606287,4209.593352384807,11,0.3315360567384602,4183.335875211868,11,0.3205863605606287,4209.593352384807,11,-0.01094969617783148,26.257477172938707,0,0.01094969617783148,26.257477172938707,0,False
2025-06-20,250620.0,OH2025 - Ohio Speed Puzzling Championship,21925467,Ameenah Saafir,-0.0543043275659268,6124.252696627088,29,-0.0622399519496299,6202.08169662929,29,-0.0543043275659268,6124.252696627088,29,0.0079356243837031,-77.82900000220161,0,0.0079356243837031,77.82900000220161,0,False
2025-06-20,250620.0,OH2025 - Ohio Speed Puzzling Championship,21926468,Meredith Yeager,0.1384183584819112,5050.736398923466,19,0.1872974261919243,4832.421148625092,18,0.1384183584819112,5050.736398923466,19,-0.0488790677100131,218.31525029837394,1,0.0488790677100131,218.31525029837394,1,False
2025-06-20,250620.0,OH2025 - Ohio Speed Puzzling Championship,21930531,Beth Luebbe,-0.1451473172059227,6706.651062617112,30,-0.1589708712255344,6831.989451452012,30,-0.1451473172059227,6706.651062617112,30,0.013823554019611717,-125.33838883489989,0,0.013823554019611717,125.33838883489989,0,False
2025-06-20,250620.0,OH2025 - Ohio Speed Puzzling Championship,21976246,Edith Lewis,0.4008144031398202,3885.0583754688446,5,0.4423633988268687,3744.475832079604,5,0.4008144031398202,3885.0583754688446,5,-0.04154899568704851,140.58254338924053,0,0.04154899568704851,140.58254338924053,0,False
2025-06-20,250620.0,OH2025 - Ohio Speed Puzzling Championship,21978123,Tiffany Jiamachello,0.0332670617006698,5610.755333402468,24,0.0410061816162844,5593.688226383953,24,0.0332670617006698,5610.755333402468,24,-0.007739119915614601,17.067107018514434,0,0.007739119915614601,17.067107018514434,0,False
2025-06-20,250620.0,OH2025 - Ohio Speed Puzzling Championship,21988310,Ashley Bromiley,0.3348798393558843,4149.851594954913,9,0.3565591519480228,4079.9547159405774,9,0.3348798393558843,4149.851594954913,9,-0.02167931259213851,69.89687901433535,0,0.02167931259213851,69.89687901433535,0,False
2025-06-20,250620.0,OH2025 - Ohio Speed Puzzling Championship,22060102,Christine Durkin,0.096437714800872,5267.283147863377,22,0.1056222590676217,5243.676016281836,21,0.096437714800872,5267.283147863377,22,-0.009184544266749695,23.60713158154067,1,0.009184544266749695,23.60713158154067,1,False
2025-06-20,250620.0,OH2025 - Ohio Speed Puzzling Championship,22195650,Sarah Meyer,0.2938595450454213,4323.619365888425,12,0.323585629065628,4216.727748465933,12,0.2938595450454213,4323.619365888425,12,-0.02972608402020671,106.89161742249235,0,0.02972608402020671,106.89161742249235,0,False
2025-06-20,250620.0,OH2025 - Ohio Speed Puzzling Championship,22251076,Jessica Henderson,0.1213499597156299,5137.684301712837,20,0.1523977643741006,5004.048460419615,20,0.1213499597156299,5137.684301712837,20,-0.031047804658470707,133.63584129322135,0,0.031047804658470707,133.63584129322135,0,False
2025-06-20,250620.0,OH2025 - Ohio Speed Puzzling Championship,22465006,Calie Curran,0.322418139961841,4201.889364152083,10,0.3529483784013105,4094.713137124449,10,0.322418139961841,4201.889364152083,10,-0.030530238439469504,107.17622702763356,0,0.030530238439469504,107.17622702763356,0,False
2025-06-20,250620.0,OH2025 - Ohio Speed Puzzling Championship,22490556,Cecilia Frew,-0.273505493474594,7625.19507811922,38,-0.2995536357102696,7863.239541838633,38,-0.273505493474594,7625.19507811922,38,0.026048142235675587,-238.04446371941322,0,0.026048142235675587,238.04446371941322,0,False
2025-06-20,250620.0,OH2025 - Ohio Speed Puzzling Championship,22607906,Jason Pipkin,0.2140742580901362,4682.715396587327,15,0.2332272501777909,4615.488861161744,15,0.2140742580901362,4682.715396587327,15,-0.019152992087654697,67.22653542558237,0,0.019152992087654697,67.22653542558237,0,False
2025-06-20,250620.0,OH2025 - Ohio Speed Puzzling Championship,22673646,Gloria Johnston,-0.4464367987662845,9064.71325380814,41,-0.4310165959386527,8967.990596493024,41,-0.4464367987662845,9064.71325380814,41,-0.01542020282763179,96.72265731511652,0,0.01542020282763179,96.72265731511652,0,False
2025-06-20,250620.0,OH2025 - Ohio Speed Puzzling Championship,22818857,Sami Heathcote,-0.2410988138623345,7382.048883483703,34,-0.2640606056587473,7589.044141587077,34,-0.2410988138623345,7382.048883483703,34,0.022961791796412778,-206.995258103374,0,0.022961791796412778,206.995258103374,0,False
2025-06-20,250620.0,OH2025 - Ohio Speed Puzzling Championship,22861827,Cory Mainwaring,-0.1713394107987236,6884.632979557857,31,-0.1876574499224116,7030.81401826299,31,-0.1713394107987236,6884.632979557857,31,0.016318039123687983,-146.1810387051337,0,0.016318039123687983,146.1810387051337,0,False
2025-06-20,250620.0,OH2025 - Ohio Speed Puzzling Championship,22871065,Cathy Luers,-0.348012037468095,8215.022169736345,40,-0.381156041036485,8531.806169629532,40,-0.348012037468095,8215.022169736345,40,0.03314400356838998,-316.7839998931868,0,0.03314400356838998,316.7839998931868,0,False
2025-06-20,250620.0,OH2025 - Ohio Speed Puzzling Championship,22871573,Carley Lauer,0.1874342508950852,4809.139460697656,16,0.211989609483503,4714.559242124976,16,0.1874342508950852,4809.139460697656,16,-0.024555358588417814,94.58021857268068,0,0.024555358588417814,94.58021857268068,0,False
2025-06-20,250620.0,OH2025 - Ohio Speed Puzzling Championship,23742220,Ari Cotter,0.008285446783883,5752.686516308087,25,0.0090745369537767,5775.186234663967,25,0.008285446783883,5752.686516308087,25,-0.000789090169893699,-22.49971835587985,0,0.000789090169893699,22.49971835587985,0,False
2025-06-20,250620.0,OH2025 - Ohio Speed Puzzling Championship,23746602,Amanda Collman,-0.1732890692338386,6898.068755650243,32,-0.2370516616218772,7386.815359393805,33,-0.1732890692338386,6898.068755650243,32,0.06376259238803861,-488.74660374356245,-1,0.06376259238803861,488.74660374356245,1,False
2025-06-20,250620.0,OH2025 - Ohio Speed Puzzling Championship,23750482,Amber Spires,0.1522310018249483,4981.4519804620695,18,0.1739969315721242,4897.124076743433,19,0.1522310018249483,4981.4519804620695,18,-0.021765929747175894,84.32790371863666,-1,0.021765929747175894,84.32790371863666,1,False
2025-06-20,250620.0,OH2025 - Ohio Speed Puzzling Championship,23751126,Faye Alleman,-0.2467076391333941,7423.569838855149,36,-0.2702036047651459,7635.807118373981,36,-0.2467076391333941,7423.569838855149,36,0.02349596563175177,-212.2372795188321,0,0.02349596563175177,212.2372795188321,0,False
2025-06-20,250620.0,OH2025 - Ohio Speed Puzzling Championship,23758655,Hannah Doyle,0.6159836321067456,3132.9303498934128,1,0.6620385579019192,3005.988553280881,1,0.6159836321067456,3132.9303498934128,1,-0.04605492579517367,126.94179661253156,0,0.04605492579517367,126.94179661253156,0,False
2025-06-20,250620.0,OH2025 - Ohio Speed Puzzling Championship,23764523,Aubrey Barrow,0.4151777628468205,3829.654728301896,4,0.450763115837153,3713.155021863199,4,0.4151777628468205,3829.654728301896,4,-0.0355853529903325,116.49970643869665,0,0.0355853529903325,116.49970643869665,0,False
2025-06-20,250620.0,OH2025 - Ohio Speed Puzzling Championship,23764828,Kandace Gordon,-0.4622825502764673,9209.494501991829,42,-0.506309459826607,9669.286299398354,42,-0.4622825502764673,9209.494501991829,42,0.044026909550139715,-459.7917974065258,0,0.044026909550139715,459.7917974065258,0,False
2025-06-20,250620.0,OH2025 - Ohio Speed Puzzling Championship,23764862,Jessica Cutshall,-0.2780820535372927,7660.172217824993,39,-0.3045660586360825,7902.752368761147,39,-0.2780820535372927,7660.172217824993,39,0.026484005098789787,-242.5801509361545,0,0.026484005098789787,242.5801509361545,0,False
2025-07-05,250705.0,SPDC 366,17593434,Jonathan Cluff,0.1320901246853167,6859.513868154656,59,0.1423992679899427,6826.444836298331,57,0.1320901246853167,6859.513868154656,59,-0.010309143304626012,33.06903185632473,2,0.010309143304626012,33.06903185632473,2,False
2025-07-05,250705.0,SPDC 366,17731882,Noelle Marshall,0.0813362680780178,7216.646931659207,68,0.0875133058523279,7211.593781757877,69,0.0813362680780178,7216.646931659207,68,-0.0061770377743100985,5.053149901330471,-1,0.0061770377743100985,5.053149901330471,1,False
2025-07-05,250705.0,SPDC 366,17731921,Kaitlin MacKenzie,0.4385796412282482,5048.7821610835545,11,0.4463018294237867,5037.457320393897,14,0.4385796412282482,5048.7821610835545,11,-0.007722188195538493,11.324840689657321,-3,0.007722188195538493,11.324840689657321,3,False
2025-07-05,250705.0,SPDC 366,17731928,Kara Taylor,0.205648512660448,6373.050157103038,45,0.2099484479144541,6380.553418892366,46,0.205648512660448,6373.050157103038,45,-0.004299935254006099,-7.503261789327553,-1,0.004299935254006099,7.503261789327553,1,False
2025-07-05,250705.0,SPDC 366,17731931,Jessica Graber,0.0312927988642919,7586.982124983586,81,0.0342730654227959,7605.945308138975,79,0.0312927988642919,7586.982124983586,81,-0.0029802665585040022,-18.963183155388833,2,0.0029802665585040022,18.963183155388833,2,False
2025-07-05,250705.0,SPDC 366,17887918,Aly Krasny,0.3557562512681276,5484.744153843413,22,0.3639575810490894,5469.819967755101,24,0.3557562512681276,5484.744153843413,22,-0.008201329780961775,14.924186088312126,-2,0.008201329780961775,14.924186088312126,2,False
2025-07-05,250705.0,SPDC 366,17915498,Melynda Owens,0.2604952508437789,6032.921866575149,34,0.2784765910515082,5957.951376601239,33,0.2604952508437789,6032.921866575149,34,-0.01798134020772929,74.97048997390993,1,0.01798134020772929,74.97048997390993,1,False
2025-07-05,250705.0,SPDC 366,18141627,Alyssa Zackler,0.3747634002647662,5381.4792986181,20,0.4084124288869759,5231.985566189896,19,0.3747634002647662,5381.4792986181,20,-0.0336490286222097,149.49373242820366,1,0.0336490286222097,149.49373242820366,1,False
2025-07-05,250705.0,SPDC 366,18141628,Allison Treacy,-0.1691792820384285,9271.136587174218,116,-0.1630022442641184,9264.64486832276,115,-0.1691792820384285,9271.136587174218,116,-0.006177037774310085,6.491718851457335,1,0.006177037774310085,6.491718851457335,1,False
2025-07-05,250705.0,SPDC 366,18282851,Michelle Kaufman,0.120730305119672,6937.880983407683,64,0.1211497322232929,6973.055810861243,64,0.120730305119672,6937.880983407683,64,-0.00041942710362088964,-35.17482745356028,0,0.00041942710362088964,35.17482745356028,0,False
2025-07-05,250705.0,SPDC 366,18518434,Elizabeth McElveen,0.2939218225882289,5834.5951285601095,31,0.2433178415712272,6171.151459008228,37,0.2939218225882289,5834.5951285601095,31,0.0506039810170017,-336.5563304481184,-6,0.0506039810170017,336.5563304481184,6,False
2025-07-05,250705.0,SPDC 366,18641373,Jennifer Benn,-0.6402358380372064,14849.44568954718,134,-0.6320345082562446,14809.039813801128,134,-0.6402358380372064,14849.44568954718,134,-0.008201329780961775,40.405875746051606,0,0.008201329780961775,40.405875746051606,0,False
2025-07-05,250705.0,SPDC 366,18956787,Kelly Buhr,0.4140186787287138,5174.320470508703,14,0.4496996588443999,5020.369946136886,12,0.4140186787287138,5174.320470508703,14,-0.0356809801156861,153.95052437181675,2,0.0356809801156861,153.95052437181675,2,False
2025-07-05,250705.0,SPDC 366,19548766,Lindsay Steenstra,0.1787618609590695,6546.724434671031,51,0.1816517909213531,6563.680473131101,52,0.1787618609590695,6546.724434671031,51,-0.0028899299622835994,-16.956038460069976,-1,0.0028899299622835994,16.956038460069976,1,False
2025-07-05,250705.0,SPDC 366,19573602,Isabel Urrutia,0.1700175963719047,6604.221744789824,53,0.1384917693882883,6853.17134283767,59,0.1700175963719047,6604.221744789824,53,0.03152582698361639,-248.94959804784594,-6,0.03152582698361639,248.94959804784594,6,False
2025-07-05,250705.0,SPDC 366,20453946,Sammy Brownlow,0.4509404830274134,4986.759081955419,9,0.4593808228986148,4972.001430619795,10,0.4509404830274134,4986.759081955419,9,-0.008440339871201408,14.75765133562345,-1,0.008440339871201408,14.75765133562345,1,False
2025-07-05,250705.0,SPDC 366,20531734,Norah Molina,0.0455877765135962,7479.297890676678,77,0.0671397295614958,7360.026657821319,73,0.0455877765135962,7479.297890676678,77,-0.021551953047899607,119.27123285535981,4,0.021551953047899607,119.27123285535981,4,False
2025-07-05,250705.0,SPDC 366,20533269,Elizaveta Gallagher,0.286935115332589,5875.502474098088,32,0.3276502566345555,5672.063744664707,27,0.286935115332589,5875.502474098088,32,-0.04071514130196652,203.438729433381,5,0.04071514130196652,203.438729433381,5,False
2025-07-05,250705.0,SPDC 366,20596000,Elena Oberg,-0.0227375443786261,8008.185800386508,91,-0.0145362145976644,7986.395238828395,87,-0.0227375443786261,8008.185800386508,91,-0.008201329780961702,21.79056155811304,4,0.008201329780961702,21.79056155811304,4,False
2025-07-05,250705.0,SPDC 366,20720301,Melissa Martin,0.0339825411414106,7566.602518637384,80,0.024555852132185,7680.214159713323,81,0.0339825411414106,7566.602518637384,80,0.009426689009225598,-113.61164107593959,-1,0.009426689009225598,113.61164107593959,1,False
2025-07-05,250705.0,SPDC 366,20720304,Lisa George,0.1270251418560519,6894.345324012915,60,0.133202179630362,6889.517852096431,61,0.1270251418560519,6894.345324012915,60,-0.006177037774310085,4.827471916483773,-1,0.006177037774310085,4.827471916483773,1,False
2025-07-05,250705.0,SPDC 366,20736847,Stephanie Vargas,-0.2730988437679985,10286.429918802338,124,-0.3045918236721391,10673.83167280304,126,-0.2730988437679985,10286.429918802338,124,0.03149297990414063,-387.40175400070257,-2,0.03149297990414063,387.40175400070257,2,False
2025-07-05,250705.0,SPDC 366,20739624,Mari Black,0.6209344161602635,4207.178710605152,1,0.6452170070798858,4128.797809053061,1,0.6209344161602635,4207.178710605152,1,-0.02428259091962237,78.38090155209102,0,0.02428259091962237,78.38090155209102,0,False
2025-07-05,250705.0,SPDC 366,20814175,Carolyn Canterman,0.0687204276542439,7308.267719171647,72,0.0764792898122506,7291.607246347801,70,0.0687204276542439,7308.267719171647,72,-0.00775886215800671,16.66047282384534,2,0.00775886215800671,16.66047282384534,2,False
2025-07-05,250705.0,SPDC 366,20860009,Andrea Heistand,0.5209881459210567,4649.401740153214,4,0.5432196416305959,4572.150406273895,4,0.5209881459210567,4649.401740153214,4,-0.022231495709539195,77.25133387931874,0,0.022231495709539195,77.25133387931874,0,False
2025-07-05,250705.0,SPDC 366,20866417,Felisa Lewis,0.0536831561676747,7418.994553243264,75,0.0592254507949504,7418.507070417349,75,0.0536831561676747,7418.994553243264,75,-0.0055422946272757,0.4874828259153219,0,0.0055422946272757,0.4874828259153219,0,False
2025-07-05,250705.0,SPDC 366,21090776,Ashley Willard,-0.1204357113225794,8830.065306200198,107,-0.131905779067587,8980.98049922641,108,-0.1204357113225794,8830.065306200198,107,0.011470067745007598,-150.91519302621236,-1,0.011470067745007598,150.91519302621236,1,False
2025-07-05,250705.0,SPDC 366,21111122,Deanna OMara,-0.0428428101438264,8170.821947293776,97,-0.0353394493747161,8154.278294734752,93,-0.0428428101438264,8170.821947293776,97,-0.007503360769110297,16.54365255902394,4,0.007503360769110297,16.54365255902394,4,False
2025-07-05,250705.0,SPDC 366,21169710,Rachel Shields,-0.1398551784118859,9003.216277139556,110,-0.1465085644374816,9113.09006609959,114,-0.1398551784118859,9003.216277139556,110,0.006653386025595676,-109.87378896003429,-4,0.006653386025595676,109.87378896003429,4,False
2025-07-05,250705.0,SPDC 366,21186533,Catherine Hoffman,-0.058267446690231,8297.830921601184,98,-0.0638167273273959,8389.827932350157,99,-0.058267446690231,8297.830921601184,98,0.005549280637164908,-91.99701074897348,-1,0.005549280637164908,91.99701074897348,1,False
2025-07-05,250705.0,SPDC 366,21198876,Angie Gazdic,0.3073477957203126,5756.783528190807,27,0.3302856077795038,5657.135544145944,26,0.3073477957203126,5756.783528190807,27,-0.022937812059191154,99.64798404486373,1,0.022937812059191154,99.64798404486373,1,False
2025-07-05,250705.0,SPDC 366,21254948,Catherine Huang,-0.1427649886735261,9029.452080343715,111,-0.1345636588925644,9004.882616510438,110,-0.1427649886735261,9029.452080343715,111,-0.00820132978096172,24.56946383327704,1,0.00820132978096172,24.56946383327704,1,False
2025-07-05,250705.0,SPDC 366,21394027,Elizabeth Tashiro,0.2057708491281889,6372.27054834634,44,0.2374168110892617,6207.675269951076,39,0.2057708491281889,6372.27054834634,44,-0.03164596196107278,164.59527839526345,5,0.03164596196107278,164.59527839526345,5,False
2025-07-05,250705.0,SPDC 366,21410956,Kori Klustaitis,0.0808925291481474,7219.849949445189,69,0.0885965795432091,7203.785881754641,67,0.0808925291481474,7219.849949445189,69,-0.007704050395061696,16.064067690547745,2,0.007704050395061696,16.064067690547745,2,False
2025-07-05,250705.0,SPDC 366,21412436,Iryna Shvydchenko,0.5823425788747647,4372.715099174216,2,0.5938291724037962,4346.513858148583,3,0.5823425788747647,4372.715099174216,2,-0.011486593529031475,26.201241025633863,-1,0.011486593529031475,26.201241025633863,1,False
2025-07-05,250705.0,SPDC 366,21428556,Caryn Knill,0.5048670230072277,4724.962744744079,5,0.5406168487823451,4584.06626718422,5,0.5048670230072277,4724.962744744079,5,-0.035749825775117317,140.8964775598588,0,0.035749825775117317,140.8964775598588,0,False
2025-07-05,250705.0,SPDC 366,21550393,Sarah Eggerichs,0.1249012878510232,6909.003467309608,62,0.1708097307535816,6635.231470952659,54,0.1249012878510232,6909.003467309608,62,-0.04590844290255841,273.7719963569489,8,0.04590844290255841,273.7719963569489,8,False
2025-07-05,250705.0,SPDC 366,21594891,Kinsey Keltz,0.1762918014662226,6562.91522137922,52,0.1959749017320426,6470.338221862413,50,0.1762918014662226,6562.91522137922,52,-0.019683100265820014,92.57699951680752,2,0.019683100265820014,92.57699951680752,2,False
2025-07-05,250705.0,SPDC 366,21616379,Debbie Dyson,-0.1898996190615019,9465.241678721291,120,-0.2079852970673592,9690.9124092349,121,-0.1898996190615019,9465.241678721291,120,0.01808567800585728,-225.67073051360785,-1,0.01808567800585728,225.67073051360785,1,False
2025-07-05,250705.0,SPDC 366,21654699,Kelsi Cook,0.3637234059572823,5441.21996095465,21,0.400157041905437,5275.3564069426175,20,0.3637234059572823,5441.21996095465,21,-0.036433635948154686,165.86355401203218,1,0.036433635948154686,165.86355401203218,1,False
2025-07-05,250705.0,SPDC 366,21858254,Kara Bingham,0.2403096070041263,6155.9376783925245,37,0.2565151454064612,6090.2439529541525,36,0.2403096070041263,6155.9376783925245,37,-0.016205538402334907,65.69372543837198,1,0.016205538402334907,65.69372543837198,1,False
2025-07-05,250705.0,SPDC 366,21892775,Andrea Reynolds,0.3170793973948569,5701.032517270112,25,0.350139583123393,5545.926537978287,25,0.3170793973948569,5701.032517270112,25,-0.033060185728536085,155.10597929182495,0,0.033060185728536085,155.10597929182495,0,False
2025-07-05,250705.0,SPDC 366,21896723,Tricia Marotz,-0.1398356646537555,9003.04059226888,109,-0.1321252994563684,8982.952223966204,109,-0.1398356646537555,9003.04059226888,109,-0.0077103651973871035,20.088368302676827,0,0.0077103651973871035,20.088368302676827,0,False
2025-07-05,250705.0,SPDC 366,21907039,Lauren Mecca,-0.2771277260599941,10327.956330491405,125,-0.2689263962790324,10299.85358989589,124,-0.2771277260599941,10327.956330491405,125,-0.008201329780961664,28.10274059551375,1,0.008201329780961664,28.10274059551375,1,False
2025-07-05,250705.0,SPDC 366,21916024,Emmie Lee,0.2245765193751144,6253.555486486454,39,0.2360749908915333,6216.010444911682,40,0.2245765193751144,6253.555486486454,39,-0.011498471516418918,37.54504157477277,-1,0.011498471516418918,37.54504157477277,1,False
2025-07-05,250705.0,SPDC 366,21916237,Katie Greenfield,-0.3893758938836936,11554.81915837337,129,-0.3816590345640692,11528.96216875037,128,-0.3893758938836936,11554.81915837337,129,-0.007716859319624403,25.856989623000118,1,0.007716859319624403,25.856989623000118,1,False
2025-07-05,250705.0,SPDC 366,21924776,Nicholas Mueller,0.3107735198665953,5737.09611692704,26,0.3242638650200033,5691.304133125092,28,0.3107735198665953,5737.09611692704,26,-0.013490345153408023,45.791983801947936,-2,0.013490345153408023,45.791983801947936,2,False
2025-07-05,250705.0,SPDC 366,21925075,Diana Jaffe,0.4104950185563639,5192.585177882421,15,0.4382598953945301,5078.131550367638,15,0.4104950185563639,5192.585177882421,15,-0.027764876838166197,114.45362751478297,0,0.027764876838166197,114.45362751478297,0,False
2025-07-05,250705.0,SPDC 366,21925090,Emma Pan,0.5720900024957465,4417.777301822772,3,0.6230216233564932,4221.462622153437,2,0.5720900024957465,4417.777301822772,3,-0.05093162086074676,196.3146796693345,1,0.05093162086074676,196.3146796693345,1,False
2025-07-05,250705.0,SPDC 366,21925467,Ameenah Saafir,-0.0345991091745332,8103.741011966209,94,-0.0447244181175884,8231.166172475116,95,-0.0345991091745332,8103.741011966209,94,0.010125308943055196,-127.42516050890663,-1,0.010125308943055196,127.42516050890663,1,False
2025-07-05,250705.0,SPDC 366,21926492,Michelle Philo,-0.0064447859972119,7878.767517345677,87,-0.0367516390545271,8165.801817173527,94,-0.0064447859972119,7878.767517345677,87,0.030306853057315203,-287.0342998278493,-7,0.030306853057315203,287.0342998278493,7,False
2025-07-05,250705.0,SPDC 366,21926827,Emily Boudreaux,0.102796346972187,7063.427054692714,66,0.1105405668852643,7047.427928341031,65,0.102796346972187,7063.427054692714,66,-0.007744219913077305,15.999126351683117,1,0.007744219913077305,15.999126351683117,1,False
2025-07-05,250705.0,SPDC 366,21927536,Skye Vandeleest,0.3970448431299369,5262.898160409164,18,0.4174734839230138,5184.792389900968,17,0.3970448431299369,5262.898160409164,18,-0.020428640793076935,78.10577050819575,1,0.020428640793076935,78.10577050819575,1,False
2025-07-05,250705.0,SPDC 366,21927541,Chloe Glikbarg,0.4209550248446797,5138.553781281419,13,0.457784653519157,4979.943924154162,11,0.4209550248446797,5138.553781281419,13,-0.036829628674477255,158.60985712725687,2,0.036829628674477255,158.60985712725687,2,False
2025-07-05,250705.0,SPDC 366,21935425,Arlyn Purcell,-0.1509534376307263,9103.692831290882,114,-0.1427521078497646,9078.921355704402,112,-0.1509534376307263,9103.692831290882,114,-0.008201329780961691,24.771475586479937,2,0.008201329780961691,24.771475586479937,2,False
2025-07-05,250705.0,SPDC 366,21936039,Caroline Orsi,0.3364969508235798,5591.400253572752,24,0.3681125481496051,5447.140195225836,23,0.3364969508235798,5591.400253572752,24,-0.03161559732602531,144.2600583469166,1,0.03161559732602531,144.2600583469166,1,False
2025-07-05,250705.0,SPDC 366,21939662,Scott Eng,0.2738859793261333,5952.675128141627,33,0.2815962144095633,5939.393773736612,32,0.2738859793261333,5952.675128141627,33,-0.007710235083429995,13.281354405015009,1,0.007710235083429995,13.281354405015009,1,False
2025-07-05,250705.0,SPDC 366,21964658,Cosmo Smith,0.3870283294133949,5315.87895046157,19,0.4116048405638439,5215.30954689734,18,0.3870283294133949,5315.87895046157,19,-0.02457651115044901,100.56940356423002,1,0.02457651115044901,100.56940356423002,1,False
2025-07-05,250705.0,SPDC 366,21966640,Cindy Markison,0.0102118151118323,7748.6209384045105,83,0.0163888528861424,7743.195296343712,82,0.0102118151118323,7748.6209384045105,83,-0.006177037774310102,5.425642060798964,1,0.006177037774310102,5.425642060798964,1,False
2025-07-05,250705.0,SPDC 366,21968495,Jennifer Morrow,0.085622569372843,7185.780407440705,67,0.1215747644902556,6970.092666902803,63,0.085622569372843,7185.780407440705,67,-0.0359521951174126,215.68774053790185,4,0.0359521951174126,215.68774053790185,4,False
2025-07-05,250705.0,SPDC 366,21968784,Cindy Grimley-Beason,-0.283179835036832,10390.651776178973,126,-0.3044051405631459,10671.839234704554,125,-0.283179835036832,10390.651776178973,126,0.02122530552631391,-281.18745852558095,1,0.02122530552631391,281.18745852558095,1,False
2025-07-05,250705.0,SPDC 366,21974544,Jamie Lim,-0.0798879150112619,8479.18735321442,102,-0.0716865852303002,8456.115179492617,101,-0.0798879150112619,8479.18735321442,102,-0.008201329780961691,23.072173721802756,1,0.008201329780961691,23.072173721802756,1,False
2025-07-05,250705.0,SPDC 366,21988310,Ashley Bromiley,0.4048616498150916,5221.919472783312,16,0.3976352179780633,5288.676715632344,21,0.4048616498150916,5221.919472783312,16,0.007226431837028313,-66.75724284903208,-5,0.007226431837028313,66.75724284903208,5,False
2025-07-05,250705.0,SPDC 366,22035202,Rebecca Streitz,0.3459876132060313,5538.5851829551975,23,0.3846116604705893,5358.004568711258,22,0.3459876132060313,5538.5851829551975,23,-0.03862404726455804,180.58061424393964,1,0.03862404726455804,180.58061424393964,1,False
2025-07-05,250705.0,SPDC 366,22035203,Jessica Streitz,0.4413185632292047,5034.972860475914,10,0.4799784160042155,4870.637676609103,9,0.4413185632292047,5034.972860475914,10,-0.03865985277501077,164.33518386681044,1,0.03865985277501077,164.33518386681044,1,False
2025-07-05,250705.0,SPDC 366,22048522,CHARESE GAINOR,0.2961497126957378,5821.610761034504,30,0.3123793155515009,5759.34624267594,30,0.2961497126957378,5821.610761034504,30,-0.01622960285576308,62.2645183585646,0,0.01622960285576308,62.2645183585646,0,False
2025-07-05,250705.0,SPDC 366,22060891,Kirsty Weitzel,0.2200216677121632,6282.104472934606,40,0.2414461649764716,6182.7126748101855,38,0.2200216677121632,6282.104472934606,40,-0.021424497264308395,99.39179812442035,2,0.021424497264308395,99.39179812442035,2,False
2025-07-05,250705.0,SPDC 366,22065952,Jodie Morse,0.0349032936995473,7559.638756454843,79,0.0273200991013689,7659.013466475315,80,0.0349032936995473,7559.638756454843,79,0.007583194598178397,-99.37471002047187,-1,0.007583194598178397,99.37471002047187,1,False
2025-07-05,250705.0,SPDC 366,22127534,Aaron Langston,-0.4930161858763905,12816.621523939846,131,-0.4848148560954288,12781.74703585407,131,-0.4930161858763905,12816.621523939846,131,-0.00820132978096172,34.87448808577574,0,0.00820132978096172,34.87448808577574,0,False
2025-07-05,250705.0,SPDC 366,22207268,Sarah Proctor,0.137841834483417,6820.173181591364,57,0.1430589582126101,6821.942982461992,56,0.137841834483417,6820.173181591364,57,-0.005217123729193113,-1.7698008706283872,1,0.005217123729193113,1.7698008706283872,1,False
2025-07-05,250705.0,SPDC 366,22250420,Julie Headlee,-0.6645511938696853,15214.940809692878,135,-0.6675857759637123,15344.990366018068,135,-0.6645511938696853,15214.940809692878,135,0.0030345820940269608,-130.04955632518977,0,0.0030345820940269608,130.04955632518977,0,False
2025-07-05,250705.0,SPDC 366,22386336,Jodi Green,0.0049064554610165,7789.839401986616,84,-0.0058105861652983,7917.012067562282,84,0.0049064554610165,7789.839401986616,84,0.010717041626314799,-127.17266557566563,0,0.010717041626314799,127.17266557566563,0,False
2025-07-05,250705.0,SPDC 366,22407890,Selina Gilbertson,0.1551993163364645,6702.813629022904,55,0.169980203606604,6640.737859117778,55,0.1551993163364645,6702.813629022904,55,-0.014780887270139514,62.075769905126435,0,0.014780887270139514,62.075769905126435,0,False
2025-07-05,250705.0,SPDC 366,22408132,Jen Lunsford,0.429211852794793,5096.300306685004,12,0.4496465434541677,5020.636612127655,13,0.429211852794793,5096.300306685004,12,-0.0204346906593747,75.66369455734912,-1,0.0204346906593747,75.66369455734912,1,False
2025-07-05,250705.0,SPDC 366,22423946,Jennifer Sipple,0.484721635961276,4821.114200365772,7,0.5122524467230521,4715.952155876289,7,0.484721635961276,4821.114200365772,7,-0.02753081076177616,105.16204448948338,0,0.02753081076177616,105.16204448948338,0,False
2025-07-05,250705.0,SPDC 366,22477750,Jessica Norris,0.2071856973555741,6363.261127640965,43,0.2152964991093039,6346.520977291942,42,0.2071856973555741,6363.261127640965,43,-0.008110801753729802,16.74015034902368,1,0.008110801753729802,16.74015034902368,1,False
2025-07-05,250705.0,SPDC 366,22489256,Alyssa Graham,0.0014444827437693,7816.854348991025,85,-0.0252354339186718,8072.302182184288,91,0.0014444827437693,7816.854348991025,85,0.0266799166624411,-255.44783319326234,-6,0.0266799166624411,255.44783319326234,6,False
2025-07-05,250705.0,SPDC 366,22490366,Alicia Gould,-0.0002893457227643,7830.419189735397,86,-0.0728276214829675,8465.769420341107,102,-0.0002893457227643,7830.419189735397,86,0.07253827576020319,-635.3502306057098,-16,0.07253827576020319,635.3502306057098,16,False
2025-07-05,250705.0,SPDC 366,22549301,Jenevieve Parker,-0.0425304470298664,8168.27008248168,96,-0.0573018047233051,8335.346516514643,98,-0.0425304470298664,8168.27008248168,96,0.014771357693438701,-167.07643403296242,-2,0.014771357693438701,167.07643403296242,2,False
2025-07-05,250705.0,SPDC 366,22549913,Sabrina Monserate-Lindsay,0.2558587227529712,6060.958624660969,36,0.2304515589061311,6251.064225770046,41,0.2558587227529712,6060.958624660969,36,0.025407163846840136,-190.10560110907682,-5,0.025407163846840136,190.10560110907682,5,False
2025-07-05,250705.0,SPDC 366,22557667,Angela Morford,0.2050967108293455,6376.567788277842,46,0.2112737486036556,6372.102868046148,44,0.2050967108293455,6376.567788277842,46,-0.006177037774310112,4.464920231694123,2,0.006177037774310112,4.464920231694123,2,False
2025-07-05,250705.0,SPDC 366,22608003,Rushing Smith III,0.1326477902371565,6855.689619992857,58,0.1406171052549102,6838.621519090627,58,0.1326477902371565,6855.689619992857,58,-0.007969315017753692,17.06810090223007,0,0.007969315017753692,17.06810090223007,0,False
2025-07-05,250705.0,SPDC 366,22629662,Kate Amey,-0.3497352983100674,11105.738953231225,128,-0.3847959397998668,11565.184213398985,129,-0.3497352983100674,11105.738953231225,128,0.03506064148979943,-459.44526016776035,-1,0.03506064148979943,459.44526016776035,1,False
2025-07-05,250705.0,SPDC 366,22638087,Karen Bell,-0.0831727083728309,8507.085526325884,103,-0.0769956705985208,8501.12880171471,103,-0.0831727083728309,8507.085526325884,103,-0.0061770377743100985,5.956724611172831,0,0.0061770377743100985,5.956724611172831,0,False
2025-07-05,250705.0,SPDC 366,22640026,Leslie Richardson,0.3979905432978506,5257.92338942679,17,0.4329567634374096,5105.133085145052,16,0.3979905432978506,5257.92338942679,17,-0.03496622013955897,152.79030428173792,1,0.03496622013955897,152.79030428173792,1,False
2025-07-05,250705.0,SPDC 366,22654912,Karen Wells,0.1106540472117616,7008.142252390909,65,0.0549607735579223,7450.21216660134,77,0.1106540472117616,7008.142252390909,65,0.0556932736538393,-442.0699142104313,-12,0.0556932736538393,442.0699142104313,12,False
2025-07-05,250705.0,SPDC 366,22682522,Marjorie No Last Name,-0.1446468278080607,9046.460054748595,112,-0.1369282070312419,9026.200288338525,111,-0.1446468278080607,9046.460054748595,112,-0.007718620776818813,20.25976641007037,1,0.007718620776818813,20.25976641007037,1,False
2025-07-05,250705.0,SPDC 366,22684893,Ellen Leader,-0.1880523028051254,9447.772524391958,119,-0.1803417228609826,9426.68980711647,117,-0.1880523028051254,9447.772524391958,119,-0.007710579944142787,21.082717275487084,2,0.007710579944142787,21.082717275487084,2,False
2025-07-05,250705.0,SPDC 366,22686729,Rebecca Young,-0.0099564649250893,7906.483856172596,88,-0.0109046996798598,7957.445123582728,86,-0.0099564649250893,7906.483856172596,88,0.0009482347547705005,-50.96126741013268,2,0.0009482347547705005,50.96126741013268,2,False
2025-07-05,250705.0,SPDC 366,22691193,Wendy Weigant,0.0162961895279772,7701.618562434119,82,0.0031642542734782,7846.276044565595,83,0.0162961895279772,7701.618562434119,82,0.013131935254498999,-144.65748213147617,-1,0.013131935254498999,144.65748213147617,1,False
2025-07-05,250705.0,SPDC 366,22691848,Ann Glezen,-0.2437947717093118,9989.36943372334,123,-0.2376177339350017,9982.37480288628,122,-0.2437947717093118,9989.36943372334,123,-0.006177037774310085,6.994630837059958,1,0.006177037774310085,6.994630837059958,1,False
2025-07-05,250705.0,SPDC 366,22700663,Carter Lennon,0.1270140970675827,6894.421471019162,61,0.1347251743507021,6879.033138890051,60,0.1270140970675827,6894.421471019162,61,-0.0077110772831194,15.388332129110495,1,0.0077110772831194,15.388332129110495,1,False
2025-07-05,250705.0,SPDC 366,22703189,Beatrice Endler,0.4841444366225719,4823.897747547554,8,0.5325298386177688,4621.287960932691,6,0.4841444366225719,4823.897747547554,8,-0.04838540199519692,202.60978661486297,2,0.04838540199519692,202.60978661486297,2,False
2025-07-05,250705.0,SPDC 366,22703407,Dave Harris,-0.5381205592667043,13407.942543337977,133,-0.5474266266902353,13607.619741714305,133,-0.5381205592667043,13407.942543337977,133,0.009306067423531017,-199.6771983763283,0,0.009306067423531017,199.6771983763283,0,False
2025-07-05,250705.0,SPDC 366,22703414,Heather Harris,-0.4465775664888574,12235.04366441716,130,-0.4390754026674552,12210.28570302213,130,-0.4465775664888574,12235.04366441716,130,-0.007502163821402175,24.75796139503109,0,0.007502163821402175,24.75796139503109,0,False
2025-07-05,250705.0,SPDC 366,22704935,Samantha Nutter-Topel,-0.1818511249394499,9389.366486812478,118,-0.199170279695588,9605.862258010564,119,-0.1818511249394499,9389.366486812478,118,0.0173191547561381,-216.495771198086,-1,0.0173191547561381,216.495771198086,1,False
2025-07-05,250705.0,SPDC 366,22704976,Daniela Spano,-0.0761152414642246,8447.258413989315,101,-0.0683989049064365,8428.359826365122,100,-0.0761152414642246,8447.258413989315,101,-0.007716336557788098,18.89858762419317,1,0.007716336557788098,18.89858762419317,1,False
2025-07-05,250705.0,SPDC 366,22713270,Christina Harwell,0.2980010801306893,5810.842791262513,29,0.3057115169181575,5797.876717652184,31,0.2980010801306893,5810.842791262513,29,-0.007710436787468189,12.966073610328749,-2,0.007710436787468189,12.966073610328749,2,False
2025-07-05,250705.0,SPDC 366,22722527,June Huber,-0.0423160785222017,8166.519250282242,95,-0.0346059453647806,8148.29929198676,92,-0.0423160785222017,8166.519250282242,95,-0.007710133157421098,18.219958295481774,3,0.007710133157421098,18.219958295481774,3,False
2025-07-05,250705.0,SPDC 366,22729973,Ashley Tucker,0.2077081185745227,6359.937693198102,41,0.1975182737067145,6460.359785384468,49,0.2077081185745227,6359.937693198102,41,0.010189844867808218,-100.42209218636526,-8,0.010189844867808218,100.42209218636526,8,False
2025-07-05,250705.0,SPDC 366,22730960,Angela Ott,-0.1118224034668504,8754.335844108044,106,-0.1036210736858887,8730.51498144746,105,-0.1118224034668504,8754.335844108044,106,-0.008201329780961705,23.82086266058286,1,0.008201329780961705,23.82086266058286,1,False
2025-07-05,250705.0,SPDC 366,22732244,Amber Whitear,0.3002378319462528,5797.859903261197,28,0.3140465023237726,5749.7523364422,29,0.3002378319462528,5797.859903261197,28,-0.013808670377519816,48.10756681899693,-1,0.013808670377519816,48.10756681899693,1,False
2025-07-05,250705.0,SPDC 366,22733821,Tara Mills,-0.3289565873698284,10877.356972352722,127,-0.3214499190167721,10855.297430736437,127,-0.3289565873698284,10877.356972352722,127,-0.0075066683530563005,22.05954161628506,0,0.0075066683530563005,22.05954161628506,0,False
2025-07-05,250705.0,SPDC 366,22737556,Miranda Mann,0.0689701712824153,7306.44275377203,71,0.0751472090567255,7301.326728167642,71,0.0689701712824153,7306.44275377203,71,-0.0061770377743102095,5.1160256043885965,0,0.0061770377743102095,5.1160256043885965,0,False
2025-07-05,250705.0,SPDC 366,22757315,Shalise Hassing,0.1390252307875891,6812.106987547915,56,0.1081323602073186,7064.420043390775,66,0.1390252307875891,6812.106987547915,56,0.0308928705802705,-252.3130558428602,-10,0.0308928705802705,252.3130558428602,10,False
2025-07-05,250705.0,SPDC 366,22797552,Melissa McCarthy,-0.0226556313461503,8007.529852468675,90,-0.0149428357731447,7989.6433365761695,88,-0.0226556313461503,8007.529852468675,90,-0.0077127955730055976,17.886515892505486,2,0.0077127955730055976,17.886515892505486,2,False
2025-07-05,250705.0,SPDC 366,22812262,Jolene Metty,-0.1734545893489796,9310.858396168927,117,-0.1672775515746694,9304.33886381111,116,-0.1734545893489796,9310.858396168927,117,-0.006177037774310196,6.5195323578172975,1,0.006177037774310196,6.5195323578172975,1,False
2025-07-05,250705.0,SPDC 366,22814478,Irene Ho,0.079582441156148,7229.31478669908,70,0.0877837709371097,7209.643561179458,68,0.079582441156148,7229.31478669908,70,-0.008201329780961705,19.671225519622567,2,0.008201329780961705,19.671225519622567,2,False
2025-07-05,250705.0,SPDC 366,22816351,Michelle Malcom,-0.0154824913027277,7950.296237211433,89,-0.009059664950793,7942.776896830047,85,-0.0154824913027277,7950.296237211433,89,-0.0064228263519347,7.519340381386428,4,0.0064228263519347,7.519340381386428,4,False
2025-07-05,250705.0,SPDC 366,22825074,Katherine Wood,0.1686230790997564,6613.437870611817,54,0.1768244088807181,6595.442468329407,53,0.1686230790997564,6613.437870611817,54,-0.008201329780961691,17.995402282409486,1,0.008201329780961691,17.995402282409486,1,False
2025-07-05,250705.0,SPDC 366,22842370,Samantha Burton,0.2073458011549895,6362.242426908868,42,0.2124089577158888,6364.873303116644,43,0.2073458011549895,6362.242426908868,42,-0.005063156560899312,-2.630876207776055,-1,0.005063156560899312,2.630876207776055,1,False
2025-07-05,250705.0,SPDC 366,22858066,Olga Brezo Fernandez,-0.1117697828317926,8753.87519751628,105,-0.1040506534400544,8734.266239601533,106,-0.1117697828317926,8753.87519751628,105,-0.0077191293917382026,19.608957914746497,-1,0.0077191293917382026,19.608957914746497,1,False
2025-07-05,250705.0,SPDC 366,22860511,Lydia Utkin,0.2291685406134737,6224.904859366847,38,0.2622114068770467,6055.650949911347,35,0.2291685406134737,6224.904859366847,38,-0.033042866263573,169.25390945549952,3,0.033042866263573,169.25390945549952,3,False
2025-07-05,250705.0,SPDC 366,22874878,Kara Bancroft,-0.150225151332498,9097.06515025616,113,-0.1880082103487081,9499.237142863643,118,-0.150225151332498,9097.06515025616,113,0.0377830590162101,-402.17199260748384,-5,0.0377830590162101,402.17199260748384,5,False
2025-07-05,250705.0,SPDC 366,23749556,Audrey Nelson,0.0666996351919657,7323.051143576351,73,0.0744360359471419,7306.521082224526,72,0.0666996351919657,7323.051143576351,73,-0.007736400755176204,16.53006135182477,1,0.007736400755176204,16.53006135182477,1,False
2025-07-05,250705.0,SPDC 366,23750128,Jasmine Lambert,0.4866728673549907,4811.716262742531,6,0.496821004326119,4789.290502825577,8,0.4866728673549907,4811.716262742531,6,-0.010148136971128263,22.42575991695412,-2,0.010148136971128263,22.42575991695412,2,False
2025-07-05,250705.0,SPDC 366,23764458,Megan Banks,0.1908460077456363,6468.088934001555,48,0.1985560995083059,6453.658535278251,48,0.1908460077456363,6468.088934001555,48,-0.007710091762669624,14.43039872330337,0,0.007710091762669624,14.43039872330337,0,False
2025-07-05,250705.0,SPDC 366,23764496,Marie Mogni,-0.2080131348336345,9638.252671453523,121,-0.2002739871910732,9616.470173126185,120,-0.2080131348336345,9638.252671453523,121,-0.0077391476425613115,21.782498327338544,1,0.0077391476425613115,21.782498327338544,1,False
2025-07-05,250705.0,SPDC 366,23766491,Maggie Kirkland,0.1855342717793502,6502.5371234739805,49,0.2099944911802417,6380.25964413866,45,0.1855342717793502,6502.5371234739805,49,-0.024460219400891492,122.2774793353201,4,0.024460219400891492,122.2774793353201,4,False
2025-07-05,250705.0,SPDC 366,23786476,Bethany Quinn,0.2582704451617871,6046.358887260392,35,0.2664717749427488,6029.906527285322,34,0.2582704451617871,6046.358887260392,35,-0.00820132978096172,16.452359975070067,1,0.00820132978096172,16.452359975070067,1,False
2025-07-05,250705.0,SPDC 366,23846192,Kathy Johnson,-0.5230430407436839,13207.30043484812,132,-0.5197259301263403,13235.852079913737,132,-0.5230430407436839,13207.30043484812,132,-0.0033171106173436327,-28.551645065615958,0,0.0033171106173436327,28.551645065615958,0,False
2025-07-05,250705.0,SPDC 366,23846517,Karla Matute,-0.8665518027214247,18620.786340769533,136,-0.9490805458377508,20333.78584887081,136,-0.8665518027214247,18620.786340769533,136,0.08252874311632608,-1712.9995081012785,0,0.08252874311632608,1712.9995081012785,0,False
2025-07-05,250705.0,SPDC 366,23848490,Ryder Jackson,0.1929981553887342,6454.183620158249,47,0.2007086643031133,6439.781558022143,47,0.1929981553887342,6454.183620158249,47,-0.007710508914379105,14.402062136105997,0,0.007710508914379105,14.402062136105997,0,False
2025-07-05,250705.0,SPDC 366,23848898,Nikki Hall,0.0517534892487448,7433.32456323088,76,0.0578782609834242,7428.507942583337,76,0.0517534892487448,7433.32456323088,76,-0.006124771734679395,4.81662064754255,0,0.006124771734679395,4.81662064754255,0,False
2025-07-05,250705.0,SPDC 366,23987651,Jill Gregerson,-0.1245651921695306,8866.60428333887,108,-0.1168351122875015,8846.645933057885,107,-0.1245651921695306,8866.60428333887,108,-0.007730079882029103,19.958350280983723,1,0.007730079882029103,19.958350280983723,1,False
2025-07-05,250705.0,SPDC 366,23994944,Cassie VonRueden,0.1851368565010463,6505.121844644409,50,0.193338186282008,6487.421174163984,51,0.1851368565010463,6505.121844644409,50,-0.008201329780961691,17.700670480425288,-1,0.008201329780961691,17.700670480425288,1,False
2025-07-05,250705.0,SPDC 366,24004029,Sara Feyereisen,0.0562309846019324,7400.116287470326,74,0.0639715498668736,7383.381521497844,74,0.0562309846019324,7400.116287470326,74,-0.007740565264941206,16.73476597248191,0,0.007740565264941206,16.73476597248191,0,False
2025-07-05,250705.0,SPDC 366,24004413,Amy Mueggenberg,-0.0256389366523557,8031.454428179701,92,-0.016667348233578,8003.433463269591,89,-0.0256389366523557,8031.454428179701,92,-0.008971588418777699,28.020964910109797,3,0.008971588418777699,28.020964910109797,3,False
2025-07-05,250705.0,SPDC 366,24005690,Hannah Bevis,-0.0645351066608105,8350.002229530857,100,-0.0568249998680241,8331.373130165339,97,-0.0645351066608105,8350.002229530857,100,-0.0077101067927864,18.629099365518414,3,0.0077101067927864,18.629099365518414,3,False
2025-07-05,250705.0,SPDC 366,24098345,Erin Bahr,-0.0638516371114529,8344.29720709654,99,-0.0556503073304912,8321.592074313341,96,-0.0638516371114529,8344.29720709654,99,-0.008201329780961705,22.705132783199588,3,0.008201329780961705,22.705132783199588,3,False
2025-07-05,250705.0,SPDC 366,24101904,Stefanie Haney,0.042049030830649,7505.812109668609,78,0.0502503606116108,7485.388524989622,78,0.042049030830649,7505.812109668609,78,-0.008201329780961795,20.423584678987027,0,0.008201329780961795,20.423584678987027,0,False
2025-07-05,250705.0,SPDC 366,24108436,Nicole Norstrud,-0.1097175676081301,8735.928782821196,104,-0.1035927958734508,8730.26810507292,104,-0.1097175676081301,8735.928782821196,104,-0.006124771734679305,5.6606777482757025,0,0.006124771734679305,5.6606777482757025,0,False
2025-07-05,250705.0,SPDC 366,24137527,Cassiday Van Dyke,-0.0293248648783045,8061.112417784507,93,-0.0231478271039944,8055.467966863701,90,-0.0293248648783045,8061.112417784507,93,-0.006177037774310102,5.644450920805866,3,0.006177037774310102,5.644450920805866,3,False
2025-07-05,250705.0,SPDC 366,24173066,Danielle Woodward,-0.1524890516144378,9117.683328558394,115,-0.1463120138401277,9111.299058820889,113,-0.1524890516144378,9117.683328558394,115,-0.006177037774310085,6.384269737505747,2,0.006177037774310085,6.384269737505747,2,False
2025-07-05,250705.0,SPDC 366,24184564,Julie Kutchera,0.1246687900109098,6910.6099824415005,63,0.1328701197918716,6891.805964155719,62,0.1246687900109098,6910.6099824415005,63,-0.008201329780961802,18.80401828578124,1,0.008201329780961802,18.80401828578124,1,False
2025-07-05,250705.0,SPDC 366,24207911,Kristina Key,-0.2263217249738162,9816.340785796598,122,-0.2406041296409757,10012.230682679372,123,-0.2263217249738162,9816.340785796598,122,0.014282404667159493,-195.88989688277434,-1,0.014282404667159493,195.88989688277434,1,False
2025-07-11,250711.03,NM2025 - New Mexico Speed Puzzling Championship,18522533,Amy Carr,-0.3774046546793076,5987.66232132568,3,-0.413347955124956,6169.689529829877,3,-0.3774046546793076,5987.66232132568,3,0.03594330044564836,-182.027208504197,0,0.03594330044564836,182.027208504197,0,False
2025-07-11,250711.03,NM2025 - New Mexico Speed Puzzling Championship,22737556,Miranda Mann,0.06289142508604,3855.1310168008326,2,0.0687265317492756,3809.789851240069,2,0.06289142508604,3855.1310168008326,2,-0.005835106663235598,45.341165560763784,0,0.005835106663235598,45.341165560763784,0,False
2025-07-11,250711.03,NM2025 - New Mexico Speed Puzzling Championship,23745154,Cameron Hatch,0.16964017784642,3464.804604580452,1,0.1757649495810993,3423.062480872275,1,0.16964017784642,3464.804604580452,1,-0.0061247717346793185,41.74212370817713,0,0.0061247717346793185,41.74212370817713,0,False
2025-07-12,250712.0,WA2025 - Washington Speed Puzzling Championship,17915498,Melynda Owens,0.2577530947890185,4419.6417143668405,14,0.2744638625320049,4375.684889442897,14,0.2577530947890185,4419.6417143668405,14,-0.01671076774298641,43.956824923943714,0,0.01671076774298641,43.956824923943714,0,False
2025-07-12,250712.0,WA2025 - Washington Speed Puzzling Championship,20736847,Stephanie Vargas,-0.2760365600364881,7537.181362527572,28,-0.298761537623832,7762.375852319386,29,-0.2760365600364881,7537.181362527572,28,0.02272497758734393,-225.1944897918138,-1,0.02272497758734393,225.1944897918138,1,False
2025-07-12,250712.0,WA2025 - Washington Speed Puzzling Championship,20814175,Carolyn Canterman,0.0633447386625334,5368.062210988354,20,0.0702975194158685,5366.786953850147,20,0.0633447386625334,5368.062210988354,20,-0.006952780753335094,1.2752571382070528,0,0.006952780753335094,1.2752571382070528,0,False
2025-07-12,250712.0,WA2025 - Washington Speed Puzzling Championship,20859985,Jessa Douglas,0.5780859543702973,3208.250500430403,2,0.6197010593066158,3098.214125504106,2,0.5780859543702973,3208.250500430403,2,-0.04161510493631848,110.03637492629696,0,0.04161510493631848,110.03637492629696,0,False
2025-07-12,250712.0,WA2025 - Washington Speed Puzzling Championship,20866603,Cathy Roiter,0.609092606953066,3110.2998008805275,1,0.6542065827081359,2993.1320081859544,1,0.609092606953066,3110.2998008805275,1,-0.045113975755069924,117.16779269457311,0,0.045113975755069924,117.16779269457311,0,False
2025-07-12,250712.0,WA2025 - Washington Speed Puzzling Championship,21249910,Lena Nguyen-Vo,0.2797705438835191,4323.3959095023865,11,0.3087904335805693,4228.031349295863,11,0.2797705438835191,4323.3959095023865,11,-0.029019889697050216,95.36456020652349,0,0.029019889697050216,95.36456020652349,0,False
2025-07-12,250712.0,WA2025 - Washington Speed Puzzling Championship,21594891,Kinsey Keltz,0.186311483792237,4746.940207799056,16,0.2024016019213124,4702.645930872174,16,0.186311483792237,4746.940207799056,16,-0.016090118129075404,44.29427692688205,0,0.016090118129075404,44.29427692688205,0,False
2025-07-12,250712.0,WA2025 - Washington Speed Puzzling Championship,21900482,Hiromi Kimura,0.1319452056544085,5012.157804336125,17,0.1430222799294639,4990.342957294435,18,0.1319452056544085,5012.157804336125,17,-0.011077074275055387,21.814847041689973,-1,0.011077074275055387,21.814847041689973,1,False
2025-07-12,250712.0,WA2025 - Washington Speed Puzzling Championship,21927536,Skye Vandeleest,0.4219493839859788,3750.3994094943073,5,0.4326319622246442,3735.549591293851,5,0.4219493839859788,3750.3994094943073,5,-0.010682578238665363,14.849818200456411,0,0.010682578238665363,14.849818200456411,0,False
2025-07-12,250712.0,WA2025 - Washington Speed Puzzling Championship,21927541,Chloe Glikbarg,0.4549854575917768,3628.525146198989,4,0.4739828293567301,3584.231504410612,4,0.4549854575917768,3628.525146198989,4,-0.018997371764953308,44.293641788377045,0,0.018997371764953308,44.293641788377045,0,False
2025-07-12,250712.0,WA2025 - Washington Speed Puzzling Championship,21964658,Cosmo Smith,0.3473900507755321,4040.715081653215,6,0.3823749267333742,3928.08484187582,7,0.3473900507755321,4040.715081653215,6,-0.03498487595784211,112.63023977739476,-1,0.03498487595784211,112.63023977739476,1,False
2025-07-12,250712.0,WA2025 - Washington Speed Puzzling Championship,21973858,Frank Hollander,-0.3413949812662038,8046.254541116445,31,-0.3739087890058423,8368.174038897796,31,-0.3413949812662038,8046.254541116445,31,0.03251380773963847,-321.9194977813513,0,0.03251380773963847,321.9194977813513,0,False
2025-07-12,250712.0,WA2025 - Washington Speed Puzzling Championship,21974544,Jamie Lim,-0.0301351718539627,5894.070817033111,25,-0.0232559160638709,5893.103873620568,24,-0.0301351718539627,5894.070817033111,25,-0.006879255790091802,0.9669434125426051,1,0.006879255790091802,0.9669434125426051,1,False
2025-07-12,250712.0,WA2025 - Washington Speed Puzzling Championship,22048522,CHARESE GAINOR,0.2676121793872624,4376.282186654104,12,0.2903501908571185,4306.720567971025,12,0.2676121793872624,4376.282186654104,12,-0.0227380114698561,69.56161868307936,0,0.0227380114698561,69.56161868307936,0,False
2025-07-12,250712.0,WA2025 - Washington Speed Puzzling Championship,22233683,Chris Morrissey,-0.1982564323940881,6973.1576728201,27,-0.1793938162478816,6888.96414894306,27,-0.1982564323940881,6973.1576728201,27,-0.018862616146206518,84.1935238770402,0,0.018862616146206518,84.1935238770402,0,False
2025-07-12,250712.0,WA2025 - Washington Speed Puzzling Championship,22639397,Lauren Turner,0.0598862307285107,5386.659838218436,21,0.0655896812740831,5392.112485646903,21,0.0598862307285107,5386.659838218436,21,-0.0057034505455723986,-5.4526474284675714,0,0.0057034505455723986,5.4526474284675714,0,False
2025-07-12,250712.0,WA2025 - Washington Speed Puzzling Championship,22640026,Leslie Richardson,0.3372029838533981,4082.088495674194,8,0.3924753196504105,3888.609336220516,6,0.3372029838533981,4082.088495674194,8,-0.055272335797012406,193.47915945367777,2,0.055272335797012406,193.47915945367777,2,False
2025-07-12,250712.0,WA2025 - Washington Speed Puzzling Championship,22641588,Davey Black,0.1924180755922845,4718.040909565232,15,0.2174316070118963,4632.493653750879,15,0.1924180755922845,4718.040909565232,15,-0.025013531419611795,85.54725581435287,0,0.025013531419611795,85.54725581435287,0,False
2025-07-12,250712.0,WA2025 - Washington Speed Puzzling Championship,22645517,Marguerite Byrnes,0.1178396951888014,5083.3578244905775,19,0.1290625233020206,5060.495447065382,19,0.1178396951888014,5083.3578244905775,19,-0.011222828113219188,22.86237742519552,0,0.011222828113219188,22.86237742519552,0,False
2025-07-12,250712.0,WA2025 - Washington Speed Puzzling Championship,22686729,Rebecca Young,0.0123427999412881,5648.945708911934,22,0.004185850158543,5733.585438920764,22,0.0123427999412881,5648.945708911934,22,0.008156949782745098,-84.63973000883016,0,0.008156949782745098,84.63973000883016,0,False
2025-07-12,250712.0,WA2025 - Washington Speed Puzzling Championship,22703189,Beatrice Endler,0.4983515976863389,3474.533167862109,3,0.5352776671522742,3371.134211767742,3,0.4983515976863389,3474.533167862109,3,-0.036926069465935296,103.39895609436735,0,0.036926069465935296,103.39895609436735,0,False
2025-07-12,250712.0,WA2025 - Washington Speed Puzzling Championship,22817937,J.D. Armstrong,0.009029144241538,5667.695417941479,23,-0.0389040588476936,5986.045288242456,25,0.009029144241538,5667.695417941479,23,0.0479332030892316,-318.3498703009773,-2,0.0479332030892316,318.3498703009773,2,False
2025-07-12,250712.0,WA2025 - Washington Speed Puzzling Championship,22860511,Lydia Utkin,0.2617137791293806,4402.17152842261,13,0.2807259714127837,4348.369489503636,13,0.2617137791293806,4402.17152842261,13,-0.019012192283403118,53.802038918974176,0,0.019012192283403118,53.802038918974176,0,False
2025-07-12,250712.0,WA2025 - Washington Speed Puzzling Championship,22861788,Xin Li Phuah,0.3382175564728333,4077.9490207104377,7,0.3703957949578146,3975.4228558953832,8,0.3382175564728333,4077.9490207104377,7,-0.0321782384849813,102.52616481505447,-1,0.0321782384849813,102.52616481505447,1,False
2025-07-12,250712.0,WA2025 - Washington Speed Puzzling Championship,22862329,Lulu Zhong,-0.0852852958197998,6228.260144901991,26,-0.093407704945495,6321.361557022083,26,-0.0852852958197998,6228.260144901991,26,0.008122409125695201,-93.10141212009148,0,0.008122409125695201,93.10141212009148,0,False
2025-07-12,250712.0,WA2025 - Washington Speed Puzzling Championship,22871519,Grace Byrnes,0.2814651457544983,4316.075678895174,10,0.3106416129400458,4220.211744909007,10,0.2814651457544983,4316.075678895174,10,-0.02917646718554745,95.86393398616656,0,0.02917646718554745,95.86393398616656,0,False
2025-07-12,250712.0,WA2025 - Washington Speed Puzzling Championship,23608821,Jeff Soesbe,-0.8905522803475083,13934.447445127713,32,-0.9753667832377472,15270.054670593174,32,-0.8905522803475083,13934.447445127713,32,0.08481450289023884,-1335.607225465461,0,0.08481450289023884,1335.607225465461,0,False
2025-07-12,250712.0,WA2025 - Washington Speed Puzzling Championship,23741740,Catherine Kieu,-0.0056201276918483,5751.334156928061,24,-0.0061553779482148,5793.185391025237,23,-0.0056201276918483,5751.334156928061,24,0.0005352502563665002,-41.85123409717562,1,0.0005352502563665002,41.85123409717562,1,False
2025-07-12,250712.0,WA2025 - Washington Speed Puzzling Championship,23764079,Glenn Hollingsworth,-0.3219099414079142,7890.990525787763,30,-0.3525680310658108,8191.482929222739,30,-0.3219099414079142,7890.990525787763,30,0.030658089657896626,-300.49240343497604,0,0.030658089657896626,300.49240343497604,0,False
2025-07-12,250712.0,WA2025 - Washington Speed Puzzling Championship,23765312,Rebecca Crompton,-0.2956023767528022,7686.104623352852,29,-0.2894253389784921,7690.242021249286,28,-0.2956023767528022,7686.104623352852,29,-0.006177037774310112,-4.137397896433868,1,0.006177037774310112,4.137397896433868,1,False
2025-07-12,250712.0,WA2025 - Washington Speed Puzzling Championship,23766346,Robyn Curtis,0.2851829345103188,4300.05921263423,9,0.3145791897276218,4203.6270103646575,9,0.2851829345103188,4300.05921263423,9,-0.02939625521730299,96.43220226957237,0,0.02939625521730299,96.43220226957237,0,False
2025-07-12,250712.0,WA2025 - Washington Speed Puzzling Championship,23766491,Maggie Kirkland,0.1213099213304591,5065.74799599637,18,0.1694409109094927,4860.231183188676,17,0.1213099213304591,5065.74799599637,18,-0.0481309895790336,205.5168128076939,1,0.0481309895790336,205.5168128076939,1,False
2025-07-26,250726.0,NY2025 - New York Speed Puzzling Championship,17915498,Melynda Owens,0.2497320135368239,4344.770845478253,9,0.2661461661538261,4291.119986451015,11,0.2497320135368239,4344.770845478253,9,-0.016414152617002187,53.65085902723786,-2,0.016414152617002187,53.65085902723786,2,False
2025-07-26,250726.0,NY2025 - New York Speed Puzzling Championship,20453946,Sammy Brownlow,0.4939079970109419,3403.4752230379704,1,0.489101876557593,3433.540888036171,1,0.4939079970109419,3403.4752230379704,1,0.004806120453348883,-30.065664998200646,0,0.004806120453348883,30.065664998200646,0,False
2025-07-26,250726.0,NY2025 - New York Speed Puzzling Championship,20498998,Rachel Falk,-0.1118811748800165,6237.542071111817,25,-0.1225365248685895,6329.55832596428,25,-0.1118811748800165,6237.542071111817,25,0.010655349988572996,-92.01625485246313,0,0.010655349988572996,92.01625485246313,0,False
2025-07-26,250726.0,NY2025 - New York Speed Puzzling Championship,20533269,Elizaveta Gallagher,0.2354820244654099,4407.127014731193,11,0.2861628968947682,4206.07974630009,9,0.2354820244654099,4407.127014731193,11,-0.050680872429358315,201.04726843110348,2,0.050680872429358315,201.04726843110348,2,False
2025-07-26,250726.0,NY2025 - New York Speed Puzzling Championship,20701996,Agnes Roche,0.2684052882459974,4264.392544565889,8,0.2977784594953697,4157.506413130084,8,0.2684052882459974,4264.392544565889,8,-0.029373171249372276,106.8861314358046,0,0.029373171249372276,106.8861314358046,0,False
2025-07-26,250726.0,NY2025 - New York Speed Puzzling Championship,20720301,Melissa Martin,0.0393454407004634,5362.120917295946,17,0.0318981412914401,5423.795205528792,18,0.0393454407004634,5362.120917295946,17,0.007447299409023299,-61.674288232846266,-1,0.007447299409023299,61.674288232846266,1,False
2025-07-26,250726.0,NY2025 - New York Speed Puzzling Championship,21410220,Ashlyn Koga,0.2394953397467685,4389.475269238655,10,0.2666221782925271,4289.077847328905,10,0.2394953397467685,4389.475269238655,10,-0.02712683854575859,100.39742190974994,0,0.02712683854575859,100.39742190974994,0,False
2025-07-26,250726.0,NY2025 - New York Speed Puzzling Championship,21423906,Gail McCormick,0.391392834516358,3770.8943314609705,3,0.4251998915843655,3660.113077909042,4,0.391392834516358,3770.8943314609705,3,-0.03380705706800752,110.78125355192833,-1,0.03380705706800752,110.78125355192833,1,False
2025-07-26,250726.0,NY2025 - New York Speed Puzzling Championship,21594891,Kinsey Keltz,0.1888777163835604,4617.379399713722,13,0.2034439548364101,4568.797217231651,13,0.1888777163835604,4617.379399713722,13,-0.014566238452849684,48.58218248207049,0,0.014566238452849684,48.58218248207049,0,False
2025-07-26,250726.0,NY2025 - New York Speed Puzzling Championship,21617866,Margaret Long,0.3803191326951198,3812.8841531804296,4,0.4370155122605992,3617.1210590132137,3,0.3803191326951198,3812.8841531804296,4,-0.056696379565479404,195.76309416721597,1,0.056696379565479404,195.76309416721597,1,False
2025-07-26,250726.0,NY2025 - New York Speed Puzzling Championship,21837736,Mollie Tessler,-0.2233561730259635,6973.109168954296,28,-0.2446281895046267,7151.499990815712,28,-0.2233561730259635,6973.109168954296,28,0.021272016478663197,-178.39082186141604,0,0.021272016478663197,178.39082186141604,0,False
2025-07-26,250726.0,NY2025 - New York Speed Puzzling Championship,21851725,Maud Dias,0.4480700845937369,3563.114230987803,2,0.4853394999891018,3446.483494031644,2,0.4480700845937369,3563.114230987803,2,-0.037269415395364935,116.63073695615867,0,0.037269415395364935,116.63073695615867,0,False
2025-07-26,250726.0,NY2025 - New York Speed Puzzling Championship,21907911,Kayla Berkowitz,0.1095724889276987,4998.473381507357,15,0.12000796406367,4966.354003867438,15,0.1095724889276987,4998.473381507357,15,-0.01043547513597129,32.11937763991864,0,0.01043547513597129,32.11937763991864,0,False
2025-07-26,250726.0,NY2025 - New York Speed Puzzling Championship,21988310,Ashley Bromiley,0.344931063757554,3950.230640802368,6,0.357283425747796,3917.330819082587,6,0.344931063757554,3950.230640802368,6,-0.012352361990241978,32.8998217197809,0,0.012352361990241978,32.8998217197809,0,False
2025-07-26,250726.0,NY2025 - New York Speed Puzzling Championship,22065952,Jodie Morse,0.0185054734540635,5475.039868470311,20,0.0175868550879787,5501.974781825563,20,0.0185054734540635,5475.039868470311,20,0.0009186183660848009,-26.93491335525141,0,0.0009186183660848009,26.93491335525141,0,False
2025-07-26,250726.0,NY2025 - New York Speed Puzzling Championship,22069622,Bailey Baleno,0.0148035063780773,5495.345848647752,21,-0.0112448739213099,5662.915174068946,22,0.0148035063780773,5495.345848647752,21,0.0260483802993872,-167.56932542119375,-1,0.0260483802993872,167.56932542119375,1,False
2025-07-26,250726.0,NY2025 - New York Speed Puzzling Championship,22206793,Bill McFadden,-0.1361379213201367,6390.694528330067,27,-0.1491034376363402,6499.96876665654,27,-0.1361379213201367,6390.694528330067,27,0.012965516316203518,-109.27423832647219,0,0.012965516316203518,109.27423832647219,0,False
2025-07-26,250726.0,NY2025 - New York Speed Puzzling Championship,22325363,Marianne Bruno,-0.3572531302701748,7972.181436510719,31,-0.4566682291743254,8840.665559028206,31,-0.3572531302701748,7972.181436510719,31,0.09941509890415062,-868.4841225174869,0,0.09941509890415062,868.4841225174869,0,False
2025-07-26,250726.0,NY2025 - New York Speed Puzzling Championship,22439893,Jen McGuire,-0.0099564649250893,5633.108921050933,22,-0.0109046996798598,5660.989123810121,21,-0.0099564649250893,5633.108921050933,22,0.0009482347547705005,-27.88020275918825,1,0.0009482347547705005,27.88020275918825,1,False
2025-07-26,250726.0,NY2025 - New York Speed Puzzling Championship,22551828,Kristin Squire,-0.0359117080999181,5781.23159752325,23,-0.0393318707761008,5824.224193403986,23,-0.0359117080999181,5781.23159752325,23,0.0034201626761826975,-42.99259588073619,0,0.0034201626761826975,42.99259588073619,0,False
2025-07-26,250726.0,NY2025 - New York Speed Puzzling Championship,22736994,Brooke Ouro-Djobo,0.2696905054688496,4258.915394240496,7,0.2982294109683837,4155.632002154975,7,0.2696905054688496,4258.915394240496,7,-0.028538905499534084,103.28339208552097,0,0.028538905499534084,103.28339208552097,0,False
2025-07-26,250726.0,NY2025 - New York Speed Puzzling Championship,22861870,Jenna Wyly,0.3623866122316375,3881.875522032383,5,0.3661919132194934,3882.5883079377622,5,0.3623866122316375,3881.875522032383,5,-0.0038053009878559196,-0.7127859053794054,0,0.0038053009878559196,0.7127859053794054,0,False
2025-07-26,250726.0,NY2025 - New York Speed Puzzling Championship,23743070,Maggie Horne,-0.067394881710531,5966.13857186566,24,-0.0738134418734387,6028.55517562945,24,-0.067394881710531,5966.13857186566,24,0.006418560162907705,-62.41660376378968,0,0.006418560162907705,62.41660376378968,0,False
2025-07-26,250726.0,NY2025 - New York Speed Puzzling Championship,23749493,Jensy Nandar,0.0748611630294589,5175.023436911894,16,0.081990797603693,5158.795574845948,16,0.0748611630294589,5175.023436911894,16,-0.0071296345742341005,16.227862065946283,0,0.0071296345742341005,16.227862065946283,0,False
2025-07-26,250726.0,NY2025 - New York Speed Puzzling Championship,23764010,Tyler Heathcote,0.1305568158653101,4894.676643038864,14,0.1523736958953388,4808.187712771543,14,0.1305568158653101,4894.676643038864,14,-0.021816880030028712,86.48893026732094,0,0.021816880030028712,86.48893026732094,0,False
2025-07-26,250726.0,NY2025 - New York Speed Puzzling Championship,23764352,Makiko Hiromi,0.0250815923317876,5439.153481335404,19,0.0274703154110054,5447.864073364185,19,0.0250815923317876,5439.153481335404,19,-0.002388723079217798,-8.71059202878132,0,0.002388723079217798,8.71059202878132,0,False
2025-07-26,250726.0,NY2025 - New York Speed Puzzling Championship,23764760,Erin Cherry,0.0359097173613915,5380.5753653139855,18,0.0393296904434287,5383.637407014479,17,0.0359097173613915,5380.5753653139855,18,-0.0034199730820371962,-3.0620417004938645,1,0.0034199730820371962,3.0620417004938645,1,False
2025-07-26,250726.0,NY2025 - New York Speed Puzzling Championship,23764765,Timothy Miller,0.2346864215652655,4410.634732955786,12,0.2617154185506978,4310.175038936476,12,0.2346864215652655,4410.634732955786,12,-0.02702899698543229,100.45969401930961,0,0.02702899698543229,100.45969401930961,0,False
2025-07-26,250726.0,NY2025 - New York Speed Puzzling Championship,23765857,Valentina Taborda,-0.3260772746001728,7727.476126841636,30,-0.3571322531335226,8003.077756505815,30,-0.3260772746001728,7727.476126841636,30,0.03105497853334982,-275.6016296641792,0,0.03105497853334982,275.6016296641792,0,False
2025-07-26,250726.0,NY2025 - New York Speed Puzzling Championship,24211940,Jordan Halperin,-0.1333919854727035,6373.170162538232,26,-0.1286297375851281,6368.243409779304,26,-0.1333919854727035,6373.170162538232,26,-0.004762247887575399,4.92675275892816,0,0.004762247887575399,4.92675275892816,0,False
2025-07-26,250726.0,NY2025 - New York Speed Puzzling Championship,24718371,Shannon May,-0.2376221440120203,7073.300304740692,29,-0.2602528243941174,7264.117076422784,29,-0.2376221440120203,7073.300304740692,29,0.02263068038209709,-190.8167716820917,0,0.02263068038209709,190.8167716820917,0,False
2025-08-02,250802.0,SPDC 389,17593434,Jonathan Cluff,0.1547307260694034,3523.3993250583057,55,0.1605359914742142,3517.4844691723106,56,0.1547307260694034,3523.3993250583057,55,-0.0058052654048108,5.914855885995166,-1,0.0058052654048108,5.914855885995166,1,False
2025-08-02,250802.0,SPDC 389,17731882,Noelle Marshall,0.0338334915409323,3976.187618687101,78,0.0396669284717056,3969.4008253190095,76,0.0338334915409323,3976.187618687101,78,-0.005833436930773303,6.786793368091367,2,0.005833436930773303,6.786793368091367,2,False
2025-08-02,250802.0,SPDC 389,17731921,Kaitlin MacKenzie,0.4625088991347521,2589.974597856055,9,0.4694451102350219,2582.7041648218446,11,0.4625088991347521,2589.974597856055,9,-0.006936211100269762,7.270433034210328,-2,0.006936211100269762,7.270433034210328,2,False
2025-08-02,250802.0,SPDC 389,17731928,Kara Taylor,0.2554232634556246,3185.896431440846,38,0.2454019658645277,3231.28574114736,39,0.2554232634556246,3185.896431440846,38,0.010021297591096906,-45.38930970651427,-1,0.010021297591096906,45.38930970651427,1,False
2025-08-02,250802.0,SPDC 389,17887918,Aly Krasny,0.3110752205865974,3013.438382067499,29,0.3179555343273095,3005.1472000851563,29,0.3110752205865974,3013.438382067499,29,-0.006880313740712074,8.29118198234255,0,0.006880313740712074,8.29118198234255,0,False
2025-08-02,250802.0,SPDC 389,17915498,Melynda Owens,0.2610412510953934,3168.0482869382786,36,0.2748509724223081,3137.515089176873,36,0.2610412510953934,3168.0482869382786,36,-0.013809721326914715,30.533197761405518,0,0.013809721326914715,30.533197761405518,0,False
2025-08-02,250802.0,SPDC 389,18141627,Alyssa Zackler,0.3979810481636833,2762.610093379515,17,0.4158467850299065,2724.909730482683,19,0.3979810481636833,2762.610093379515,17,-0.017865736866223225,37.7003628968323,-2,0.017865736866223225,37.7003628968323,2,False
2025-08-02,250802.0,SPDC 389,18141628,Allison Treacy,-0.1614237230950328,4833.547596641836,121,-0.1555886303158953,4825.289420348571,119,-0.1614237230950328,4833.547596641836,121,-0.0058350927791375184,8.258176293265024,2,0.0058350927791375184,8.258176293265024,2,False
2025-08-02,250802.0,SPDC 389,18641373,Jennifer Benn,-0.5306665961474488,6992.39802963337,139,-0.5238148456919607,6973.358307195656,137,-0.5306665961474488,6992.39802963337,139,-0.006851750455488137,19.039722437713863,2,0.006851750455488137,19.039722437713863,2,False
2025-08-02,250802.0,SPDC 389,18846642,Heather Mueller,0.2301717278828927,3267.3695398948576,42,0.2363487656572029,3260.672037190564,41,0.2301717278828927,3267.3695398948576,42,-0.006177037774310196,6.6975027042935835,1,0.006177037774310196,6.6975027042935835,1,False
2025-08-02,250802.0,SPDC 389,18956787,Kelly Buhr,0.4673815857792977,2577.3851603247504,7,0.4737971635142918,2571.4885219320176,9,0.4673815857792977,2577.3851603247504,7,-0.006415577734994071,5.8966383927327115,-2,0.006415577734994071,5.8966383927327115,2,False
2025-08-02,250802.0,SPDC 389,19548766,Lindsay Steenstra,0.129244613239778,3614.351159120391,59,0.1464900840559026,3567.2393385173496,58,0.129244613239778,3614.351159120391,59,-0.017245470816124597,47.11182060304145,1,0.017245470816124597,47.11182060304145,1,False
2025-08-02,250802.0,SPDC 389,19573602,Isabel Urrutia,0.170571272142459,3468.026481609564,52,0.1465543918330846,3567.009944660792,57,0.170571272142459,3468.026481609564,52,0.024016880309374405,-98.98346305122777,-5,0.024016880309374405,98.98346305122777,5,False
2025-08-02,250802.0,SPDC 389,20453946,Sammy Brownlow,0.4882194033053953,2524.2337812733863,5,0.4861828654679875,2539.835260103423,7,0.4882194033053953,2524.2337812733863,5,0.0020365378374078147,-15.60147883003674,-2,0.0020365378374078147,15.60147883003674,2,False
2025-08-02,250802.0,SPDC 389,20531734,Norah Molina,0.0630683851482126,3861.626940577877,73,0.0770685203249009,3823.6809794888895,71,0.0630683851482126,3861.626940577877,73,-0.0140001351766883,37.94596108898759,2,0.0140001351766883,37.94596108898759,2,False
2025-08-02,250802.0,SPDC 389,20596000,Elena Oberg,-0.0753695359388113,4434.995064724927,102,-0.0684915626697099,4422.8029595249,102,-0.0753695359388113,4434.995064724927,102,-0.0068779732691013895,12.192105200027072,0,0.0068779732691013895,12.192105200027072,0,False
2025-08-02,250802.0,SPDC 389,20720301,Melissa Martin,0.0434699297462527,3938.055357080843,76,0.037521682577352,3977.92530642742,77,0.0434699297462527,3938.055357080843,76,0.005948247168900703,-39.86994934657696,-1,0.005948247168900703,39.86994934657696,1,False
2025-08-02,250802.0,SPDC 389,20720304,Lisa George,0.1833986654349705,3423.8248439601607,51,0.1892314456601228,3417.9831008158244,51,0.1833986654349705,3423.8248439601607,51,-0.005832780225152295,5.841743144336306,0,0.005832780225152295,5.841743144336306,0,False
2025-08-02,250802.0,SPDC 389,20722068,Elizabeth Nelson,0.3849358265441334,2798.8850472712197,18,0.4192325795725792,2715.699347019651,17,0.3849358265441334,2798.8850472712197,18,-0.034296753028445814,83.1857002515685,1,0.034296753028445814,83.1857002515685,1,False
2025-08-02,250802.0,SPDC 389,20736847,Stephanie Vargas,-0.3213114682781713,5671.583951762159,134,-0.3302922818335952,5746.404575418749,134,-0.3213114682781713,5671.583951762159,134,0.008980813555423905,-74.82062365659021,0,0.008980813555423905,74.82062365659021,0,False
2025-08-02,250802.0,SPDC 389,20737327,Amy Paull,0.3509295443575616,2895.7015771887272,20,0.3802636971458724,2823.616158049217,21,0.3509295443575616,2895.7015771887272,20,-0.029334152788310808,72.08541913951012,-1,0.029334152788310808,72.08541913951012,1,False
2025-08-02,250802.0,SPDC 389,20739624,Mari Black,0.6291856721074478,2192.344008404638,1,0.6470820386839257,2162.359631621106,1,0.6291856721074478,2192.344008404638,1,-0.017896366576477862,29.984376783531843,0,0.017896366576477862,29.984376783531843,0,False
2025-08-02,250802.0,SPDC 389,20860009,Andrea Heistand,0.4602234479890443,2595.9006275142697,10,0.4970473160181924,2512.3907004986704,6,0.4602234479890443,2595.9006275142697,10,-0.03682386802914811,83.50992701559926,4,0.03682386802914811,83.50992701559926,4,False
2025-08-02,250802.0,SPDC 389,20866417,Felisa Lewis,0.0801079767651532,3796.3838310953183,71,0.0775894459022996,3821.689644980429,70,0.0801079767651532,3796.3838310953183,71,0.002518530862853599,-25.305813885110638,1,0.002518530862853599,25.305813885110638,1,False
2025-08-02,250802.0,SPDC 389,20866882,Stephanie Thompson,0.0835850567749203,3783.206423493424,70,0.0897620945492304,3775.4515506690095,69,0.0835850567749203,3783.206423493424,70,-0.0061770377743100985,7.754872824414633,1,0.0061770377743100985,7.754872824414633,1,False
2025-08-02,250802.0,SPDC 389,21090776,Ashley Willard,0.0048921018198213,4092.9454312206913,89,-0.0516187242833582,4348.803763786783,98,0.0048921018198213,4092.9454312206913,89,0.0565108261031795,-255.85833256609158,-9,0.0565108261031795,255.85833256609158,9,False
2025-08-02,250802.0,SPDC 389,21111122,Deanna OMara,-0.0545231760227235,4343.498559371622,98,-0.047584439209727,4331.294791514336,95,-0.0545231760227235,4343.498559371622,98,-0.006938736812996504,12.203767857286039,3,0.006938736812996504,12.203767857286039,3,False
2025-08-02,250802.0,SPDC 389,21113122,Jeremy Seidling,0.2849465649619467,3093.213140887496,31,0.2988719414492958,3063.046915926336,31,0.2849465649619467,3093.213140887496,31,-0.013925376487349095,30.16622496115997,0,0.013925376487349095,30.16622496115997,0,False
2025-08-02,250802.0,SPDC 389,21169710,Rachel Shields,-0.1110484183920454,4596.087441689942,111,-0.1217472301115005,4664.727021424988,112,-0.1110484183920454,4596.087441689942,111,0.010698811719455095,-68.63957973504603,-1,0.010698811719455095,68.63957973504603,1,False
2025-08-02,250802.0,SPDC 389,21173211,Natalie Hinkley,-0.1439199271890403,4749.678322667021,119,-0.1537967322992584,4816.650735938779,117,-0.1439199271890403,4749.678322667021,119,0.009876805110218101,-66.97241327175743,2,0.009876805110218101,66.97241327175743,2,False
2025-08-02,250802.0,SPDC 389,21181439,Chelsea Widmaier,0.2663962229299606,3151.128819658024,34,0.2867815480352206,3100.305137605943,32,0.2663962229299606,3151.128819658024,34,-0.020385325105259977,50.82368205208104,2,0.020385325105259977,50.82368205208104,2,False
2025-08-02,250802.0,SPDC 389,21187349,Alison Filley,0.2062565120666835,3346.451246519417,45,0.2358306765120846,3262.3617936632672,42,0.2062565120666835,3346.451246519417,45,-0.02957416444540112,84.08945285614982,3,0.02957416444540112,84.08945285614982,3,False
2025-08-02,250802.0,SPDC 389,21198876,Angie Gazdic,0.3377241296238303,2934.194113042043,26,0.3486422722646174,2914.3296099041345,27,0.3377241296238303,2934.194113042043,26,-0.01091814264078711,19.86450313790874,-1,0.01091814264078711,19.86450313790874,1,False
2025-08-02,250802.0,SPDC 389,21394027,Elizabeth Tashiro,0.2066919816262229,3344.994286123052,44,0.2335926900633191,3269.6710911520577,43,0.2066919816262229,3344.994286123052,44,-0.026900708437096188,75.32319497099434,1,0.026900708437096188,75.32319497099434,1,False
2025-08-02,250802.0,SPDC 389,21428556,Caryn Knill,0.5841320148644489,2293.375964225232,2,0.5906214044279086,2287.9602079593096,2,0.5841320148644489,2293.375964225232,2,-0.00648938956345968,5.415756265922482,0,0.00648938956345968,5.415756265922482,0,False
2025-08-02,250802.0,SPDC 389,21550393,Sarah Eggerichs,0.130675602308456,3609.18276096392,57,0.1669102079751218,3495.1345688531032,53,0.130675602308456,3609.18276096392,57,-0.03623460566666578,114.04819211081667,4,0.03623460566666578,114.04819211081667,4,False
2025-08-02,250802.0,SPDC 389,21594891,Kinsey Keltz,0.2033013645050086,3356.35513027233,48,0.2148184465122612,3331.636549773948,46,0.2033013645050086,3356.35513027233,48,-0.0115170820072526,24.718580498381925,2,0.0115170820072526,24.718580498381925,2,False
2025-08-02,250802.0,SPDC 389,21616379,Debbie Dyson,-0.1527448292126597,4791.77926361688,120,-0.1790478027533918,4939.824918247412,125,-0.1527448292126597,4791.77926361688,120,0.026302973540732105,-148.04565463053223,-5,0.026302973540732105,148.04565463053223,5,False
2025-08-02,250802.0,SPDC 389,21858254,Kara Bingham,0.2444576254444913,3221.024064911948,39,0.2576161018795438,3192.0584291401697,38,0.2444576254444913,3221.024064911948,39,-0.013158476435052524,28.965635771778125,1,0.013158476435052524,28.965635771778125,1,False
2025-08-02,250802.0,SPDC 389,21861742,Rachel DiDonna,-0.1970374722439631,5008.79035213645,128,-0.1650307981078328,4871.066389510557,121,-0.1970374722439631,5008.79035213645,128,-0.032006674136130286,137.72396262589245,7,0.032006674136130286,137.72396262589245,7,False
2025-08-02,250802.0,SPDC 389,21886298,Ieva Veya,-0.0330631957567419,4251.280207100578,92,-0.0253492200871973,4236.050317692984,89,-0.0330631957567419,4251.280207100578,92,-0.007713975669544602,15.229889407593873,3,0.007713975669544602,15.229889407593873,3,False
2025-08-02,250802.0,SPDC 389,21896723,Tricia Marotz,-0.138244894461666,4722.800082324852,118,-0.131312253392919,4709.559313136254,115,-0.138244894461666,4722.800082324852,118,-0.0069326410687469975,13.240769188598279,3,0.0069326410687469975,13.240769188598279,3,False
2025-08-02,250802.0,SPDC 389,21907039,Lauren Mecca,-0.1715831337969662,4882.903882694462,122,-0.1647289350672743,4869.596216506068,120,-0.1715831337969662,4882.903882694462,122,-0.006854198729691896,13.307666188393341,2,0.006854198729691896,13.307666188393341,2,False
2025-08-02,250802.0,SPDC 389,21916237,Katie Greenfield,-0.4266294403996086,6301.491852951664,136,-0.4196958080342496,6283.818858826093,136,-0.4266294403996086,6301.491852951664,136,-0.006933632365358988,17.672994125571677,0,0.006933632365358988,17.672994125571677,0,False
2025-08-02,250802.0,SPDC 389,21922205,Maria Seitz,0.109698181136801,3685.693804299135,62,0.174811058347968,3467.628836014787,52,0.109698181136801,3685.693804299135,62,-0.065112877211167,218.0649682843482,10,0.065112877211167,218.0649682843482,10,False
2025-08-02,250802.0,SPDC 389,21922408,KaSaundra Olsen,-0.2488584266820743,5275.193671701178,132,-0.2411407583169598,5256.27627998001,131,-0.2488584266820743,5275.193671701178,132,-0.007717668365114505,18.917391721167405,1,0.007717668365114505,18.917391721167405,1,False
2025-08-02,250802.0,SPDC 389,21924776,Nicholas Mueller,0.2989922499057355,3050.070536626786,30,0.3146848622448868,3014.9921421484373,30,0.2989922499057355,3050.070536626786,30,-0.015692612339151313,35.078394478348855,0,0.015692612339151313,35.078394478348855,0,False
2025-08-02,250802.0,SPDC 389,21925075,Diana Jaffe,0.384394539839694,2800.400456633029,19,0.4172943425976171,2720.96812032308,18,0.384394539839694,2800.400456633029,19,-0.03289980275792309,79.43233630994928,1,0.03289980275792309,79.43233630994928,1,False
2025-08-02,250802.0,SPDC 389,21925467,Ameenah Saafir,-0.0759685809058363,4437.652622115947,103,-0.0753231459971318,4453.121149189436,105,-0.0759685809058363,4437.652622115947,103,-0.0006454349087045008,-15.468527073488985,-2,0.0006454349087045008,15.468527073488985,2,False
2025-08-02,250802.0,SPDC 389,21927072,Katie Graham,-0.3161945341972639,5642.636953647199,133,-0.3067274032500376,5612.574289504428,133,-0.3161945341972639,5642.636953647199,133,-0.009467130947226288,30.06266414277161,0,0.009467130947226288,30.06266414277161,0,False
2025-08-02,250802.0,SPDC 389,21927536,Skye Vandeleest,0.4371733899855966,2656.4312244401767,12,0.4436777293354589,2650.118502260818,14,0.4371733899855966,2656.4312244401767,12,-0.006504339349862276,6.312722179358843,-2,0.006504339349862276,6.312722179358843,2,False
2025-08-02,250802.0,SPDC 389,21927541,Chloe Glikbarg,0.4329966124190644,2667.5497504264217,13,0.4564205419068842,2616.5627900317086,12,0.4329966124190644,2667.5497504264217,13,-0.023423929487819795,50.98696039471315,1,0.023423929487819795,50.98696039471315,1,False
2025-08-02,250802.0,SPDC 389,21935425,Arlyn Purcell,-0.1823386447238369,4935.705453685886,124,-0.1754552454036523,4922.110153637754,124,-0.1823386447238369,4935.705453685886,124,-0.006883399320184613,13.59530004813223,0,0.006883399320184613,13.59530004813223,0,False
2025-08-02,250802.0,SPDC 389,21939662,Scott Eng,0.2724080040498482,3132.2417522551777,33,0.2793405946510574,3123.4604054078104,35,0.2724080040498482,3132.2417522551777,33,-0.006932590601209154,8.781346847367331,-2,0.006932590601209154,8.781346847367331,2,False
2025-08-02,250802.0,SPDC 389,21960422,Andrew Paul,0.2174244503698953,3309.2862002124057,43,0.2236014881442054,3302.5027761140354,44,0.2174244503698953,3309.2862002124057,43,-0.006177037774310112,6.783424098370233,-1,0.006177037774310112,6.783424098370233,1,False
2025-08-02,250802.0,SPDC 389,21964658,Cosmo Smith,0.3392344191775065,2929.765975051639,24,0.3719163569549979,2847.284489064093,22,0.3392344191775065,2929.765975051639,24,-0.0326819377774914,82.48148598754597,2,0.0326819377774914,82.48148598754597,2,False
2025-08-02,250802.0,SPDC 389,21966640,Cindy Markison,0.1305341905879565,3609.6931777963528,58,0.1363588635292983,3603.563520378245,60,0.1305341905879565,3609.6931777963528,58,-0.005824672941341785,6.129657418107854,-2,0.005824672941341785,6.129657418107854,2,False
2025-08-02,250802.0,SPDC 389,21968495,Jennifer Morrow,0.1039183014771742,3707.058353735472,64,0.1286747402738674,3631.360407205993,63,0.1039183014771742,3707.058353735472,64,-0.024756438796693217,75.69794652947894,1,0.024756438796693217,75.69794652947894,1,False
2025-08-02,250802.0,SPDC 389,21974544,Jamie Lim,0.0107304788397263,4069.118894504069,82,0.0175428436266552,4058.198851489004,81,0.0107304788397263,4069.118894504069,82,-0.006812364786928898,10.920043015064948,1,0.006812364786928898,10.920043015064948,1,False
2025-08-02,250802.0,SPDC 389,21976246,Edith Lewis,0.4172459610349871,2709.898027583092,14,0.4461955899066643,2643.454266703654,13,0.4172459610349871,2709.898027583092,14,-0.02894962887167718,66.44376087943783,1,0.02894962887167718,66.44376087943783,1,False
2025-08-02,250802.0,SPDC 389,21979616,Jennifer McCarthy,0.0280935397394418,3999.076371297401,79,0.0358080567293592,3984.74782600732,78,0.0280935397394418,3999.076371297401,79,-0.007714516989917403,14.32854529008091,1,0.007714516989917403,14.32854529008091,1,False
2025-08-02,250802.0,SPDC 389,21988310,Ashley Bromiley,0.3446836528463851,2913.844415206514,22,0.3557575579348331,2893.66691983836,24,0.3446836528463851,2913.844415206514,22,-0.011073905088448022,20.177495368153814,-2,0.011073905088448022,20.177495368153814,2,False
2025-08-02,250802.0,SPDC 389,22035202,Rebecca Streitz,0.4122539844826821,2723.4595963499187,15,0.4210896832227063,2710.6606919501382,16,0.4122539844826821,2723.4595963499187,15,-0.008835698740024212,12.79890439978044,-1,0.008835698740024212,12.79890439978044,1,False
2025-08-02,250802.0,SPDC 389,22035203,Jessica Streitz,0.4986975215400133,2497.9226475729038,4,0.5107211771096501,2478.270428614995,4,0.4986975215400133,2497.9226475729038,4,-0.01202365556963686,19.652218957908644,0,0.01202365556963686,19.652218957908644,0,False
2025-08-02,250802.0,SPDC 389,22065952,Jodie Morse,0.0360832828873053,3967.25208150711,77,0.033037908436311,3995.8014714457295,79,0.0360832828873053,3967.25208150711,77,0.003045374450994301,-28.549389938619697,-2,0.003045374450994301,28.549389938619697,2,False
2025-08-02,250802.0,SPDC 389,22206793,Bill McFadden,0.0100326360887716,4071.9594906568086,83,-0.0536654761821594,4357.713801355493,100,0.0100326360887716,4071.9594906568086,83,0.063698112270931,-285.75431069868455,-17,0.063698112270931,285.75431069868455,17,False
2025-08-02,250802.0,SPDC 389,22207268,Sarah Proctor,0.1380926571901438,3582.5122848082924,56,0.1432882953761467,3578.679189268788,59,0.1380926571901438,3582.5122848082924,56,-0.00519563818600291,3.833095539504484,-3,0.00519563818600291,3.833095539504484,3,False
2025-08-02,250802.0,SPDC 389,22240338,Connie Buckwalter,-0.5176313612377347,6901.841970735159,137,-0.5669295861175189,7280.5883211311775,138,-0.5176313612377347,6901.841970735159,137,0.04929822487978419,-378.7463503960189,-1,0.04929822487978419,378.7463503960189,1,False
2025-08-02,250802.0,SPDC 389,22250420,Julie Headlee,-0.6385392321447866,7788.873174517475,140,-0.6474163479445013,7890.807182406484,140,-0.6385392321447866,7788.873174517475,140,0.00887711579971473,-101.93400788900908,0,0.00887711579971473,101.93400788900908,0,False
2025-08-02,250802.0,SPDC 389,22386336,Jodi Green,0.0215126702451938,4025.4805569520977,81,0.0098416965738985,4089.572288281839,85,0.0215126702451938,4025.4805569520977,81,0.0116709736712953,-64.09173132974138,-4,0.0116709736712953,64.09173132974138,4,False
2025-08-02,250802.0,SPDC 389,22408132,Jen Lunsford,0.4076730403291151,2735.9642323172807,16,0.4310029928217618,2683.9218275901285,15,0.4076730403291151,2735.9642323172807,16,-0.02332995249264669,52.04240472715219,1,0.02332995249264669,52.04240472715219,1,False
2025-08-02,250802.0,SPDC 389,22477087,Toni MacReynolds,0.2051038016890627,3350.310959737844,47,0.1959847742212323,3394.9781054988507,50,0.2051038016890627,3350.310959737844,47,0.009119027467830387,-44.66714576100685,-3,0.009119027467830387,44.66714576100685,3,False
2025-08-02,250802.0,SPDC 389,22477088,Samantha Saake,0.3324406565249962,2949.737875070552,27,0.3488821842022454,2913.6305113049407,26,0.3324406565249962,2949.737875070552,27,-0.016441527677249212,36.10736376561135,1,0.016441527677249212,36.10736376561135,1,False
2025-08-02,250802.0,SPDC 389,22477750,Jessica Norris,0.2766995070179598,3118.8285295070887,32,0.2838740578163549,3109.3323613921584,34,0.2766995070179598,3118.8285295070887,32,-0.007174550798395074,9.496168114930242,-2,0.007174550798395074,9.496168114930242,2,False
2025-08-02,250802.0,SPDC 389,22489256,Alyssa Graham,0.0080447938872832,4080.061954116404,88,-0.0129551629757882,4183.872483586206,87,0.0080447938872832,4080.061954116404,88,0.0209999568630714,-103.81052946980162,1,0.0209999568630714,103.81052946980162,1,False
2025-08-02,250802.0,SPDC 389,22490366,Alicia Gould,-0.0857029607045431,4481.061353918269,106,-0.1146518092043598,4631.7459653974565,109,-0.0857029607045431,4481.061353918269,106,0.0289488484998167,-150.68461147918788,-3,0.0289488484998167,150.68461147918788,3,False
2025-08-02,250802.0,SPDC 389,22549301,Jenevieve Parker,-0.0361112543977602,4264.25812715411,93,-0.0479489110539784,4332.873714233957,96,-0.0361112543977602,4264.25812715411,93,0.0118376566562182,-68.61558707984659,-3,0.0118376566562182,68.61558707984659,3,False
2025-08-02,250802.0,SPDC 389,22549913,Sabrina Monserate-Lindsay,0.2359719237409622,3248.4730113827954,40,0.2199002152525934,3314.7488892366214,45,0.2359719237409622,3248.4730113827954,40,0.016071708488368808,-66.27587785382593,-5,0.016071708488368808,66.27587785382593,5,False
2025-08-02,250802.0,SPDC 389,22557667,Angela Morford,0.15753831000327,3513.5209593799323,54,0.1633717429902807,3507.523886799221,54,0.15753831000327,3513.5209593799323,54,-0.005833432987010695,5.997072580711119,0,0.005833432987010695,5.997072580711119,0,False
2025-08-02,250802.0,SPDC 389,22561030,Allie Arendell,0.4573072783199073,2603.481762754115,11,0.4707796909411264,2579.2596366855496,10,0.4573072783199073,2603.481762754115,11,-0.01347241262121912,24.222126068565558,1,0.01347241262121912,24.222126068565558,1,False
2025-08-02,250802.0,SPDC 389,22608003,Rushing Smith III,0.0922527753935788,3750.556359934755,66,0.1118976013828108,3692.7981790573135,65,0.0922527753935788,3750.556359934755,66,-0.019644825989231993,57.758180877441646,1,0.019644825989231993,57.758180877441646,1,False
2025-08-02,250802.0,SPDC 389,22638087,Karen Bell,-0.0525426409871626,4334.904621404656,97,-0.0467082009341843,4327.501207519823,94,-0.0525426409871626,4334.904621404656,97,-0.0058344400529783055,7.403413884832844,3,0.0058344400529783055,7.403413884832844,3,False
2025-08-02,250802.0,SPDC 389,22640026,Leslie Richardson,0.3434552574333916,2917.42596765126,23,0.388058835295487,2801.691244899865,20,0.3434552574333916,2917.42596765126,23,-0.0446035778620954,115.73472275139511,3,0.0446035778620954,115.73472275139511,3,False
2025-08-02,250802.0,SPDC 389,22654912,Karen Wells,0.0894853708965836,3760.950041598802,68,0.055416879750493,3907.3727078525153,73,0.0894853708965836,3760.950041598802,68,0.03406849114609059,-146.4226662537135,-5,0.03406849114609059,146.4226662537135,5,False
2025-08-02,250802.0,SPDC 389,22682522,Marjorie No Last Name,-0.0922656435906447,4510.565846999572,108,-0.0853330523111751,4497.920318375343,106,-0.0922656435906447,4510.565846999572,108,-0.006932591279469588,12.645528624228973,2,0.006932591279469588,12.645528624228973,2,False
2025-08-02,250802.0,SPDC 389,22684893,Ellen Leader,-0.2091965822226979,5070.064549826331,129,-0.2022645158550875,5055.853100956972,128,-0.2091965822226979,5070.064549826331,129,-0.006932066367610401,14.211448869358719,1,0.006932066367610401,14.211448869358719,1,False
2025-08-02,250802.0,SPDC 389,22686729,Rebecca Young,0.0656924427027994,3851.507092570103,72,0.0447744361099449,3949.178766405076,75,0.0656924427027994,3851.507092570103,72,0.020918006592854504,-97.67167383497326,-3,0.020918006592854504,97.67167383497326,3,False
2025-08-02,250802.0,SPDC 389,22691193,Wendy Weigant,0.0083906664461871,4078.651016664184,86,0.0002397903097831,4129.029105234936,86,0.0083906664461871,4078.651016664184,86,0.008150876136403999,-50.378088570751515,0,0.008150876136403999,50.378088570751515,0,False
2025-08-02,250802.0,SPDC 389,22691848,Ann Glezen,-0.1811275675820488,4929.73155179051,123,-0.1752953388698421,4921.323138990124,123,-0.1811275675820488,4929.73155179051,123,-0.005832228712206677,8.408412800386031,0,0.005832228712206677,8.408412800386031,0,False
2025-08-02,250802.0,SPDC 389,22700663,Carter Lennon,0.1092349604980307,3687.401489224393,63,0.1161672656140636,3677.064782820221,64,0.1092349604980307,3687.401489224393,63,-0.006932305116032891,10.336706404172219,-1,0.006932305116032891,10.336706404172219,1,False
2025-08-02,250802.0,SPDC 389,22703189,Beatrice Endler,0.5132119299976167,2461.928625834292,3,0.5420351415852238,2401.868424265759,3,0.5132119299976167,2461.928625834292,3,-0.028823211587607145,60.06020156853265,0,0.028823211587607145,60.06020156853265,0,False
2025-08-02,250802.0,SPDC 389,22713270,Christina Harwell,0.3379239198127081,2933.607948402918,25,0.3448539373654433,2925.39100537934,28,0.3379239198127081,2933.607948402918,25,-0.0069300175527352015,8.216943023577642,-3,0.0069300175527352015,8.216943023577642,3,False
2025-08-02,250802.0,SPDC 389,22717065,Jose Salinas,-0.1250624779171075,4660.950722057161,113,-0.1203002300295321,4657.982042212251,111,-0.1250624779171075,4660.950722057161,113,-0.004762247887575413,2.9686798449101843,2,0.004762247887575413,2.9686798449101843,2,False
2025-08-02,250802.0,SPDC 389,22722527,June Huber,-0.0241199696154489,4213.42955257832,91,-0.0171879585874935,4201.619493911277,88,-0.0241199696154489,4213.42955257832,91,-0.0069320110279554,11.81005866704345,3,0.0069320110279554,11.81005866704345,3,False
2025-08-02,250802.0,SPDC 389,22729973,Ashley Tucker,0.1615788769774818,3499.3529852282245,53,0.1631881118086728,3508.168036696266,55,0.1615788769774818,3499.3529852282245,53,-0.001609234831190992,-8.815051468041474,-2,0.001609234831190992,8.815051468041474,2,False
2025-08-02,250802.0,SPDC 389,22732244,Amber Whitear,0.2622977534330374,3164.0701266672068,35,0.2852198068820157,3105.1507945728918,33,0.2622977534330374,3164.0701266672068,35,-0.022922053448978297,58.919332094314996,2,0.022922053448978297,58.919332094314996,2,False
2025-08-02,250802.0,SPDC 389,22733821,Tara Mills,-0.3444367533557981,5804.269226840823,135,-0.3374971018655268,5787.955891350054,135,-0.3444367533557981,5804.269226840823,135,-0.006939651490271315,16.313335490768623,0,0.006939651490271315,16.313335490768623,0,False
2025-08-02,250802.0,SPDC 389,22737556,Miranda Mann,0.0261578620226843,4006.824791119386,80,0.0280264108132884,4015.876682442141,80,0.0261578620226843,4006.824791119386,80,-0.0018685487906041007,-9.051891322754727,0,0.0018685487906041007,9.051891322754727,0,False
2025-08-02,250802.0,SPDC 389,22797552,Melissa McCarthy,-0.0571323963928783,4354.846502494559,99,-0.0502010212950801,4342.642819921592,97,-0.0571323963928783,4354.846502494559,99,-0.006931375097798204,12.20368257296741,2,0.006931375097798204,12.20368257296741,2,False
2025-08-02,250802.0,SPDC 389,22812262,Jolene Metty,-0.1957075606676322,5002.133531336391,127,-0.189872802281972,4993.588993696479,127,-0.1957075606676322,5002.133531336391,127,-0.005834758385660194,8.54453763991205,0,0.005834758385660194,8.54453763991205,0,False
2025-08-02,250802.0,SPDC 389,22814478,Irene Ho,0.1240365987174313,3633.2238544239194,61,0.1309173251228512,3623.225897948362,62,0.1240365987174313,3633.2238544239194,61,-0.006880726405419896,9.997956475557203,-1,0.006880726405419896,9.997956475557203,1,False
2025-08-02,250802.0,SPDC 389,22816351,Michelle Malcom,0.004604140719829,4094.1242100023474,90,0.010755616050593,4085.836455901245,84,0.004604140719829,4094.1242100023474,90,-0.0061514753307639995,8.287754101102564,6,0.0061514753307639995,8.287754101102564,6,False
2025-08-02,250802.0,SPDC 389,22817937,J.D. Armstrong,0.0087051889017566,4077.368391048864,85,-0.0262126548280827,4239.709450185149,90,0.0087051889017566,4077.368391048864,85,0.034917843729839304,-162.3410591362849,-5,0.034917843729839304,162.3410591362849,5,False
2025-08-02,250802.0,SPDC 389,22818396,Nicole Dominguez,-0.0879229881689397,4491.020483874308,107,-0.1545800638725737,4820.42524869237,118,-0.0879229881689397,4491.020483874308,107,0.066657075703634,-329.40476481806127,-11,0.066657075703634,329.40476481806127,11,False
2025-08-02,250802.0,SPDC 389,22830270,Dessa Burt,-0.1871059594118523,4959.291691629331,125,-0.2049255745939335,5069.324939761009,129,-0.1871059594118523,4959.291691629331,125,0.017819615182081222,-110.03324813167819,-4,0.017819615182081222,110.03324813167819,4,False
2025-08-02,250802.0,SPDC 389,22849486,Debra Svendson,-0.0806343241122011,4458.405946883291,105,-0.074457286337891,4449.267040028252,104,-0.0806343241122011,4458.405946883291,105,-0.0061770377743100985,9.13890685503884,1,0.0061770377743100985,9.13890685503884,1,False
2025-08-02,250802.0,SPDC 389,22858066,Olga Brezo Fernandez,-0.1359895942853575,4712.160752417461,117,-0.129054691238664,4698.939182580645,114,-0.1359895942853575,4712.160752417461,117,-0.0069349030466935024,13.221569836815434,3,0.0069349030466935024,13.221569836815434,3,False
2025-08-02,250802.0,SPDC 389,22858691,Chelsea Suedkamp,0.3297865261856486,2957.5772626341004,28,0.3612776166902205,2877.737713946834,23,0.3297865261856486,2957.5772626341004,28,-0.03149109050457194,79.83954868726642,5,0.03149109050457194,79.83954868726642,5,False
2025-08-02,250802.0,SPDC 389,22860511,Lydia Utkin,0.2559853009337627,3184.106341340894,37,0.2744356758457695,3138.8183590552776,37,0.2559853009337627,3184.106341340894,37,-0.018450374912006795,45.28798228561618,0,0.018450374912006795,45.28798228561618,0,False
2025-08-02,250802.0,SPDC 389,23741633,Kim Knaub,0.4780544401694035,2550.023377693145,6,0.5031735122905703,2497.046351192062,5,0.4780544401694035,2550.023377693145,6,-0.025119072121166763,52.977026501082946,1,0.025119072121166763,52.977026501082946,1,False
2025-08-02,250802.0,SPDC 389,23746602,Amanda Collman,-0.1063774794246699,4574.669457749844,110,-0.1707136312398117,4898.826650734238,122,-0.1063774794246699,4574.669457749844,110,0.06433615181514181,-324.157192984394,-12,0.06433615181514181,324.157192984394,12,False
2025-08-02,250802.0,SPDC 389,23749445,Michaela Yaman,-0.0777954679218507,4445.767121953212,104,-0.0700850262146957,4429.856152818338,103,-0.0777954679218507,4445.767121953212,104,-0.007710441707155,15.910969134873994,1,0.007710441707155,15.910969134873994,1,False
2025-08-02,250802.0,SPDC 389,23749556,Audrey Nelson,0.1281162328325134,3618.431823991494,60,0.1350556065783178,3608.262951202268,61,0.1281162328325134,3618.431823991494,60,-0.006939373745804417,10.168872789226043,-1,0.006939373745804417,10.168872789226043,1,False
2025-08-02,250802.0,SPDC 389,23750128,Jasmine Lambert,0.4645654510318802,2584.653653957323,8,0.4794446043696317,2557.00712250623,8,0.4645654510318802,2584.653653957323,8,-0.014879153337751527,27.64653145109287,0,0.014879153337751527,27.64653145109287,0,False
2025-08-02,250802.0,SPDC 389,23758322,Shara Taylor,-0.5278755157183197,6972.908894863409,138,-0.5781493743581596,7362.734952524685,139,-0.5278755157183197,6972.908894863409,138,0.05027385863983991,-389.8260576612756,-1,0.05027385863983991,389.8260576612756,1,False
2025-08-02,250802.0,SPDC 389,23764458,Megan Banks,0.2054213427951193,3349.247267182048,46,0.2123535467285209,3339.858829369557,47,0.2054213427951193,3349.247267182048,46,-0.006932203933401576,9.388437812490793,-1,0.006932203933401576,9.388437812490793,1,False
2025-08-02,250802.0,SPDC 389,23764612,Leesa Webster,-0.2433605852642999,5246.271072230554,131,-0.2665377838608999,5391.479677797815,132,-0.2433605852642999,5246.271072230554,131,0.023177198596599974,-145.20860556726166,-1,0.023177198596599974,145.20860556726166,1,False
2025-08-02,250802.0,SPDC 389,23848898,Nikki Hall,0.0502130395588123,3911.5899472232977,74,0.056023814308381,3905.001907858578,72,0.0502130395588123,3911.5899472232977,74,-0.0058107747495686965,6.588039364719862,2,0.0058107747495686965,6.588039364719862,2,False
2025-08-02,250802.0,SPDC 389,23849778,Stephen Hall,0.1936940094465826,3388.7562208804648,50,0.198456257334158,3386.5978345571325,49,0.1936940094465826,3388.7562208804648,50,-0.004762247887575399,2.1583863233322518,1,0.004762247887575399,2.1583863233322518,1,False
2025-08-02,250802.0,SPDC 389,23855343,Elizabeth Winters,0.1954385407498469,3382.849583229161,49,0.2031582420848289,3370.7114811469505,48,0.1954385407498469,3382.849583229161,49,-0.00771970133498201,12.13810208221048,1,0.00771970133498201,12.13810208221048,1,False
2025-08-02,250802.0,SPDC 389,23887819,Chris Viox,0.3472798450860261,2906.289326423242,21,0.3549899610426901,2895.8889422725783,25,0.3472798450860261,2906.289326423242,21,-0.007710115956663988,10.40038415066374,-4,0.007710115956663988,10.40038415066374,4,False
2025-08-02,250802.0,SPDC 389,23888152,Fiona DeAcutis,0.0437550960274751,3936.932516585153,75,0.0485173439150505,3934.424982627024,74,0.0437550960274751,3936.932516585153,75,-0.004762247887575399,2.507533958128988,1,0.004762247887575399,2.507533958128988,1,False
2025-08-02,250802.0,SPDC 389,23973497,Erin Manthey,-0.1327143088555878,4696.752328230436,115,-0.1249969817110135,4679.910884052169,113,-0.1327143088555878,4696.752328230436,115,-0.007717327144574293,16.84144417826701,2,0.007717327144574293,16.84144417826701,2,False
2025-08-02,250802.0,SPDC 389,23987651,Jill Gregerson,-0.1028868597016439,4558.728863775746,109,-0.0959461067718602,4545.911206165631,107,-0.1028868597016439,4558.728863775746,109,-0.006940752929783703,12.81765761011502,2,0.006940752929783703,12.81765761011502,2,False
2025-08-02,250802.0,SPDC 389,23994944,Cassie VonRueden,0.0979695924268501,3729.176286664153,65,0.1048332362767379,3718.977816039179,66,0.0979695924268501,3729.176286664153,65,-0.006863643849887802,10.198470624974107,-1,0.006863643849887802,10.198470624974107,1,False
2025-08-02,250802.0,SPDC 389,24004029,Sara Feyereisen,-0.0364953331041534,4265.8962524637,94,-0.0295663029990804,4253.951812616086,91,-0.0364953331041534,4265.8962524637,94,-0.006929030105072998,11.944439847614376,3,0.006929030105072998,11.944439847614376,3,False
2025-08-02,250802.0,SPDC 389,24005690,Hannah Bevis,-0.0485740579868222,4317.735284120341,96,-0.0416419049290005,4305.632249523516,93,-0.0485740579868222,4317.735284120341,96,-0.006932153057821695,12.103034596824727,3,0.006932153057821695,12.103034596824727,3,False
2025-08-02,250802.0,SPDC 389,24005736,Monika Koops,0.0887327767053404,3763.781576118236,69,0.0953186461161286,3754.531235670599,68,0.0887327767053404,3763.781576118236,69,-0.006585869410788203,9.250340447636972,1,0.006585869410788203,9.250340447636972,1,False
2025-08-02,250802.0,SPDC 389,24098345,Erin Bahr,0.0094335464089389,4074.399690440627,84,0.0163043206492576,4063.228137813872,82,0.0094335464089389,4074.399690440627,84,-0.0068707742403187,11.171552626755329,2,0.0068707742403187,11.171552626755329,2,False
2025-08-02,250802.0,SPDC 389,24098367,Stephanie Klenzing,-0.1124494945609954,4602.531423475424,112,-0.1047383604510209,4586.056234717653,108,-0.1124494945609954,4602.531423475424,112,-0.007711134109974496,16.47518875777132,4,0.007711134109974496,16.47518875777132,4,False
2025-08-02,250802.0,SPDC 389,24101904,Stefanie Haney,-0.0480303709958252,4315.388425651812,95,-0.0411682346089407,4303.593282255085,92,-0.0480303709958252,4315.388425651812,95,-0.0068621363868845014,11.795143396727326,3,0.0068621363868845014,11.795143396727326,3,False
2025-08-02,250802.0,SPDC 389,24108436,Nicole Norstrud,-0.059733742173028,4366.189711474806,101,-0.0539247197501668,4358.843657077302,101,-0.059733742173028,4366.189711474806,101,-0.005809022422861201,7.346054397504304,0,0.005809022422861201,7.346054397504304,0,False
2025-08-02,250802.0,SPDC 389,24123556,Caleigh Shaw,-0.1264205952183476,4667.285140340897,114,-0.1201818447812389,4657.43063849132,110,-0.1264205952183476,4667.285140340897,114,-0.006238750437108684,9.854501849576991,4,0.006238750437108684,9.854501849576991,4,False
2025-08-02,250802.0,SPDC 389,24125223,Kristin De Guzman,-0.1934874174943802,4991.040397454364,126,-0.1887251696068048,4987.8614749734,126,-0.1934874174943802,4991.040397454364,126,-0.004762247887575399,3.178922480964502,0,0.004762247887575399,3.178922480964502,0,False
2025-08-02,250802.0,SPDC 389,24137527,Cassiday Van Dyke,0.0081481931031335,4079.640100719757,87,0.0139822865797071,4072.674054608298,83,0.0081481931031335,4079.640100719757,87,-0.0058340934765736,6.966046111459036,4,0.0058340934765736,6.966046111459036,4,False
2025-08-02,250802.0,SPDC 389,24173066,Danielle Woodward,-0.0578479105609898,4357.963571887712,100,-0.0520193327811345,4350.54628053992,99,-0.0578479105609898,4357.963571887712,100,-0.0058285777798553,7.4172913477914335,1,0.0058285777798553,7.4172913477914335,1,False
2025-08-02,250802.0,SPDC 389,24174014,Danielle Rumph,0.2343574450658858,3253.721837705211,41,0.242073439476205,3242.059080730965,40,0.2343574450658858,3253.721837705211,41,-0.007715994410319199,11.662756974245895,1,0.007715994410319199,11.662756974245895,1,False
2025-08-02,250802.0,SPDC 389,24184564,Julie Kutchera,0.091754694806395,3752.424904553047,67,0.0986377925222847,3742.090055284268,67,0.091754694806395,3752.424904553047,67,-0.006883097715889699,10.334849268778726,0,0.006883097715889699,10.334849268778726,0,False
2025-08-02,250802.0,SPDC 389,24189141,Susan Adams,-0.2126594337160378,5087.651863977949,130,-0.2078971858284624,5084.411407159773,130,-0.2126594337160378,5087.651863977949,130,-0.004762247887575399,3.2404568181755167,0,0.004762247887575399,3.2404568181755167,0,False
2025-08-02,250802.0,SPDC 389,24207911,Kristina Key,-0.1354566956778812,4709.650317477345,116,-0.1400381763974194,4750.834384740269,116,-0.1354566956778812,4709.650317477345,116,0.004581480719538178,-41.184067262924145,0,0.004581480719538178,41.184067262924145,0,False
2025-08-03,250803.0,Orange County Speed Puzzlers Individuals,17732023,Andrew Bradburn,0.3757613845171466,3162.0332360957027,4,0.4084587928654487,3081.2596412150456,4,0.3757613845171466,3162.0332360957027,4,-0.03269740834830215,80.77359488065713,0,0.03269740834830215,80.77359488065713,0,False
2025-08-03,250803.0,Orange County Speed Puzzlers Individuals,18495081,Trisha Siedlecki,0.3990026737262654,3089.3909274468465,3,0.4345645852275493,3001.8617977817507,2,0.3990026737262654,3089.3909274468465,3,-0.035561911501283905,87.52912966509575,1,0.035561911501283905,87.52912966509575,1,False
2025-08-03,250803.0,Orange County Speed Puzzlers Individuals,19326944,Min-Yee Deng,0.492205773418366,2814.461258696893,1,0.5317252614471846,2723.9199998272948,1,0.492205773418366,2814.461258696893,1,-0.03951948802881855,90.5412588695981,0,0.03951948802881855,90.5412588695981,0,False
2025-08-03,250803.0,Orange County Speed Puzzlers Individuals,19548766,Lindsay Steenstra,0.1408773215394456,3999.219882838978,9,0.1535124233815881,3976.034068455208,9,0.1408773215394456,3999.219882838978,9,-0.012635101842142504,23.185814383769866,0,0.012635101842142504,23.185814383769866,0,False
2025-08-03,250803.0,Orange County Speed Puzzlers Individuals,20498409,Monica Shin,-0.3354162134654097,6439.126200857422,10,-0.3295769188977498,6445.448350229684,10,-0.3354162134654097,6439.126200857422,10,-0.0058392945676598584,-6.322149372262174,0,0.0058392945676598584,6.322149372262174,0,False
2025-08-03,250803.0,Orange County Speed Puzzlers Individuals,21178749,Yuewen Chun,0.293244496242927,3434.0218939838464,5,0.3225664710830609,3357.6146947157986,5,0.293244496242927,3434.0218939838464,5,-0.029321974840133935,76.40719926804786,0,0.029321974840133935,76.40719926804786,0,False
2025-08-03,250803.0,Orange County Speed Puzzlers Individuals,21394027,Elizabeth Tashiro,0.2304193036270605,3656.686211976332,7,0.2483301820929296,3616.356757843202,7,0.2304193036270605,3656.686211976332,7,-0.017910878465869084,40.32945413312973,0,0.017910878465869084,40.32945413312973,0,False
2025-08-03,250803.0,Orange County Speed Puzzlers Individuals,21918754,Karen Ni,0.2780158918667865,3486.7174765320024,6,0.307002015937273,3410.282951139827,6,0.2780158918667865,3486.7174765320024,6,-0.028986124070486508,76.43452539217515,0,0.028986124070486508,76.43452539217515,0,False
2025-08-03,250803.0,Orange County Speed Puzzlers Individuals,21925075,Diana Jaffe,0.399456361624131,3087.989626072063,2,0.4233511062806699,3035.7125494937804,3,0.399456361624131,3087.989626072063,2,-0.023894744656538902,52.277076578282504,-1,0.023894744656538902,52.277076578282504,1,False
2025-08-03,250803.0,Orange County Speed Puzzlers Individuals,21935409,Darya Leylian,0.217677889777188,3703.5756488339575,8,0.2436748771392186,3633.231248848033,8,0.217677889777188,3703.5756488339575,8,-0.0259969873620306,70.34439998592461,0,0.0259969873620306,70.34439998592461,0,False
2025-08-09,250809.0,CT2025 - Connecticut Speed Puzzling Championship,17731902,EB Caron,0.3690522740061584,3367.025900495892,10,0.4024653335723845,3281.883009927147,10,0.3690522740061584,3367.025900495892,10,-0.03341305956622609,85.14289056874486,0,0.03341305956622609,85.14289056874486,0,False
2025-08-09,250809.0,CT2025 - Connecticut Speed Puzzling Championship,17915498,Melynda Owens,0.2559978611619694,3770.0348499980714,14,0.2690635290905479,3750.237422124184,15,0.2559978611619694,3770.0348499980714,14,-0.01306566792857855,19.7974278738875,-1,0.01306566792857855,19.7974278738875,1,False
2025-08-09,250809.0,CT2025 - Connecticut Speed Puzzling Championship,18624739,Katherine Dilks,0.4751380936926698,3028.1262016232786,7,0.5019081920132062,2971.225481137251,6,0.4751380936926698,3028.1262016232786,7,-0.02677009832053645,56.900720486027694,1,0.02677009832053645,56.900720486027694,1,False
2025-08-09,250809.0,CT2025 - Connecticut Speed Puzzling Championship,19573602,Isabel Urrutia,0.1661575814387129,4124.416376004439,21,0.1480592910390205,4232.629319964787,22,0.1661575814387129,4124.416376004439,21,0.018098290399692407,-108.21294396034773,-1,0.018098290399692407,108.21294396034773,1,False
2025-08-09,250809.0,CT2025 - Connecticut Speed Puzzling Championship,20321851,Ann Marie Greenleaf,-0.0465134632032367,5101.810974881792,37,-0.0751542114536243,5291.156759661648,38,-0.0465134632032367,5101.810974881792,37,0.0286407482503876,-189.34578477985542,-1,0.0286407482503876,189.34578477985542,1,False
2025-08-09,250809.0,CT2025 - Connecticut Speed Puzzling Championship,20453946,Sammy Brownlow,0.4831272799328029,3004.0303188514717,6,0.4829699314325878,3028.031529599829,7,0.4831272799328029,3004.0303188514717,6,0.00015734850021509317,-24.001210748357153,-1,0.00015734850021509317,24.001210748357153,1,False
2025-08-09,250809.0,CT2025 - Connecticut Speed Puzzling Championship,20498998,Rachel Falk,-0.0564669299278461,5152.84524326551,38,-0.0843568659149101,5340.074186881664,39,-0.0564669299278461,5152.84524326551,38,0.027889935987063998,-187.22894361615363,-1,0.027889935987063998,187.22894361615363,1,False
2025-08-09,250809.0,CT2025 - Connecticut Speed Puzzling Championship,20505809,Madeleine Pedrow,0.0637297764589329,4569.264861505835,27,0.0697992789788313,4577.181431229396,26,0.0637297764589329,4569.264861505835,27,-0.0060695025198984065,-7.916569723561224,1,0.0060695025198984065,7.916569723561224,1,False
2025-08-09,250809.0,CT2025 - Connecticut Speed Puzzling Championship,20533269,Elizaveta Gallagher,0.2673226849955042,3727.580716003176,12,0.301856845076781,3629.249343827956,12,0.2673226849955042,3727.580716003176,12,-0.0345341600812768,98.33137217521971,0,0.0345341600812768,98.33137217521971,0,False
2025-08-09,250809.0,CT2025 - Connecticut Speed Puzzling Championship,20701996,Agnes Roche,0.2179207589578675,3916.35489568732,17,0.2619798064543047,3776.897378228829,17,0.2179207589578675,3916.35489568732,17,-0.04405904749643719,139.4575174584911,0,0.04405904749643719,139.4575174584911,0,False
2025-08-09,250809.0,CT2025 - Connecticut Speed Puzzling Championship,20739624,Mari Black,0.6284608919884597,2597.686430903493,2,0.6441474294602796,2577.281729185319,2,0.6284608919884597,2597.686430903493,2,-0.015686537471819917,20.404701718174238,0,0.015686537471819917,20.404701718174238,0,False
2025-08-09,250809.0,CT2025 - Connecticut Speed Puzzling Championship,21178939,Karen Brownlow,-0.2066303603582598,5987.730548525864,42,-0.2263094422971417,6154.5529311684,42,-0.2066303603582598,5987.730548525864,42,0.019679081938881904,-166.82238264253647,0,0.019679081938881904,166.82238264253647,0,False
2025-08-09,250809.0,CT2025 - Connecticut Speed Puzzling Championship,21410220,Ashlyn Koga,0.2436417370521681,3816.906850286981,16,0.2640825969687181,3768.9636986044848,16,0.2436417370521681,3816.906850286981,16,-0.020440859916550008,47.943151682496136,0,0.020440859916550008,47.943151682496136,0,False
2025-08-09,250809.0,CT2025 - Connecticut Speed Puzzling Championship,21556752,Hanna Sigler,0.5784980120759737,2730.7712939062358,3,0.6221223062162592,2634.6764192760425,3,0.5784980120759737,2730.7712939062358,3,-0.04362429414028546,96.09487463019332,0,0.04362429414028546,96.09487463019332,0,False
2025-08-09,250809.0,CT2025 - Connecticut Speed Puzzling Championship,21594891,Kinsey Keltz,0.1997275156492042,3988.258186937673,18,0.210787927340173,3975.2782763901982,18,0.1997275156492042,3988.258186937673,18,-0.011060411690968774,12.979910547474901,0,0.011060411690968774,12.979910547474901,0,False
2025-08-09,250809.0,CT2025 - Connecticut Speed Puzzling Championship,21653788,Tracey Wehking,0.1818386246876203,4060.245671167933,19,0.1866008725751957,4072.600777564027,20,0.1818386246876203,4060.245671167933,19,-0.004762247887575399,-12.355106396094016,-1,0.004762247887575399,12.355106396094016,1,False
2025-08-09,250809.0,CT2025 - Connecticut Speed Puzzling Championship,21696285,Michelle Penta,0.0863749650773038,4466.955773180935,24,0.0946011522275232,4465.05497823699,24,0.0863749650773038,4466.955773180935,24,-0.008226187150219402,1.9007949439446747,0,0.008226187150219402,1.9007949439446747,0,False
2025-08-09,250809.0,CT2025 - Connecticut Speed Puzzling Championship,21837736,Mollie Tessler,-0.2044371932641906,5974.612844834724,41,-0.2255170163685254,6149.677835677846,41,-0.2044371932641906,5974.612844834724,41,0.02107982310433479,-175.06499084312236,0,0.02107982310433479,175.06499084312236,0,False
2025-08-09,250809.0,CT2025 - Connecticut Speed Puzzling Championship,21851725,Maud Dias,0.4491098409262603,3107.977725599591,8,0.4787882541307759,3040.7202919810607,8,0.4491098409262603,3107.977725599591,8,-0.02967841320451564,67.25743361853029,0,0.02967841320451564,67.25743361853029,0,False
2025-08-09,250809.0,CT2025 - Connecticut Speed Puzzling Championship,21925090,Emma Pan,0.5352539184089757,2851.4515722092065,5,0.5905940375194243,2719.0665523239104,5,0.5352539184089757,2851.4515722092065,5,-0.05534011911044856,132.38501988529606,0,0.05534011911044856,132.38501988529606,0,False
2025-08-09,250809.0,CT2025 - Connecticut Speed Puzzling Championship,21968495,Jennifer Morrow,0.0748226549711326,4518.858653359508,26,0.0987789911219097,4446.439610962627,23,0.0748226549711326,4518.858653359508,26,-0.023956336150777108,72.4190423968812,3,0.023956336150777108,72.4190423968812,3,False
2025-08-09,250809.0,CT2025 - Connecticut Speed Puzzling Championship,21972367,Sarah Mackey,0.0517912055756552,4624.14228111876,30,0.0567237013447652,4637.423715407284,29,0.0517912055756552,4624.14228111876,30,-0.00493249576911,-13.281434288523997,1,0.00493249576911,13.281434288523997,1,False
2025-08-09,250809.0,CT2025 - Connecticut Speed Puzzling Championship,21988310,Ashley Bromiley,0.3473388556088876,3440.935048937892,11,0.3569310055263521,3434.7758681850496,11,0.3473388556088876,3440.935048937892,11,-0.009592149917464488,6.159180752842531,0,0.009592149917464488,6.159180752842531,0,False
2025-08-09,250809.0,CT2025 - Connecticut Speed Puzzling Championship,22065952,Jodie Morse,0.0492560961247828,4635.879859654709,31,0.0456039827688095,4689.278332102853,30,0.0492560961247828,4635.879859654709,31,0.003652113355973298,-53.398472448143366,1,0.003652113355973298,53.398472448143366,1,False
2025-08-09,250809.0,CT2025 - Connecticut Speed Puzzling Championship,22069622,Bailey Baleno,-0.015209102217311,4944.575953541736,34,-0.024873401345916,5031.69085138224,34,-0.015209102217311,4944.575953541736,34,0.009664299128605001,-87.11489784050355,0,0.009664299128605001,87.11489784050355,0,False
2025-08-09,250809.0,CT2025 - Connecticut Speed Puzzling Championship,22206793,Bill McFadden,0.0614628967262416,4579.634584430432,29,0.0021700465811927,4897.44006582649,32,0.0614628967262416,4579.634584430432,29,0.0592928501450489,-317.805481396058,-3,0.0592928501450489,317.805481396058,3,False
2025-08-09,250809.0,CT2025 - Connecticut Speed Puzzling Championship,22250563,Erin Ireland,0.0617347062551108,4578.389965268985,28,0.0676142020889309,4587.1938595748015,27,0.0617347062551108,4578.389965268985,28,-0.005879495833820102,-8.803894305816357,1,0.005879495833820102,8.803894305816357,1,False
2025-08-09,250809.0,CT2025 - Connecticut Speed Puzzling Championship,22439893,Jen McGuire,0.1096976511351753,4363.979871115982,23,0.0639558844389828,4604.006005169357,28,0.1096976511351753,4363.979871115982,23,0.045741766696192496,-240.02613405337524,-5,0.045741766696192496,240.02613405337524,5,False
2025-08-09,250809.0,CT2025 - Connecticut Speed Puzzling Championship,22543407,Tulsi Mali,-0.0928439802530943,5343.741627208745,40,-0.1016862640867224,5433.420944242881,40,-0.0928439802530943,5343.741627208745,40,0.008842283833628103,-89.67931703413615,0,0.008842283833628103,89.67931703413615,0,False
2025-08-09,250809.0,CT2025 - Connecticut Speed Puzzling Championship,22551828,Kristin Squire,-0.0191489700744281,4964.095356092268,35,-0.026919269735089,5041.995566089948,35,-0.0191489700744281,4964.095356092268,35,0.007770299660660899,-77.90020999767967,0,0.007770299660660899,77.90020999767967,0,False
2025-08-09,250809.0,CT2025 - Connecticut Speed Puzzling Championship,22609934,Christine Parsons,0.266336530090324,3731.258501145589,13,0.2903289984592993,3671.328850651584,13,0.266336530090324,3731.258501145589,13,-0.02399246836897534,59.92965049400482,0,0.02399246836897534,59.92965049400482,0,False
2025-08-09,250809.0,CT2025 - Connecticut Speed Puzzling Championship,22630517,Manja Wurschke,-0.0013944417820239,4876.737973947377,33,-0.0015272457612643,4915.580848703002,33,-0.0013944417820239,4876.737973947377,33,0.00013280397924040005,-38.84287475562451,0,0.00013280397924040005,38.84287475562451,0,False
2025-08-09,250809.0,CT2025 - Connecticut Speed Puzzling Championship,22700663,Carter Lennon,0.1460619191691711,4208.137654372298,22,0.1522186068299195,4215.061039338213,21,0.1460619191691711,4208.137654372298,22,-0.0061566876607483945,-6.92338496591492,1,0.0061566876607483945,6.92338496591492,1,False
2025-08-09,250809.0,CT2025 - Connecticut Speed Puzzling Championship,22726143,Peyton Durkin,0.3950485728208341,3280.62362464819,9,0.42921497938275,3195.257567072617,9,0.3950485728208341,3280.62362464819,9,-0.034166406561915885,85.366057575573,0,0.034166406561915885,85.366057575573,0,False
2025-08-09,250809.0,CT2025 - Connecticut Speed Puzzling Championship,22736994,Brooke Ouro-Djobo,0.2530357951566054,3781.218497239985,15,0.2830892867488288,3698.004659192266,14,0.2530357951566054,3781.218497239985,15,-0.03005349159222337,83.21383804771904,1,0.03005349159222337,83.21383804771904,1,False
2025-08-09,250809.0,CT2025 - Connecticut Speed Puzzling Championship,22814742,Grayson Shannon,0.6431679098235625,2559.7617731214177,1,0.6875541268350172,2467.803670405712,1,0.6431679098235625,2559.7617731214177,1,-0.04438621701145462,91.95810271570554,0,0.04438621701145462,91.95810271570554,0,False
2025-08-09,250809.0,CT2025 - Connecticut Speed Puzzling Championship,22861932,Trish Doty,0.169335858218312,4111.328648434574,20,0.1927068032466785,4047.809523426158,19,0.169335858218312,4111.328648434574,20,-0.02337094502836648,63.51912500841536,1,0.02337094502836648,63.51912500841536,1,False
2025-08-09,250809.0,CT2025 - Connecticut Speed Puzzling Championship,22862046,Emma Williamson,0.5670548109615977,2762.199535915061,4,0.6101708563670015,2666.3535390694287,4,0.5670548109615977,2762.199535915061,4,-0.04311604540540381,95.84599684563227,0,0.04311604540540381,95.84599684563227,0,False
2025-08-09,250809.0,CT2025 - Connecticut Speed Puzzling Championship,23743070,Maggie Horne,-0.0593433128006304,5167.68813575657,39,-0.0657911271262734,5241.846421401065,37,-0.0593433128006304,5167.68813575657,39,0.006447814325643002,-74.15828564449475,2,0.006447814325643002,74.15828564449475,2,False
2025-08-09,250809.0,CT2025 - Connecticut Speed Puzzling Championship,23749485,Jessica Rykowski,0.078113000621529,4504.014481065916,25,0.0855523340140556,4505.6418035092565,25,0.078113000621529,4504.014481065916,25,-0.007439333392526601,-1.627322443340745,0,0.007439333392526601,1.627322443340745,0,False
2025-08-09,250809.0,CT2025 - Connecticut Speed Puzzling Championship,23764760,Erin Cherry,0.029828669860754,4726.823614995825,32,0.0358084915754139,4735.437825072425,31,0.029828669860754,4726.823614995825,32,-0.0059798217146599005,-8.614210076600102,1,0.0059798217146599005,8.614210076600102,1,False
2025-08-09,250809.0,CT2025 - Connecticut Speed Puzzling Championship,24005690,Hannah Bevis,-0.0423723004424772,5080.727230998508,36,-0.0362089828944687,5089.052492913539,36,-0.0423723004424772,5080.727230998508,36,-0.006163317548008501,-8.325261915030751,0,0.006163317548008501,8.325261915030751,0,False
2025-08-16,250816.0,MA2025 - Massachusetts Speed Puzzling Championship,17731921,Kaitlin MacKenzie,0.447818110669153,3684.097945509241,7,0.4539816295876653,3677.853484337007,7,0.447818110669153,3684.097945509241,7,-0.006163518918512301,6.244461172233969,0,0.006163518918512301,6.244461172233969,0,False
2025-08-16,250816.0,MA2025 - Massachusetts Speed Puzzling Championship,18141628,Allison Treacy,-0.1329751689940853,6585.162317223015,27,-0.1277270849158144,6580.021443374766,27,-0.1329751689940853,6585.162317223015,27,-0.005248084078270904,5.140873848248702,0,0.005248084078270904,5.140873848248702,0,False
2025-08-16,250816.0,MA2025 - Massachusetts Speed Puzzling Championship,18980068,Tiffany Medeiros,0.6099736639190816,3132.62136708694,3,0.6551466666043827,3007.665669141126,2,0.6099736639190816,3132.62136708694,3,-0.04517300268530111,124.95569794581434,1,0.04517300268530111,124.95569794581434,1,False
2025-08-16,250816.0,MA2025 - Massachusetts Speed Puzzling Championship,19573602,Isabel Urrutia,0.1887504472681213,4773.564823203073,13,0.1746125855255204,4863.208152236404,13,0.1887504472681213,4773.564823203073,13,0.014137861742600899,-89.64332903333161,0,0.014137861742600899,89.64332903333161,0,False
2025-08-16,250816.0,MA2025 - Massachusetts Speed Puzzling Championship,20627442,Karen Chandran,0.0118377649791427,5697.37789431646,18,0.0129651711676325,5716.437222428408,19,0.0118377649791427,5697.37789431646,18,-0.0011274061884897994,-19.05932811194816,-1,0.0011274061884897994,19.05932811194816,1,False
2025-08-16,250816.0,MA2025 - Massachusetts Speed Puzzling Championship,20739624,Mari Black,0.6397016780213267,3040.865374021016,1,0.6516485654079434,3018.205211462199,3,0.6397016780213267,3040.865374021016,1,-0.011946887386616645,22.66016255881732,-2,0.011946887386616645,22.66016255881732,2,False
2025-08-16,250816.0,MA2025 - Massachusetts Speed Puzzling Championship,21130118,Tanya Vattanasil,-0.0974084886399665,6355.066088760922,26,-0.1066854875580586,6443.013766703217,26,-0.0974084886399665,6355.066088760922,26,0.009276998918092097,-87.94767794229483,0,0.009276998918092097,87.94767794229483,0,False
2025-08-16,250816.0,MA2025 - Massachusetts Speed Puzzling Championship,21181014,Emily Chandran,0.4710647017037168,3599.4430088720665,6,0.5094983221050219,3479.2355397966467,6,0.4710647017037168,3599.4430088720665,6,-0.0384336204013051,120.2074690754198,0,0.0384336204013051,120.2074690754198,0,False
2025-08-16,250816.0,MA2025 - Massachusetts Speed Puzzling Championship,21405969,Owen Wartella,-0.0765489267088989,6223.875242853923,25,-0.083839300681175,6297.484197855431,25,-0.0765489267088989,6223.875242853923,25,0.007290373972276096,-73.60895500150855,0,0.007290373972276096,73.60895500150855,0,False
2025-08-16,250816.0,MA2025 - Massachusetts Speed Puzzling Championship,21925090,Emma Pan,0.5558118364461072,3306.968732436107,5,0.5973888061677021,3186.4967413202144,5,0.5558118364461072,3306.968732436107,5,-0.04157696972159486,120.4719911158927,0,0.04157696972159486,120.4719911158927,0,False
2025-08-16,250816.0,MA2025 - Massachusetts Speed Puzzling Championship,21925158,Sakara Perry,-0.0177497801226391,5868.467905274662,22,-0.0194402353724143,5904.714824974705,21,-0.0177497801226391,5868.467905274662,22,0.001690455249775201,-36.24691970004278,1,0.001690455249775201,36.24691970004278,1,False
2025-08-16,250816.0,MA2025 - Massachusetts Speed Puzzling Championship,22065952,Jodie Morse,0.0528294670622202,5468.554644709447,17,0.0505174077647107,5505.7528125914805,16,0.0528294670622202,5468.554644709447,17,0.0023120592975095014,-37.198167882033886,1,0.0023120592975095014,37.198167882033886,1,False
2025-08-16,250816.0,MA2025 - Massachusetts Speed Puzzling Championship,22195550,Carmen Dueñas,0.2983432047733653,4278.064170498847,9,0.3283810984724797,4170.057483864786,9,0.2983432047733653,4278.064170498847,9,-0.030037893699114415,108.00668663406032,0,0.030037893699114415,108.00668663406032,0,False
2025-08-16,250816.0,MA2025 - Massachusetts Speed Puzzling Championship,22206793,Bill McFadden,0.0702964822054737,5373.864700714333,15,0.0250309805124573,5647.87822243668,17,0.0702964822054737,5373.864700714333,15,0.0452655016930164,-274.0135217223469,-2,0.0452655016930164,274.0135217223469,2,False
2025-08-16,250816.0,MA2025 - Massachusetts Speed Puzzling Championship,22207268,Sarah Proctor,0.1484916263826523,4969.663785636843,14,0.1515928078066513,4976.456599023064,14,0.1484916263826523,4969.663785636843,14,-0.003101181423999011,-6.792813386220587,0,0.003101181423999011,6.792813386220587,0,False
2025-08-16,250816.0,MA2025 - Massachusetts Speed Puzzling Championship,22438220,Maria Grant,0.2817361790440061,4349.703302243727,10,0.3103830708667098,4245.789765108814,10,0.2817361790440061,4349.703302243727,10,-0.02864689182270369,103.91353713491299,0,0.02864689182270369,103.91353713491299,0,False
2025-08-16,250816.0,MA2025 - Massachusetts Speed Puzzling Championship,22609934,Christine Parsons,0.2698143021124616,4401.870275944121,12,0.2893268205225903,4336.138037142925,12,0.2698143021124616,4401.870275944121,12,-0.019512518410128687,65.73223880119622,0,0.019512518410128687,65.73223880119622,0,False
2025-08-16,250816.0,MA2025 - Massachusetts Speed Puzzling Championship,22638087,Karen Bell,-0.0495491918407287,6058.080539666645,23,-0.0442975431560078,6053.329567789592,22,-0.0495491918407287,6058.080539666645,23,-0.005251648684720903,4.750971877052507,1,0.005251648684720903,4.750971877052507,1,False
2025-08-16,250816.0,MA2025 - Massachusetts Speed Puzzling Championship,22797552,Melissa McCarthy,-0.0092805650588056,5818.976461156587,21,-0.0031279699448901,5809.1768880335385,20,-0.0092805650588056,5818.976461156587,21,-0.006152595113915501,9.799573123048503,1,0.006152595113915501,9.799573123048503,1,False
2025-08-16,250816.0,MA2025 - Massachusetts Speed Puzzling Championship,22814742,Grayson Shannon,0.6390621216244514,3042.8108009618168,2,0.6770595314724754,2942.475952996271,1,0.6390621216244514,3042.8108009618168,2,-0.03799740984802402,100.33484796554558,1,0.03799740984802402,100.33484796554558,1,False
2025-08-16,250816.0,MA2025 - Massachusetts Speed Puzzling Championship,22862046,Emma Williamson,0.5986526786434384,3168.287232904153,4,0.621259771392721,3111.3326769522446,4,0.5986526786434384,3168.287232904153,4,-0.02260709274928263,56.95455595190833,0,0.02260709274928263,56.95455595190833,0,False
2025-08-16,250816.0,MA2025 - Massachusetts Speed Puzzling Championship,22870980,Annabelle Platt,0.3992551706324403,3867.4239708803934,8,0.4342111923737529,3751.2897977529824,8,0.3992551706324403,3867.4239708803934,8,-0.03495602174131257,116.13417312741103,0,0.03495602174131257,116.13417312741103,0,False
2025-08-16,250816.0,MA2025 - Massachusetts Speed Puzzling Championship,23751210,Megan Royden,-0.0005891321635847,5768.62036802317,20,-0.0566524912666891,6128.58205353586,23,-0.0005891321635847,5768.62036802317,20,0.0560633591031044,-359.96168551268966,-3,0.0560633591031044,359.96168551268966,3,False
2025-08-16,250816.0,MA2025 - Massachusetts Speed Puzzling Championship,23751429,Kerry Nicholson,0.2752998209846906,4377.789840696829,11,0.3038540911980433,4273.6011312906285,11,0.2752998209846906,4377.789840696829,11,-0.028554270213352717,104.18870940620036,0,0.028554270213352717,104.18870940620036,0,False
2025-08-16,250816.0,MA2025 - Massachusetts Speed Puzzling Championship,23764003,Jennifer Lam,-0.0615513846541459,6131.228882541684,24,-0.067413421287874,6194.887409961033,24,-0.0615513846541459,6131.228882541684,24,0.005862036633728106,-63.65852741934941,0,0.005862036633728106,63.65852741934941,0,False
2025-08-16,250816.0,MA2025 - Massachusetts Speed Puzzling Championship,23764759,Pavitra Chari,-0.4295728879824136,8858.847732729806,28,-0.4704845915997864,9270.11245792276,28,-0.4295728879824136,8858.847732729806,28,0.040911703617372785,-411.26472519295385,0,0.040911703617372785,411.26472519295385,0,False
2025-08-16,250816.0,MA2025 - Massachusetts Speed Puzzling Championship,23764760,Erin Cherry,0.0041233748251711,5741.499657682637,19,0.0179977738390526,5687.740934266138,18,0.0041233748251711,5741.499657682637,19,-0.0138743990138815,53.75872341649938,1,0.0138743990138815,53.75872341649938,1,False
2025-08-16,250816.0,MA2025 - Massachusetts Speed Puzzling Championship,24506407,Jenna Hickey,0.0604083902037683,5427.265550435089,16,0.0638770015789369,5432.687340603776,15,0.0604083902037683,5427.265550435089,16,-0.003468611375168601,-5.421790168687039,1,0.003468611375168601,5.421790168687039,1,False
2025-09-12,250912.01,NE2025 - Nebraska Speed Puzzling Championship,23741633,Kim Knaub,0.472885645922884,2790.0,1,0.4953906701433999,2790.0,1,0.472885645922884,2790.0,1,-0.022505024220515868,0.0,0,0.022505024220515868,0.0,0,False
2025-09-12,250912.03,NV2025 - Nevada Speed Puzzling Championship,20723938,Joyce Yoo,0.1150677354288144,4115.344779054365,1,0.1260265673744158,4085.388094504215,1,0.1150677354288144,4115.344779054365,1,-0.010958831945601405,29.95668455014993,0,0.010958831945601405,29.95668455014993,0,False
2025-09-17,250917.01,WJPC 2025 Semifinal 1,17915498,Melynda Owens,0.2507976879639854,3173.674514947063,13,0.2635804138196264,3178.6012285035235,13,0.2507976879639854,3173.674514947063,13,-0.012782725855640997,-4.926713556460527,0,0.012782725855640997,4.926713556460527,0,False
2025-09-17,250917.01,WJPC 2025 Semifinal 1,20453946,Sammy Brownlow,0.4755526452560948,2534.8516440619437,5,0.477658313708671,2566.038666549955,5,0.4755526452560948,2534.8516440619437,5,-0.0021056684525762037,-31.18702248801128,0,0.0021056684525762037,31.18702248801128,0,False
2025-09-17,250917.01,WJPC 2025 Semifinal 1,21394027,Elizabeth Tashiro,0.2256974258223203,3254.3427388143728,15,0.2429055741104275,3245.002350437651,15,0.2256974258223203,3254.3427388143728,15,-0.01720814828810721,9.340388376721876,0,0.01720814828810721,9.340388376721876,0,False
2025-09-17,250917.01,WJPC 2025 Semifinal 1,21412436,Iryna Shvydchenko,0.571036354869588,2304.010736275593,3,0.5846133407703457,2305.755314040742,3,0.571036354869588,2304.010736275593,3,-0.013576985900757621,-1.744577765149188,0,0.013576985900757621,1.744577765149188,0,False
2025-09-17,250917.01,WJPC 2025 Semifinal 1,21556752,Hanna Sigler,0.6036885091069193,2229.994788396334,2,0.6292567320295337,2205.08248544148,2,0.6036885091069193,2229.994788396334,2,-0.025568222922614403,24.912302954854113,0,0.025568222922614403,24.912302954854113,0,False
2025-09-17,250917.01,WJPC 2025 Semifinal 1,21848873,Eric Goulet,0.4305566193567289,2651.5149030162133,7,0.4466176382531743,2646.939350232683,7,0.4305566193567289,2651.5149030162133,7,-0.0160610188964454,4.575552783530384,0,0.0160610188964454,4.575552783530384,0,False
2025-09-17,250917.01,WJPC 2025 Semifinal 1,21858254,Kara Bingham,0.2468453303370666,3186.2428325035057,14,0.2579824461625657,3196.444832737651,14,0.2468453303370666,3186.2428325035057,14,-0.011137115825499116,-10.202000234145089,0,0.011137115825499116,10.202000234145089,0,False
2025-09-17,250917.01,WJPC 2025 Semifinal 1,21927541,Chloe Glikbarg,0.4226367238729025,2672.598001688338,8,0.4453702353711762,2650.2432102004564,8,0.4226367238729025,2672.598001688338,8,-0.022733511498273684,22.354791487881812,0,0.022733511498273684,22.354791487881812,0,False
2025-09-17,250917.01,WJPC 2025 Semifinal 1,21936039,Caroline Orsi,0.3608614045722358,2842.904818786653,11,0.3766308030020783,2838.8267357211143,11,0.3608614045722358,2842.904818786653,11,-0.015769398429842485,4.078083065538522,0,0.015769398429842485,4.078083065538522,0,False
2025-09-17,250917.01,WJPC 2025 Semifinal 1,21976246,Edith Lewis,0.3969642312021393,2742.098563487763,9,0.4266617617827155,2700.29192303788,9,0.3969642312021393,2742.098563487763,9,-0.02969753058057617,41.80664044988271,0,0.02969753058057617,41.80664044988271,0,False
2025-09-17,250917.01,WJPC 2025 Semifinal 1,22035202,Rebecca Streitz,0.3809075396503089,2786.482974137014,10,0.3972950098328114,2780.7665824106525,10,0.3809075396503089,2786.482974137014,10,-0.016387470182502528,5.716391726361508,0,0.016387470182502528,5.716391726361508,0,False
2025-09-17,250917.01,WJPC 2025 Semifinal 1,22703189,Beatrice Endler,0.4934864772818362,2489.797246996868,4,0.5219400905102877,2454.8890287389995,4,0.4934864772818362,2489.797246996868,4,-0.02845361322845147,34.90821825786861,0,0.02845361322845147,34.90821825786861,0,False
2025-09-17,250917.01,WJPC 2025 Semifinal 1,22755028,Jarom Chung,0.3202108411764015,2960.851560613645,12,0.3237979013046925,2992.8429267435345,12,0.3202108411764015,2960.851560613645,12,-0.0035870601282910197,-31.991366129889684,0,0.0035870601282910197,31.991366129889684,0,False
2025-09-17,250917.01,WJPC 2025 Semifinal 1,23758655,Hannah Doyle,0.677729238809511,2070.848690628287,1,0.6884159654186557,2078.4152061273794,1,0.677729238809511,2070.848690628287,1,-0.010686726609144714,-7.566515499092475,0,0.010686726609144714,7.566515499092475,0,False
2025-09-17,250917.01,WJPC 2025 Semifinal 1,24193461,Shea Burkett,0.4648088865373553,2562.232300723079,6,0.4683959466656463,2589.916671237508,6,0.4648088865373553,2562.232300723079,6,-0.0035870601282910197,-27.684370514429247,0,0.0035870601282910197,27.684370514429247,0,False
2025-09-17,250917.02,WJPC 2025 Semifinal 2,20539458,Kyle Kossin,0.566189044923876,3061.517819711029,1,0.5837704815727313,3059.442490468189,1,0.566189044923876,3061.517819711029,1,-0.017581436648855253,2.075329242839871,0,0.017581436648855253,2.075329242839871,0,False
2025-09-17,250917.02,WJPC 2025 Semifinal 2,21594891,Kinsey Keltz,0.193239936817596,4445.355843787416,8,0.2045353694468774,4470.35497772451,8,0.193239936817596,4445.355843787416,8,-0.011295432629281399,-24.999133937093575,0,0.011295432629281399,24.999133937093575,0,False
2025-09-17,250917.02,WJPC 2025 Semifinal 2,21927536,Skye Vandeleest,0.4215478812115234,3537.965966285806,3,0.4304915170669588,3566.2394712613227,3,0.4215478812115234,3537.965966285806,3,-0.008943635855435395,-28.273504975516516,0,0.008943635855435395,28.273504975516516,0,False
2025-09-17,250917.02,WJPC 2025 Semifinal 2,21935409,Darya Leylian,0.2709692770239407,4112.90906731475,5,0.2712133466560125,4182.001006264656,5,0.2709692770239407,4112.90906731475,5,-0.00024406963207179722,-69.09193894990585,0,0.00024406963207179722,69.09193894990585,0,False
2025-09-17,250917.02,WJPC 2025 Semifinal 2,22077461,Jessica Musser,0.2315829622408695,4278.133837284934,6,0.258411277219276,4235.883440955794,6,0.2315829622408695,4278.133837284934,6,-0.026828314978406487,42.25039632914013,0,0.026828314978406487,42.25039632914013,0,False
2025-09-17,250917.02,WJPC 2025 Semifinal 2,22861861,Jane Stine,0.3606047342839381,3760.286394084521,4,0.3935653237344377,3700.3886865290624,4,0.3606047342839381,3760.286394084521,4,-0.03296058945049962,59.89770755545851,0,0.03296058945049962,59.89770755545851,0,False
2025-09-17,250917.02,WJPC 2025 Semifinal 2,23750128,Jasmine Lambert,0.470903704486672,3367.5859519394626,2,0.4829468157975262,3383.992997627904,2,0.470903704486672,3367.5859519394626,2,-0.012043111310854171,-16.407045688441485,0,0.012043111310854171,16.407045688441485,0,False
2025-09-17,250917.02,WJPC 2025 Semifinal 2,23888265,Feifei Xue,0.1993015124081929,4418.491485737406,7,0.2246315687500621,4381.414509078946,7,0.1993015124081929,4418.491485737406,7,-0.02533005634186919,37.0769766584599,0,0.02533005634186919,37.0769766584599,0,False
2025-09-17,250917.03,WJPC 2025 Semifinal 3,20739624,Mari Black,0.6547133450445789,1956.1213612082788,1,0.6627415366708841,1961.3439037567923,1,0.6547133450445789,1956.1213612082788,1,-0.008028191626305192,-5.222542548513502,0,0.008028191626305192,5.222542548513502,0,False
2025-09-17,250917.03,WJPC 2025 Semifinal 3,20866417,Felisa Lewis,0.0697185184598947,3511.2020452330835,10,0.0709194523004707,3544.694532889149,10,0.0697185184598947,3511.2020452330835,10,-0.001200933840575999,-33.49248765606535,0,0.001200933840575999,33.49248765606535,0,False
2025-09-17,250917.03,WJPC 2025 Semifinal 3,21428556,Caryn Knill,0.6181531738468772,2028.9608927195284,2,0.6162917038064618,2054.5970301351394,3,0.6181531738468772,2028.9608927195284,2,0.0018614700404153695,-25.636137415611074,-1,0.0018614700404153695,25.636137415611074,1,False
2025-09-17,250917.03,WJPC 2025 Semifinal 3,21924776,Nicholas Mueller,0.3111016053427178,2758.191896252445,6,0.3222894900688134,2756.8313264518342,6,0.3111016053427178,2758.191896252445,6,-0.01118788472609561,1.3605698006108469,0,0.01118788472609561,1.3605698006108469,0,False
2025-09-17,250917.03,WJPC 2025 Semifinal 3,21925075,Diana Jaffe,0.4242964117089999,2463.0010578403994,5,0.4399491693086361,2450.819040232244,5,0.4242964117089999,2463.0010578403994,5,-0.01565275759963619,12.182017608155547,0,0.01565275759963619,12.182017608155547,0,False
2025-09-17,250917.03,WJPC 2025 Semifinal 3,21926827,Emily Boudreaux,0.0884672099547073,3445.9848799483784,9,0.0954130102140492,3458.927015749934,9,0.0884672099547073,3445.9848799483784,9,-0.006945800259341897,-12.94213580155565,0,0.006945800259341897,12.94213580155565,0,False
2025-09-17,250917.03,WJPC 2025 Semifinal 3,22035203,Jessica Streitz,0.4694043337997733,2354.36870694301,4,0.4878497907933486,2336.190588874533,4,0.4694043337997733,2354.36870694301,4,-0.018445456993575304,18.17811806847658,0,0.018445456993575304,18.17811806847658,0,False
2025-09-17,250917.03,WJPC 2025 Semifinal 3,22324939,Lindsey Anderson,0.2028296976993268,3073.5930832044,8,0.2282646416433941,3028.6191770061832,8,0.2028296976993268,3073.5930832044,8,-0.025434943944067312,44.97390619821681,0,0.025434943944067312,44.97390619821681,0,False
2025-09-17,250917.03,WJPC 2025 Semifinal 3,22819700,Kristin Blair,0.218516710759786,3025.7537971479724,7,0.2422750679071026,2986.482794933697,7,0.218516710759786,3025.7537971479724,7,-0.02375835714731661,39.27100221427554,0,0.02375835714731661,39.27100221427554,0,False
2025-09-17,250917.03,WJPC 2025 Semifinal 3,22862046,Emma Williamson,0.5975458429990786,2071.2061470939634,3,0.6170867444355157,2052.9641911925064,2,0.5975458429990786,2071.2061470939634,3,-0.019540901436437053,18.241955901457004,1,0.019540901436437053,18.241955901457004,1,False
2025-09-20,250920.0,WJPC 2025 Final,20453946,Sammy Brownlow,0.462712548485749,3461.871260042786,11,0.4680155175740617,3494.7499718100853,11,0.462712548485749,3461.871260042786,11,-0.005302969088312681,-32.87871176729914,0,0.005302969088312681,32.87871176729914,0,False
2025-09-20,250920.0,WJPC 2025 Final,20539458,Kyle Kossin,0.5195148853513106,3270.709495947364,8,0.5499742016061552,3219.748175947759,7,0.5195148853513106,3270.709495947364,8,-0.03045931625484455,50.96131999960471,1,0.03045931625484455,50.96131999960471,1,False
2025-09-20,250920.0,WJPC 2025 Final,20739624,Mari Black,0.6291814895737251,2930.9902299992773,3,0.6411077878291149,2939.2944338068974,3,0.6291814895737251,2930.9902299992773,3,-0.011926298255389822,-8.30420380762007,0,0.011926298255389822,8.30420380762007,0,False
2025-09-20,250920.0,WJPC 2025 Final,21412436,Iryna Shvydchenko,0.5744734720224505,3095.806166168738,6,0.5876772316834435,3100.6138877525505,6,0.5744734720224505,3095.806166168738,6,-0.013203759660993075,-4.8077215838125085,0,0.013203759660993075,4.8077215838125085,0,False
2025-09-20,250920.0,WJPC 2025 Final,21428556,Caryn Knill,0.5871531833226028,3056.8000534640105,5,0.5927808380088845,3084.8298870254484,5,0.5871531833226028,3056.8000534640105,5,-0.00562765468628168,-28.029833561437954,0,0.00562765468628168,28.029833561437954,0,False
2025-09-20,250920.0,WJPC 2025 Final,21556752,Hanna Sigler,0.6309954133304103,2925.678456223242,2,0.6463481758499063,2923.931679021688,2,0.6309954133304103,2925.678456223242,2,-0.015352762519496022,1.7467772015538685,0,0.015352762519496022,1.7467772015538685,0,False
2025-09-20,250920.0,WJPC 2025 Final,21848873,Eric Goulet,0.4103234608152364,3648.0703521249775,16,0.4316603021806658,3624.1401120402743,16,0.4103234608152364,3648.0703521249775,16,-0.021336841365429404,23.9302400847032,0,0.021336841365429404,23.9302400847032,0,False
2025-09-20,250920.0,WJPC 2025 Final,21925075,Diana Jaffe,0.4209424858837701,3609.536360418204,15,0.4363175380473671,3607.3008793005542,14,0.4209424858837701,3609.536360418204,15,-0.015375052163597025,2.2354811176496696,1,0.015375052163597025,2.2354811176496696,1,False
2025-09-20,250920.0,WJPC 2025 Final,21927536,Skye Vandeleest,0.4352584547272525,3558.230473329391,13,0.4439088109161602,3580.0205512209445,13,0.4352584547272525,3558.230473329391,13,-0.008650356188907693,-21.790077891553665,0,0.008650356188907693,21.790077891553665,0,False
2025-09-20,250920.0,WJPC 2025 Final,22035202,Rebecca Streitz,0.4005543712350289,3683.883323434764,17,0.4129185074090266,3692.7034957535393,17,0.4005543712350289,3683.883323434764,17,-0.012364136173997675,-8.820172318775349,0,0.012364136173997675,8.820172318775349,0,False
2025-09-20,250920.0,WJPC 2025 Final,22035203,Jessica Streitz,0.4453021530044157,3522.6715505198267,12,0.4666804630960264,3499.418769265579,12,0.4453021530044157,3522.6715505198267,12,-0.021378310091610675,23.252781254247566,0,0.021378310091610675,23.252781254247566,0,False
2025-09-20,250920.0,WJPC 2025 Final,22703189,Beatrice Endler,0.4861665084231344,3381.621436942594,9,0.513003462736641,3341.012447805859,9,0.4861665084231344,3381.621436942594,9,-0.026836954313506578,40.608989136734635,0,0.026836954313506578,40.608989136734635,0,False
2025-09-20,250920.0,WJPC 2025 Final,22862046,Emma Williamson,0.600556184609088,3016.1030983190826,4,0.617789639848522,3008.638684065392,4,0.600556184609088,3016.1030983190826,4,-0.01723345523943398,7.464414253690393,0,0.01723345523943398,7.464414253690393,0,False
2025-09-20,250920.0,WJPC 2025 Final,23750128,Jasmine Lambert,0.4690163018331292,3440.117115916065,10,0.4821066517589839,3445.850315944634,10,0.4690163018331292,3440.117115916065,10,-0.013090349925854672,-5.733200028569172,0,0.013090349925854672,5.733200028569172,0,False
2025-09-20,250920.0,WJPC 2025 Final,23758655,Hannah Doyle,0.6659567793041967,2825.1601087585645,1,0.6805897562277355,2825.5063730956526,1,0.6659567793041967,2825.1601087585645,1,-0.01463297692353882,-0.3462643370880869,0,0.01463297692353882,0.3462643370880869,0,False
2025-09-20,250920.0,WJPC 2025 Final,23887118,Sarah Stubeck,0.4258512879550812,3591.861278088136,14,0.4351508356023969,3611.511982130488,15,0.4258512879550812,3591.861278088136,14,-0.00929954764731572,-19.650704042352118,-1,0.00929954764731572,19.650704042352118,1,False
2025-09-20,250920.0,WJPC 2025 Final,24193461,Shea Burkett,0.5262526549416064,3248.7462835886354,7,0.5350259909718709,3268.2391737603725,8,0.5262526549416064,3248.7462835886354,7,-0.008773336030264423,-19.492890171737145,-1,0.008773336030264423,19.492890171737145,1,False
2025-09-27,250927.0,SPDC 417,17593434,Jonathan Cluff,0.1581757747177492,3903.328942687281,57,0.1632759815073803,3903.486314343408,57,0.1581757747177492,3903.328942687281,57,-0.005100206789631079,-0.15737165612699755,0,0.005100206789631079,0.15737165612699755,0,False
2025-09-27,250927.0,SPDC 417,17731921,Kaitlin MacKenzie,0.4899746203025108,2801.152440822336,7,0.495719257125147,2799.460737711042,8,0.4899746203025108,2801.152440822336,7,-0.005744636822636151,1.6917031112939185,-1,0.005744636822636151,1.6917031112939185,1,False
2025-09-27,250927.0,SPDC 417,17731931,Jessica Graber,-0.0159337563952462,4645.687152890906,92,0.0069750801509914,4563.870155738124,85,-0.0159337563952462,4645.687152890906,92,-0.0229088365462376,81.81699715278228,7,0.0229088365462376,81.81699715278228,7,False
2025-09-27,250927.0,SPDC 417,17915498,Melynda Owens,0.2390872451747505,3599.944013870902,41,0.2524251318961694,3570.5545868637323,38,0.2390872451747505,3599.944013870902,41,-0.01333788672141889,29.389427007169616,3,0.01333788672141889,29.389427007169616,3,False
2025-09-27,250927.0,SPDC 417,18141628,Allison Treacy,-0.1488792289936397,5306.246798896758,118,-0.1438342373951854,5306.753737735876,115,-0.1488792289936397,5306.246798896758,118,-0.0050449915984543126,-0.506938839117538,3,0.0050449915984543126,0.506938839117538,3,False
2025-09-27,250927.0,SPDC 417,18518434,Elizabeth McElveen,0.306628345950417,3364.829162500203,27,0.2666695581016153,3520.0546110113546,35,0.306628345950417,3364.829162500203,27,0.03995878784880169,-155.22544851115163,-8,0.03995878784880169,155.22544851115163,8,False
2025-09-27,250927.0,SPDC 417,18852026,Kimberly Kenne,0.2074105365094504,3715.803731088587,47,0.2331968644255685,3639.8744804366743,44,0.2074105365094504,3715.803731088587,47,-0.025786327916118096,75.92925065191275,3,0.025786327916118096,75.92925065191275,3,False
2025-09-27,250927.0,SPDC 417,18956787,Kelly Buhr,0.4611606352748642,2883.038877177595,12,0.4691638298687793,2874.797486282317,12,0.4611606352748642,2883.038877177595,12,-0.00800319459391513,8.241390895278073,0,0.00800319459391513,8.241390895278073,0,False
2025-09-27,250927.0,SPDC 417,19440409,Laurie Burlingame,-0.1440581383442871,5280.726469412913,117,-0.1401737002138858,5287.363679033775,114,-0.1440581383442871,5280.726469412913,117,-0.003884438130401291,-6.63720962086245,3,0.003884438130401291,6.63720962086245,3,False
2025-09-27,250927.0,SPDC 417,19548766,Lindsay Steenstra,0.1930306458031395,3769.622610034911,51,0.1954855379249595,3779.76003252815,52,0.1930306458031395,3769.622610034911,51,-0.0024548921218200126,-10.137422493239228,-1,0.0024548921218200126,10.137422493239228,1,False
2025-09-27,250927.0,SPDC 417,20321851,Ann Marie Greenleaf,-0.0149977625637793,4641.340852745248,90,-0.0404221970327448,4785.393506879095,96,-0.0149977625637793,4641.340852745248,90,0.0254244344689655,-144.05265413384677,-6,0.0254244344689655,144.05265413384677,6,False
2025-09-27,250927.0,SPDC 417,20453946,Sammy Brownlow,0.4612479393812457,2882.7871870317117,11,0.4679307525261053,2878.344520361673,13,0.4612479393812457,2882.7871870317117,11,-0.0066828131448595784,4.442666670038761,-2,0.0066828131448595784,4.442666670038761,2,False
2025-09-27,250927.0,SPDC 417,20531734,Norah Molina,0.0535852075744843,4333.694152284736,77,0.0676885271047219,4295.025682210509,72,0.0535852075744843,4333.694152284736,77,-0.014103319530237593,38.668470074227116,5,0.014103319530237593,38.668470074227116,5,False
2025-09-27,250927.0,SPDC 417,20696150,Tessa Melli,0.1716921458734342,3850.925052979954,54,0.1709565307843743,3873.620236115393,55,0.1716921458734342,3850.925052979954,54,0.0007356150890598934,-22.695183135438583,-1,0.0007356150890598934,22.695183135438583,1,False
2025-09-27,250927.0,SPDC 417,20719464,Deborah Wilson,-0.4233612898367473,6982.2193776578215,131,-0.4636814126783423,7306.961141129484,133,-0.4233612898367473,6982.2193776578215,131,0.040320122841594974,-324.7417634716621,-2,0.040320122841594974,324.7417634716621,2,False
2025-09-27,250927.0,SPDC 417,20720301,Melissa Martin,0.0464996586252587,4364.50979829095,78,0.0418305915124237,4407.534534135515,79,0.0464996586252587,4364.50979829095,78,0.004669067112834997,-43.02473584456493,-1,0.004669067112834997,43.02473584456493,1,False
2025-09-27,250927.0,SPDC 417,20720304,Lisa George,0.1278908288694491,4023.349279856984,63,0.1331354417497329,4022.930512792528,64,0.1278908288694491,4023.349279856984,63,-0.0052446128802838,0.41876706445600576,-1,0.0052446128802838,0.41876706445600576,1,False
2025-09-27,250927.0,SPDC 417,20736847,Stephanie Vargas,-0.2851368113146515,6080.836994838196,127,-0.2965763167013134,6182.497887879155,127,-0.2851368113146515,6080.836994838196,127,0.011439505386661886,-101.66089304095931,0,0.011439505386661886,101.66089304095931,0,False
2025-09-27,250927.0,SPDC 417,20853119,Kevin Collins,0.3687057311065934,3162.300622213099,22,0.4024846329488374,3073.0219596932834,21,0.3687057311065934,3162.300622213099,22,-0.033778901842244025,89.2786625198155,1,0.033778901842244025,89.2786625198155,1,False
2025-09-27,250927.0,SPDC 417,20859985,Jessa Douglas,0.550804388676067,2635.8379792776504,3,0.5945789801691216,2535.946859536561,3,0.550804388676067,2635.8379792776504,3,-0.043774591493054626,99.89111974108937,0,0.043774591493054626,99.89111974108937,0,False
2025-09-27,250927.0,SPDC 417,20860009,Andrea Heistand,0.4743630865609337,2845.225858362631,8,0.5026779760210921,2780.0477006486326,7,0.4743630865609337,2845.225858362631,8,-0.02831488946015842,65.17815771399819,1,0.02831488946015842,65.17815771399819,1,False
2025-09-27,250927.0,SPDC 417,20866417,Felisa Lewis,0.0629210161223735,4293.4238836200775,75,0.0671016266051762,4297.547174789208,73,0.0629210161223735,4293.4238836200775,75,-0.004180610482802702,-4.123291169130425,2,0.004180610482802702,4.123291169130425,2,False
2025-09-27,250927.0,SPDC 417,20866882,Stephanie Thompson,0.0538641365888001,4332.485527814544,76,0.0590228357830259,4332.406781600551,75,0.0538641365888001,4332.485527814544,76,-0.005158699194225798,0.07874621399332682,1,0.005158699194225798,0.07874621399332682,1,False
2025-09-27,250927.0,SPDC 417,21090776,Ashley Willard,-0.0151902499248271,4642.234338187292,91,-0.0509934727792581,4836.249554241921,101,-0.0151902499248271,4642.234338187292,91,0.035803222854431,-194.01521605462858,-10,0.035803222854431,194.01521605462858,10,False
2025-09-27,250927.0,SPDC 417,21111122,Deanna OMara,-0.0520537749265933,4816.556789395613,99,-0.0457747831439122,4811.07641136111,98,-0.0520537749265933,4816.556789395613,99,-0.006278991782681098,5.480378034502792,1,0.006278991782681098,5.480378034502792,1,False
2025-09-27,250927.0,SPDC 417,21113122,Jeremy Seidling,0.265398716251345,3506.4594425378896,32,0.2836609224769544,3460.7493459891616,29,0.265398716251345,3506.4594425378896,32,-0.018262206225609423,45.71009654872796,3,0.018262206225609423,45.71009654872796,3,False
2025-09-27,250927.0,SPDC 417,21169710,Rachel Shields,-0.1217316982466095,5164.133047400172,112,-0.1277195814999125,5221.922575578478,112,-0.1217316982466095,5164.133047400172,112,0.005987883253303003,-57.78952817830668,0,0.005987883253303003,57.78952817830668,0,False
2025-09-27,250927.0,SPDC 417,21181439,Chelsea Widmaier,0.2459030421008716,3575.490954733614,36,0.2686480226828576,3513.0971924120327,34,0.2459030421008716,3575.490954733614,36,-0.022744980581985985,62.39376232158156,2,0.022744980581985985,62.39376232158156,2,False
2025-09-27,250927.0,SPDC 417,21198876,Angie Gazdic,0.3351143478977229,3270.330960388481,26,0.3454864807934129,3253.2665415657743,26,0.3351143478977229,3270.330960388481,26,-0.01037213289569,17.064418822706557,0,0.01037213289569,17.064418822706557,0,False
2025-09-27,250927.0,SPDC 417,21394027,Elizabeth Tashiro,0.227507799476817,3641.871651011012,43,0.244032265395386,3600.647882704356,42,0.227507799476817,3641.871651011012,43,-0.016524465918568987,41.223768306655984,1,0.016524465918568987,41.223768306655984,1,False
2025-09-27,250927.0,SPDC 417,21410956,Kori Klustaitis,0.0850415922698493,4199.49359979875,69,0.0904083304202805,4198.543719297855,69,0.0850415922698493,4199.49359979875,69,-0.005366738150431205,0.9498805008952331,0,0.005366738150431205,0.9498805008952331,0,False
2025-09-27,250927.0,SPDC 417,21428556,Caryn Knill,0.599086433036325,2511.5977534230706,2,0.6046031319617416,2510.6531291749297,2,0.599086433036325,2511.5977534230706,2,-0.005516698925416619,0.9446242481408262,0,0.005516698925416619,0.9446242481408262,0,False
2025-09-27,250927.0,SPDC 417,21550393,Sarah Eggerichs,0.1083198173980795,4102.865866732868,64,0.1441694467673147,3978.785473506092,61,0.1083198173980795,4102.865866732868,64,-0.03584962936923519,124.08039322677632,3,0.03584962936923519,124.08039322677632,3,False
2025-09-27,250927.0,SPDC 417,21583590,Lindsay Wang,0.396073695837555,3076.928450230549,19,0.4106319236405383,3048.086871122195,19,0.396073695837555,3076.928450230549,19,-0.014558227802983326,28.841579108353926,0,0.014558227802983326,28.841579108353926,0,False
2025-09-27,250927.0,SPDC 417,21594891,Kinsey Keltz,0.1968807305765271,3755.137146447341,50,0.2086744991613511,3730.2362256423207,48,0.1968807305765271,3755.137146447341,50,-0.011793768584824005,24.900920805020178,2,0.011793768584824005,24.900920805020178,2,False
2025-09-27,250927.0,SPDC 417,21606421,Robin Patrick,0.0350314798364381,4414.8508855444,80,0.0020289029091173,4586.499785381359,88,0.0350314798364381,4414.8508855444,80,0.033002576927320795,-171.64889983695957,-8,0.033002576927320795,171.64889983695957,8,False
2025-09-27,250927.0,SPDC 417,21858254,Kara Bingham,0.236005048582618,3611.056866242568,42,0.2493147361318673,3581.677714423735,39,0.236005048582618,3611.056866242568,42,-0.0133096875492493,29.37915181883318,3,0.0133096875492493,29.37915181883318,3,False
2025-09-27,250927.0,SPDC 417,21886298,Ieva Veya,0.0124692042375121,4515.592170726716,84,0.0188776549340052,4509.870355755193,81,0.0124692042375121,4515.592170726716,84,-0.006408450696493101,5.7218149715235995,3,0.006408450696493101,5.7218149715235995,3,False
2025-09-27,250927.0,SPDC 417,21892775,Andrea Reynolds,0.2803033625490693,3454.584454290906,28,0.3189008688626845,3340.9165757564824,27,0.2803033625490693,3454.584454290906,28,-0.03859750631361519,113.66787853442338,1,0.03859750631361519,113.66787853442338,1,False
2025-09-27,250927.0,SPDC 417,21900482,Hiromi Kimura,0.1494648313308043,3937.479144420268,60,0.154218547073088,3939.002485593598,59,0.1494648313308043,3937.479144420268,60,-0.004753715742283698,-1.5233411733302091,1,0.004753715742283698,1.5233411733302091,1,False
2025-09-27,250927.0,SPDC 417,21907039,Lauren Mecca,-0.1911119690486531,5535.143589179787,121,-0.1851796744874103,5530.762755929577,121,-0.1911119690486531,5535.143589179787,121,-0.005932294561242807,4.380833250210344,0,0.005932294561242807,4.380833250210344,0,False
2025-09-27,250927.0,SPDC 417,21922205,Maria Seitz,0.0986690204859345,4142.653474219577,66,0.1526980347440966,3944.9963431492297,60,0.0986690204859345,4142.653474219577,66,-0.0540290142581621,197.65713107034753,6,0.0540290142581621,197.65713107034753,6,False
2025-09-27,250927.0,SPDC 417,21924024,Jasper Lee,0.4935131598528886,2791.25796843905,5,0.524945796762879,2718.826260553581,4,0.4935131598528886,2791.25796843905,5,-0.031432636909990375,72.43170788546877,1,0.031432636909990375,72.43170788546877,1,False
2025-09-27,250927.0,SPDC 417,21925467,Ameenah Saafir,-0.0712297506854119,4909.810220837121,103,-0.0706523506524289,4932.265484046949,103,-0.0712297506854119,4909.810220837121,103,-0.000577400032982997,-22.455263209827535,0,0.000577400032982997,22.455263209827535,0,False
2025-09-27,250927.0,SPDC 417,21926468,Meredith Yeager,0.1738678082543816,3842.555847794085,53,0.2024094722575735,3753.6796160086265,50,0.1738678082543816,3842.555847794085,53,-0.028541664003191886,88.87623178545846,3,0.028541664003191886,88.87623178545846,3,False
2025-09-27,250927.0,SPDC 417,21926827,Emily Boudreaux,0.0963317239257717,4152.347408321102,67,0.1044010842638618,4140.203651534455,67,0.0963317239257717,4152.347408321102,67,-0.008069360338090095,12.143756786646918,0,0.008069360338090095,12.143756786646918,0,False
2025-09-27,250927.0,SPDC 417,21927072,Katie Graham,-0.2803532203792863,6051.818220419123,126,-0.27279689167052,6037.215850390677,126,-0.2803532203792863,6051.818220419123,126,-0.007556328708766269,14.602370028445876,0,0.007556328708766269,14.602370028445876,0,False
2025-09-27,250927.0,SPDC 417,21927536,Skye Vandeleest,0.440838224908985,2942.22857793452,14,0.4498438750019061,2930.878440328938,15,0.440838224908985,2942.22857793452,14,-0.009005650092921091,11.350137605582404,-1,0.009005650092921091,11.350137605582404,1,False
2025-09-27,250927.0,SPDC 417,21936039,Caroline Orsi,0.3412288151572109,3250.3956378516127,25,0.3621434229785097,3199.525888882173,24,0.3412288151572109,3250.3956378516127,25,-0.020914607821298836,50.86974896943957,1,0.020914607821298836,50.86974896943957,1,False
2025-09-27,250927.0,SPDC 417,21939662,Scott Eng,0.2559010954088521,3539.921116435152,33,0.2620633829036715,3536.305998892304,36,0.2559010954088521,3539.921116435152,33,-0.006162287494819396,3.6151175428476563,-3,0.006162287494819396,3.6151175428476563,3,False
2025-09-27,250927.0,SPDC 417,21960422,Andrew Paul,0.2404551970965069,3595.0228302776054,39,0.2456147511572204,3594.954414800708,40,0.2404551970965069,3595.0228302776054,39,-0.0051595540607135,0.06841547689737126,-1,0.0051595540607135,0.06841547689737126,1,False
2025-09-27,250927.0,SPDC 417,21964658,Cosmo Smith,0.3476599962463155,3229.5588293553697,24,0.3740883834186697,3161.5350300817613,23,0.3476599962463155,3229.5588293553697,24,-0.026428387172354184,68.02379927360835,1,0.026428387172354184,68.02379927360835,1,False
2025-09-27,250927.0,SPDC 417,21968495,Jennifer Morrow,0.0768857784556391,4233.883937679909,70,0.0975903906045416,4168.497551465764,68,0.0768857784556391,4233.883937679909,70,-0.0207046121489025,65.3863862141443,2,0.0207046121489025,65.3863862141443,2,False
2025-09-27,250927.0,SPDC 417,21974544,Jamie Lim,-0.0012348129372216,4577.899881242895,88,0.0048791480080876,4573.445749285316,86,-0.0012348129372216,4577.899881242895,88,-0.0061139609453092,4.454131957579193,2,0.0061139609453092,4.454131957579193,2,False
2025-09-27,250927.0,SPDC 417,21976246,Edith Lewis,0.3774772179587877,3134.6838410660635,21,0.4075386246530754,3057.530113009821,20,0.3774772179587877,3134.6838410660635,21,-0.030061406694287696,77.15372805624247,1,0.030061406694287696,77.15372805624247,1,False
2025-09-27,250927.0,SPDC 417,21979616,Jennifer McCarthy,-0.0139167323151413,4636.326133908934,89,-0.0075073319417927,4630.446936611153,89,-0.0139167323151413,4636.326133908934,89,-0.006409400373348599,5.879197297780593,0,0.006409400373348599,5.879197297780593,0,False
2025-09-27,250927.0,SPDC 417,21988310,Ashley Bromiley,0.3524363889801368,3214.1699689066904,23,0.3610090355119316,3203.1574503589904,25,0.3524363889801368,3214.1699689066904,23,-0.008572646531794792,11.012518547699983,-2,0.008572646531794792,11.012518547699983,2,False
2025-09-27,250927.0,SPDC 417,22035202,Rebecca Streitz,0.4118422166216354,3028.790370608414,18,0.4228242884647559,3011.149120814158,18,0.4118422166216354,3028.790370608414,18,-0.0109820718431205,17.641249794256055,0,0.0109820718431205,17.641249794256055,0,False
2025-09-27,250927.0,SPDC 417,22035203,Jessica Streitz,0.45899285474688,2889.2954517070693,13,0.4772697007154912,2851.588938968196,11,0.45899285474688,2889.2954517070693,13,-0.018276845968611177,37.70651273887324,2,0.018276845968611177,37.70651273887324,2,False
2025-09-27,250927.0,SPDC 417,22065952,Jodie Morse,0.0662911689707618,4278.978743726274,73,0.0638071481958609,4311.7286987050375,74,0.0662911689707618,4278.978743726274,73,0.002484020774900897,-32.749954978763526,-1,0.002484020774900897,32.749954978763526,1,False
2025-09-27,250927.0,SPDC 417,22206793,Bill McFadden,0.0904011361879191,4177.046436428266,68,0.0544508756261553,4352.259721632938,76,0.0904011361879191,4177.046436428266,68,0.03595026056176381,-175.2132852046716,-8,0.03595026056176381,175.2132852046716,8,False
2025-09-27,250927.0,SPDC 417,22211360,Gregory Wiseburn,-1.2857723496915232,16539.93713007993,135,-1.408226859185954,18790.903968127182,135,-1.2857723496915232,16539.93713007993,135,0.12245450949443071,-2250.966838047254,0,0.12245450949443071,2250.966838047254,0,False
2025-09-27,250927.0,SPDC 417,22233683,Chris Morrissey,-0.1845306208279326,5498.834494224458,120,-0.1714881903121445,5455.554436790477,120,-0.1845306208279326,5498.834494224458,120,-0.0130424305157881,43.2800574339808,0,0.0130424305157881,43.2800574339808,0,False
2025-09-27,250927.0,SPDC 417,22250420,Julie Headlee,-0.6406486118199021,8676.811744304923,134,-0.6462827797425524,8770.80718796717,134,-0.6406486118199021,8676.811744304923,134,0.005634167922650368,-93.99544366224654,0,0.005634167922650368,93.99544366224654,0,False
2025-09-27,250927.0,SPDC 417,22344218,Amanda Van Straten,0.2273715867049505,3642.367754230405,44,0.2321338345925259,3643.745832914937,45,0.2273715867049505,3642.367754230405,44,-0.004762247887575399,-1.3780786845322837,-1,0.004762247887575399,1.3780786845322837,1,False
2025-09-27,250927.0,SPDC 417,22389912,Tazia Statucki,0.1570554622014039,3907.704341406532,58,0.1854212139885535,3817.9928328228634,53,0.1570554622014039,3907.704341406532,58,-0.02836575178714959,89.71150858366855,5,0.02836575178714959,89.71150858366855,5,False
2025-09-27,250927.0,SPDC 417,22392412,Elizabeth Alvarez,0.2058327644917718,3721.6710496670585,48,0.2313074255881,3646.7583018753903,46,0.2058327644917718,3721.6710496670585,48,-0.025474661096328205,74.91274779166815,2,0.025474661096328205,74.91274779166815,2,False
2025-09-27,250927.0,SPDC 417,22408132,Jen Lunsford,0.4128648426221283,3025.6946339855567,17,0.4322818676212635,2982.8051834378894,16,0.4128648426221283,3025.6946339855567,17,-0.019417024999135224,42.889450547667366,1,0.019417024999135224,42.889450547667366,1,False
2025-09-27,250927.0,SPDC 417,22408483,Becky Rogers,-0.0375927703743342,4747.405741618127,96,-0.0328305224867589,4749.20190804084,94,-0.0375927703743342,4747.405741618127,96,-0.004762247887575302,-1.7961664227132133,2,0.004762247887575302,1.7961664227132133,2,False
2025-09-27,250927.0,SPDC 417,22423946,Jennifer Sipple,0.5003128975412544,2772.3425293270257,4,0.5194574523432053,2733.78913864378,5,0.5003128975412544,2772.3425293270257,4,-0.019144554801950875,38.55339068324565,-1,0.019144554801950875,38.55339068324565,1,False
2025-09-27,250927.0,SPDC 417,22477087,Toni MacReynolds,0.2081549312877205,3713.038735445921,46,0.2013702848968682,3757.582419942756,51,0.2081549312877205,3713.038735445921,46,0.0067846463908523,-44.54368449683534,-5,0.0067846463908523,44.54368449683534,5,False
2025-09-27,250927.0,SPDC 417,22477750,Jessica Norris,0.2392731163896639,3599.2749500852046,40,0.2455996186551284,3595.0088158675167,41,0.2392731163896639,3599.2749500852046,40,-0.006326502265464495,4.266134217687977,-1,0.006326502265464495,4.266134217687977,1,False
2025-09-27,250927.0,SPDC 417,22489256,Alyssa Graham,0.0330676557406152,4423.529394836596,81,0.0136921982783418,4533.316830810097,83,0.0330676557406152,4423.529394836596,81,0.019375457462273402,-109.78743597350058,-2,0.019375457462273402,109.78743597350058,2,False
2025-09-27,250927.0,SPDC 417,22549301,Jenevieve Parker,-0.0186323366652977,4658.240843535133,93,-0.0300627505495161,4736.075374281074,93,-0.0186323366652977,4658.240843535133,93,0.011430413884218397,-77.83453074594127,0,0.011430413884218397,77.83453074594127,0,False
2025-09-27,250927.0,SPDC 417,22549913,Sabrina Monserate-Lindsay,0.2488717860911514,3564.891978058062,35,0.2351665973293073,3632.711956352554,43,0.2488717860911514,3564.891978058062,35,0.013705188761844095,-67.8199782944921,-8,0.013705188761844095,67.8199782944921,8,False
2025-09-27,250927.0,SPDC 417,22555702,Rose Robbins,0.2431748535230938,3585.258886637824,37,0.2704209177918377,3506.874357429027,33,0.2431748535230938,3585.258886637824,37,-0.027246064268743903,78.38452920879718,4,0.027246064268743903,78.38452920879718,4,False
2025-09-27,250927.0,SPDC 417,22557667,Angela Morford,0.1546862432495288,3916.973524616969,59,0.1599361455126111,3916.545113426052,58,0.1546862432495288,3916.973524616969,59,-0.005249902263082307,0.42841119091690416,1,0.005249902263082307,0.42841119091690416,1,False
2025-09-27,250927.0,SPDC 417,22608003,Rushing Smith III,0.1029677903946596,4124.883382255708,65,0.1169276242349693,4088.664701296108,66,0.1029677903946596,4124.883382255708,65,-0.013959833840309702,36.21868095960008,-1,0.013959833840309702,36.21868095960008,1,False
2025-09-27,250927.0,SPDC 417,22609934,Christine Parsons,0.2737330918362455,3477.356737468222,30,0.2895781984595913,3440.331605281365,28,0.2737330918362455,3477.356737468222,30,-0.015845106623345817,37.02513218685726,2,0.015845106623345817,37.02513218685726,2,False
2025-09-27,250927.0,SPDC 417,22638087,Karen Bell,-0.0248869836707233,4687.467802552239,94,-0.0198491486798058,4687.949175268322,91,-0.0248869836707233,4687.467802552239,94,-0.005037834990917502,-0.4813727160826602,3,0.005037834990917502,0.4813727160826602,3,False
2025-09-27,250927.0,SPDC 417,22654912,Karen Wells,0.0731307170478034,4249.812319168363,72,0.0507830281703875,4368.252457908974,77,0.0731307170478034,4249.812319168363,72,0.0223476888774159,-118.44013874061147,-5,0.0223476888774159,118.44013874061147,5,False
2025-09-27,250927.0,SPDC 417,22673646,Gloria Johnston,-0.4754776237949607,7355.75619579246,133,-0.4551840149444405,7245.134042831944,132,-0.4754776237949607,7355.75619579246,133,-0.02029360885052023,110.62215296051636,1,0.02029360885052023,110.62215296051636,1,False
2025-09-27,250927.0,SPDC 417,22682522,Marjorie No Last Name,-0.0888653361794329,4997.165616470197,106,-0.0827033441802819,4992.063774187237,106,-0.0888653361794329,4997.165616470197,106,-0.006161991999151004,5.101842282960206,0,0.006161991999151004,5.101842282960206,0,False
2025-09-27,250927.0,SPDC 417,22684893,Ellen Leader,-0.2000903788308155,5585.064144780367,122,-0.1939257367408293,5579.347303339726,122,-0.2000903788308155,5585.064144780367,122,-0.006164642089986211,5.716841440641474,0,0.006164642089986211,5.716841440641474,0,False
2025-09-27,250927.0,SPDC 417,22691193,Wendy Weigant,0.0080692194900589,4535.504482212079,86,0.0021624369903478,4585.887372236377,87,0.0080692194900589,4535.504482212079,86,0.0059067824997111,-50.38289002429792,-1,0.0059067824997111,50.38289002429792,1,False
2025-09-27,250927.0,SPDC 417,22703189,Beatrice Endler,0.4923665569937061,2794.46026833865,6,0.5169499878397631,2740.6526192397005,6,0.4923665569937061,2794.46026833865,6,-0.02458343084605702,53.807649098949696,0,0.02458343084605702,53.807649098949696,0,False
2025-09-27,250927.0,SPDC 417,22704935,Samantha Nutter-Topel,-0.1313024353337881,5213.794878162171,114,-0.1624527652145024,5406.483206864971,118,-0.1313024353337881,5213.794878162171,114,0.031150329880714284,-192.6883287028004,-4,0.031150329880714284,192.6883287028004,4,False
2025-09-27,250927.0,SPDC 417,22704976,Daniela Spano,-0.085203619317674,4978.900871441854,105,-0.0782687494416697,4969.97500800168,105,-0.085203619317674,4978.900871441854,105,-0.006934869876004307,8.925863440173998,0,0.006934869876004307,8.925863440173998,0,False
2025-09-27,250927.0,SPDC 417,22713270,Christina Harwell,0.4218252930880904,2998.7041511228144,15,0.4278916061304501,2995.9292661669497,17,0.4218252930880904,2998.7041511228144,15,-0.006066313042359661,2.7748849558647635,-2,0.006066313042359661,2.7748849558647635,2,False
2025-09-27,250927.0,SPDC 417,22717065,Jose Salinas,-0.2477041834686573,5857.4228624004245,125,-0.2432541200808765,5861.468574438989,125,-0.2477041834686573,5857.4228624004245,125,-0.0044500633877808116,-4.0457120385644885,0,0.0044500633877808116,4.0457120385644885,0,False
2025-09-27,250927.0,SPDC 417,22722527,June Huber,-0.059690376121292,4853.479716122923,102,-0.053534420637603,4848.553837840599,102,-0.059690376121292,4853.479716122923,102,-0.006155955483689003,4.925878282323538,0,0.006155955483689003,4.925878282323538,0,False
2025-09-27,250927.0,SPDC 417,22729973,Ashley Tucker,0.1807578021953044,3816.1716591110153,52,0.1801677686368441,3838.103227701875,54,0.1807578021953044,3816.1716591110153,52,0.0005900335584602956,-21.93156859085957,-2,0.0005900335584602956,21.93156859085957,2,False
2025-09-27,250927.0,SPDC 417,22733821,Tara Mills,-0.3413741453464688,6432.605615994923,129,-0.3350947669814557,6425.283980245919,129,-0.3413741453464688,6432.605615994923,129,-0.006279378365013133,7.32163574900369,0,0.006279378365013133,7.32163574900369,0,False
2025-09-27,250927.0,SPDC 417,22736994,Brooke Ouro-Djobo,0.251378461021817,3555.967143209224,34,0.2777701588991921,3481.195966164343,31,0.251378461021817,3555.967143209224,34,-0.02639169787737511,74.77117704488091,3,0.02639169787737511,74.77117704488091,3,False
2025-09-27,250927.0,SPDC 417,22757315,Shalise Hassing,0.158212259061401,3903.186534890596,56,0.1309332262218869,4031.79963511027,65,0.158212259061401,3903.186534890596,56,0.027279032839514078,-128.61310021967438,-9,0.027279032839514078,128.61310021967438,9,False
2025-09-27,250927.0,SPDC 417,22797552,Melissa McCarthy,0.0051088965695967,4548.950933185293,87,0.0108752180657132,4546.105098311675,84,0.0051088965695967,4548.950933185293,87,-0.0057663214961165,2.8458348736185144,3,0.0057663214961165,2.8458348736185144,3,False
2025-09-27,250927.0,SPDC 417,22812262,Jolene Metty,-0.1349340890759275,5232.763999634191,116,-0.1296955428699243,5232.251093881031,113,-0.1349340890759275,5232.763999634191,116,-0.005238546206003197,0.5129057531603394,3,0.005238546206003197,0.5129057531603394,3,False
2025-09-27,250927.0,SPDC 417,22816351,Michelle Malcom,0.0098548231260438,4527.4130950726285,85,0.0155189563860806,4525.043116872292,82,0.0098548231260438,4527.4130950726285,85,-0.005664133260036799,2.3699782003368455,3,0.005664133260036799,2.3699782003368455,3,False
2025-09-27,250927.0,SPDC 417,22816373,Aurali Dade,0.0428442483827327,4380.493067015927,79,0.0478471514223085,4381.0959529639,78,0.0428442483827327,4380.493067015927,79,-0.005002903039575797,-0.6028859479729363,1,0.005002903039575797,0.6028859479729363,1,False
2025-09-27,250927.0,SPDC 417,22817937,J.D. Armstrong,0.0199260406537398,4482.04537053356,83,-0.0078505474244285,4632.036450448595,90,0.0199260406537398,4482.04537053356,83,0.027776588078168303,-149.9910799150348,-7,0.027776588078168303,149.9910799150348,7,False
2025-09-27,250927.0,SPDC 417,22825074,Katherine Wood,0.1293838487659264,4017.346821341686,62,0.1362655514720857,4010.357985841543,63,0.1293838487659264,4017.346821341686,62,-0.006881702706159287,6.988835500143068,-1,0.006881702706159287,6.988835500143068,1,False
2025-09-27,250927.0,SPDC 417,22830270,Dessa Burt,-0.1332167484184232,5223.785273239151,115,-0.1651232534159036,5420.940451839214,119,-0.1332167484184232,5223.785273239151,115,0.03190650499748038,-197.15517860006275,-4,0.03190650499748038,197.15517860006275,4,False
2025-09-27,250927.0,SPDC 417,22849486,Debra Svendson,-0.0954771317653965,5030.315322812682,107,-0.0903170057681408,5030.216715878755,107,-0.0954771317653965,5030.315322812682,107,-0.005160125997255696,0.09860693392693065,0,0.005160125997255696,0.09860693392693065,0,False
2025-09-27,250927.0,SPDC 417,22857066,Nathan Biberdorf,0.4154920377733989,3017.755976481326,16,0.4513389320654772,2926.499883725822,14,0.4154920377733989,3017.755976481326,16,-0.035846894292078324,91.25609275550369,2,0.035846894292078324,91.25609275550369,2,False
2025-09-27,250927.0,SPDC 417,22858066,Olga Brezo Fernandez,-0.1250229366162571,5181.157440531988,113,-0.1188601282560273,5175.863526934743,111,-0.1250229366162571,5181.157440531988,113,-0.006162808360229796,5.293913597244682,2,0.006162808360229796,5.293913597244682,2,False
2025-09-27,250927.0,SPDC 417,22860511,Lydia Utkin,0.2420716737556789,3589.2162541450425,38,0.2607584927198457,3540.923501889225,37,0.2420716737556789,3589.2162541450425,38,-0.018686818964166796,48.292752255817504,1,0.018686818964166796,48.292752255817504,1,False
2025-09-27,250927.0,SPDC 417,22874878,Kara Bancroft,-0.1187301313297294,5148.655796113503,111,-0.1529131236987705,5355.152522651196,117,-0.1187301313297294,5148.655796113503,111,0.0341829923690411,-206.49672653769267,-6,0.0341829923690411,206.49672653769267,6,False
2025-09-27,250927.0,SPDC 417,23741633,Kim Knaub,0.4728856459228839,2849.4326175234555,9,0.4953906701433999,2800.380755209976,9,0.4728856459228839,2849.4326175234555,9,-0.02250502422051598,49.05186231347943,0,0.02250502422051598,49.05186231347943,0,False
2025-09-27,250927.0,SPDC 417,23749556,Audrey Nelson,0.1313516292548384,4009.449337455165,61,0.1375186874389828,4005.335609526794,62,0.1313516292548384,4009.449337455165,61,-0.006167058184144397,4.113727928370736,-1,0.006167058184144397,4.113727928370736,1,False
2025-09-27,250927.0,SPDC 417,23750128,Jasmine Lambert,0.4635360795464565,2876.198506668029,10,0.4774361305804298,2851.1143888969705,10,0.4635360795464565,2876.198506668029,10,-0.013900051033973293,25.084117771058573,0,0.013900051033973293,25.084117771058573,0,False
2025-09-27,250927.0,SPDC 417,23758655,Hannah Doyle,0.6699614387867309,2339.750032689581,1,0.6837836917620977,2319.52487702924,1,0.6699614387867309,2339.750032689581,1,-0.013822252975366878,20.225155660340988,0,0.013822252975366878,20.225155660340988,0,False
2025-09-27,250927.0,SPDC 417,23764458,Megan Banks,0.2121428295227636,3698.2610004624194,45,0.2183061177560752,3694.48048230544,47,0.2121428295227636,3698.2610004624194,45,-0.006163288233311609,3.7805181569792694,-2,0.006163288233311609,3.7805181569792694,2,False
2025-09-27,250927.0,SPDC 417,23764496,Marie Mogni,-0.2194001958954824,5693.958695036779,124,-0.2124561960860841,5683.699028427528,123,-0.2194001958954824,5693.958695036779,124,-0.006943999809398305,10.259666609251326,1,0.006943999809398305,10.259666609251326,1,False
2025-09-27,250927.0,SPDC 417,23786476,Bethany Quinn,0.267485312947323,3499.1505039059653,31,0.2743715870773284,3493.0471878883577,32,0.267485312947323,3499.1505039059653,31,-0.006886274130005421,6.10331601760754,-1,0.006886274130005421,6.10331601760754,1,False
2025-09-27,250927.0,SPDC 417,23839584,Jennifer Ferris,-0.3009668131444883,6177.862587125092,128,-0.2973797530161973,6187.467127165314,128,-0.3009668131444883,6177.862587125092,128,-0.0035870601282910197,-9.604540040221764,0,0.0035870601282910197,9.604540040221764,0,False
2025-09-27,250927.0,SPDC 417,23846192,Kathy Johnson,-0.4395221917837294,7095.97506178911,132,-0.4351581283886608,7101.486941296228,131,-0.4395221917837294,7095.97506178911,132,-0.004364063395068618,-5.5118795071175555,1,0.004364063395068618,5.5118795071175555,1,False
2025-09-27,250927.0,SPDC 417,23848490,Ryder Jackson,0.2001474598651571,3742.8901446591167,49,0.2070801178193749,3736.1883884294007,49,0.2001474598651571,3742.8901446591167,49,-0.006932657954217797,6.701756229716011,0,0.006932657954217797,6.701756229716011,0,False
2025-09-27,250927.0,SPDC 417,23848898,Nikki Hall,0.0657826308502758,4281.155320923543,74,0.0710211833516832,4280.73566312663,71,0.0657826308502758,4281.155320923543,74,-0.005238552501407395,0.41965779691236094,3,0.005238552501407395,0.41965779691236094,3,False
2025-09-27,250927.0,SPDC 417,23855343,Elizabeth Winters,0.1627673785052469,3885.44748642729,55,0.1691895174137724,3880.471025801197,56,0.1627673785052469,3885.44748642729,55,-0.006422138908525499,4.976460626093285,-1,0.006422138908525499,4.976460626093285,1,False
2025-09-27,250927.0,SPDC 417,23887819,Chris Viox,0.3798840351694204,3127.1483020176674,20,0.3862997614555594,3123.1630945846287,22,0.3798840351694204,3127.1483020176674,20,-0.006415726286139012,3.985207433038795,-2,0.006415726286139012,3.985207433038795,2,False
2025-09-27,250927.0,SPDC 417,23888152,Fiona DeAcutis,-0.0497727831600009,4805.582783582212,98,-0.0453183077278844,4808.880774419959,97,-0.0497727831600009,4805.582783582212,98,-0.004454475432116502,-3.2979908377474203,1,0.004454475432116502,3.2979908377474203,1,False
2025-09-27,250927.0,SPDC 417,23889376,Katie Frank,-0.0415816325974344,4766.380307344085,97,-0.0333803028164727,4751.813643706389,95,-0.0415816325974344,4766.380307344085,97,-0.008201329780961698,14.566663637696365,2,0.008201329780961698,14.566663637696365,2,False
2025-09-27,250927.0,SPDC 417,23973497,Erin Manthey,-0.1580323723972935,5355.038595289173,119,-0.151616285223289,5348.212255992842,116,-0.1580323723972935,5355.038595289173,119,-0.00641608717400452,6.826339296330843,3,0.00641608717400452,6.826339296330843,3,False
2025-09-27,250927.0,SPDC 417,23987651,Jill Gregerson,-0.0807476444033784,4956.764370532306,104,-0.0745819422269025,4951.685404123592,104,-0.0807476444033784,4956.764370532306,104,-0.0061657021764758985,5.078966408714223,0,0.0061657021764758985,5.078966408714223,0,False
2025-09-27,250927.0,SPDC 417,24005736,Monika Koops,0.0754379032751484,4240.01851312844,71,0.0811280370491031,4237.688794693213,70,0.0754379032751484,4240.01851312844,71,-0.005690133773954692,2.329718435226823,1,0.005690133773954692,2.329718435226823,1,False
2025-09-27,250927.0,SPDC 417,24101904,Stefanie Haney,-0.0304611848564193,4713.669650476346,95,-0.0245238310232566,4709.915150481961,92,-0.0304611848564193,4713.669650476346,95,-0.005937353833162698,3.754499994384787,3,0.005937353833162698,3.754499994384787,3,False
2025-09-27,250927.0,SPDC 417,24115212,Ever Capps,-0.4132704007107373,6912.116869238445,130,-0.4070933629364271,6904.956071622837,130,-0.4132704007107373,6912.116869238445,130,-0.006177037774310168,7.160797615608317,0,0.006177037774310168,7.160797615608317,0,False
2025-09-27,250927.0,SPDC 417,24137527,Cassiday Van Dyke,0.0202127351564397,4480.760576945408,82,0.0254619196727579,4480.273718367465,80,0.0202127351564397,4480.760576945408,82,-0.0052491845163182005,0.4868585779422574,2,0.0052491845163182005,0.4868585779422574,2,False
2025-09-27,250927.0,SPDC 417,24173066,Danielle Woodward,-0.0557143131632209,4834.220288926242,101,-0.0504716565648776,4833.726579129637,100,-0.0557143131632209,4834.220288926242,101,-0.005242656598343297,0.49370979660488956,1,0.005242656598343297,0.49370979660488956,1,False
2025-09-27,250927.0,SPDC 417,24184126,Kelsey Smith,-0.218813372227364,5690.618325509049,123,-0.2140511243397886,5692.77135352415,124,-0.218813372227364,5690.618325509049,123,-0.004762247887575399,-2.153028015100972,-1,0.004762247887575399,2.153028015100972,1,False
2025-09-27,250927.0,SPDC 417,24207911,Kristina Key,-0.1169032901671265,5139.2586059734485,110,-0.1184327845246142,5173.652126649536,110,-0.1169032901671265,5139.2586059734485,110,0.0015294943574876985,-34.393520676087064,0,0.0015294943574876985,34.393520676087064,0,False
2025-09-27,250927.0,SPDC 417,24244256,Kelsie Foster,0.2743600356254947,3475.177313518202,29,0.2784405822003414,3478.8628734400136,30,0.2743600356254947,3475.177313518202,29,-0.0040805465748466885,-3.685559921811546,-1,0.0040805465748466885,3.685559921811546,1,False
2025-09-27,250927.0,SPDC 417,24337113,Shay Gibson,-0.0528998685744821,4820.633772011146,100,-0.0493128084461911,4828.128268599491,99,-0.0528998685744821,4820.633772011146,100,-0.003587060128291006,-7.4944965883451005,1,0.003587060128291006,7.4944965883451005,1,False
2025-09-27,250927.0,SPDC 417,24471543,Paula Marques-Roberts,-0.1148940264420084,5128.94284709304,109,-0.1113069663137174,5136.916662671509,109,-0.1148940264420084,5128.94284709304,109,-0.003587060128290992,-7.97381557846893,0,0.003587060128290992,7.97381557846893,0,False
2025-09-27,250927.0,SPDC 417,24490623,Teresa Osterman,-0.1093186800240592,5100.426781302492,108,-0.1057316198957682,5108.356263797835,108,-0.1093186800240592,5100.426781302492,108,-0.003587060128291006,-7.929482495343109,0,0.003587060128291006,7.929482495343109,0,False
2025-10-11,251011.0,UT2025 - Utah Speed Puzzling Championship,17593434,Jonathan Cluff,0.1542766490778168,3944.286412905752,14,0.1596932551959027,3950.059754859365,13,0.1542766490778168,3944.286412905752,14,-0.005416606118085893,-5.773341953612999,1,0.005416606118085893,5.773341953612999,1,False
2025-10-11,251011.0,UT2025 - Utah Speed Puzzling Championship,17731966,Melinda Whiting,0.3555935839575986,3225.058595174438,2,0.3883514178345119,3142.669330287472,2,0.3555935839575986,3225.058595174438,2,-0.03275783387691328,82.38926488696598,0,0.03275783387691328,82.38926488696598,0,False
2025-10-11,251011.0,UT2025 - Utah Speed Puzzling Championship,17915498,Melynda Owens,0.2402322805217538,3619.415043419127,8,0.2525153761927434,3599.9090656964127,8,0.2402322805217538,3619.415043419127,8,-0.012283095670989591,19.505977722714306,0,0.012283095670989591,19.505977722714306,0,False
2025-10-11,251011.0,UT2025 - Utah Speed Puzzling Championship,20539458,Kyle Kossin,0.5112284365623583,2760.236229663678,1,0.5406186913151533,2698.794712302259,1,0.5112284365623583,2760.236229663678,1,-0.029390254752794998,61.441517361418846,0,0.029390254752794998,61.441517361418846,0,False
2025-10-11,251011.0,UT2025 - Utah Speed Puzzling Championship,20737327,Amy Paull,0.3508027844273486,3240.5462739368577,3,0.3753721524792933,3183.7247275443283,3,0.3508027844273486,3240.5462739368577,3,-0.024569368051944707,56.8215463925294,0,0.024569368051944707,56.8215463925294,0,False
2025-10-11,251011.0,UT2025 - Utah Speed Puzzling Championship,20850953,Aimee Seligstein,0.2738954574995108,3499.6019924527995,6,0.3134355746045308,3387.148399124397,5,0.2738954574995108,3499.6019924527995,6,-0.039540117105020034,112.45359332840235,1,0.039540117105020034,112.45359332840235,1,False
2025-10-11,251011.0,UT2025 - Utah Speed Puzzling Championship,21594891,Kinsey Keltz,0.2035291609321915,3754.726859738071,9,0.2141724022134039,3740.620697645581,9,0.2035291609321915,3754.726859738071,9,-0.010643241281212384,14.106162092490194,0,0.010643241281212384,14.106162092490194,0,False
2025-10-11,251011.0,UT2025 - Utah Speed Puzzling Championship,21896723,Tricia Marotz,-0.1040603551191525,5106.963794257463,18,-0.0979084249882869,5110.679586167723,18,-0.1040603551191525,5106.963794257463,18,-0.006151930130865596,-3.7157919102601227,0,0.006151930130865596,3.7157919102601227,0,False
2025-10-11,251011.0,UT2025 - Utah Speed Puzzling Championship,21925368,Betsey English,0.2822743880173006,3470.4015754885363,5,0.3115660484150895,3393.4866847134444,6,0.2822743880173006,3470.4015754885363,5,-0.02929166039778891,76.91489077509186,-1,0.02929166039778891,76.91489077509186,1,False
2025-10-11,251011.0,UT2025 - Utah Speed Puzzling Championship,21925929,Jodi Nichol,0.0078467472497671,4566.275830022791,16,0.0085940565116497,4594.362026188533,16,0.0078467472497671,4566.275830022791,16,-0.0007473092618825988,-28.086196165741967,0,0.0007473092618825988,28.086196165741967,0,False
2025-10-11,251011.0,UT2025 - Utah Speed Puzzling Championship,22323970,Karen Gwilliam,0.187020591205309,3817.2265003172142,11,0.2105803768162226,3754.081263066095,11,0.187020591205309,3817.2265003172142,11,-0.023559785610913597,63.1452372511194,0,0.023559785610913597,63.1452372511194,0,False
2025-10-11,251011.0,UT2025 - Utah Speed Puzzling Championship,22324939,Lindsey Anderson,0.1646976310165473,3903.3965019895854,13,0.2002940254758355,3792.896352473543,12,0.1646976310165473,3903.3965019895854,13,-0.035596394459288194,110.50014951604226,1,0.035596394459288194,110.50014951604226,1,False
2025-10-11,251011.0,UT2025 - Utah Speed Puzzling Championship,22687589,Connie Mangilin,-0.3274696112455343,6385.401149253182,19,-0.3206865042675534,6386.015146217623,19,-0.3274696112455343,6385.401149253182,19,-0.006783106977980902,-0.6139969644409575,0,0.006783106977980902,0.6139969644409575,0,False
2025-10-11,251011.0,UT2025 - Utah Speed Puzzling Championship,22732244,Amber Whitear,0.2438456986556946,3606.360184004393,7,0.2670307897224284,3548.032314044098,7,0.2438456986556946,3606.360184004393,7,-0.023185091066733776,58.327869960295175,0,0.023185091066733776,58.327869960295175,0,False
2025-10-11,251011.0,UT2025 - Utah Speed Puzzling Championship,22755027,Megan Chung,0.0259604368557784,4484.308335018427,15,0.0352599845030941,4473.468136707862,15,0.0259604368557784,4484.308335018427,15,-0.009299547647315703,10.840198310565029,0,0.009299547647315703,10.840198310565029,0,False
2025-10-11,251011.0,UT2025 - Utah Speed Puzzling Championship,22755028,Jarom Chung,0.3174505918711587,3350.4481439903257,4,0.3261742440548227,3344.2742945884265,4,0.3174505918711587,3350.4481439903257,4,-0.008723652183663999,6.173849401899133,0,0.008723652183663999,6.173849401899133,0,False
2025-10-11,251011.0,UT2025 - Utah Speed Puzzling Championship,22757315,Shalise Hassing,0.1700508862587498,3882.556455016608,12,0.1491818679171472,3991.799348921904,14,0.1700508862587498,3882.556455016608,12,0.020869018341602624,-109.24289390529566,-2,0.020869018341602624,109.24289390529566,2,False
2025-10-11,251011.0,UT2025 - Utah Speed Puzzling Championship,22820661,Joe Feehan,-0.0440221452711344,4809.373606785075,17,-0.0298073101564457,4774.223161295181,17,-0.0440221452711344,4809.373606785075,17,-0.014214835114688698,35.15044548989408,0,0.014214835114688698,35.15044548989408,0,False
2025-10-11,251011.0,UT2025 - Utah Speed Puzzling Championship,23744904,Brenna Kitchen,0.1888819512986372,3810.1278758400185,10,0.2135561509028055,3742.926570478558,10,0.1888819512986372,3810.1278758400185,10,-0.024674199604168306,67.20130536146053,0,0.024674199604168306,67.20130536146053,0,False
2025-10-11,251011.0,UT2025 - Utah Speed Puzzling Championship,23758363,Allison Kunz,-0.451872105097259,7231.285405906669,22,-0.4949075436779503,7601.392889889644,22,-0.451872105097259,7231.285405906669,22,0.04303543858069131,-370.1074839829744,0,0.04303543858069131,370.1074839829744,0,False
2025-10-11,251011.0,UT2025 - Utah Speed Puzzling Championship,23846192,Kathy Johnson,-0.4120703314302921,6949.120011549928,21,-0.4074143165189328,6964.586786428771,21,-0.4120703314302921,6949.120011549928,21,-0.0046560149113593075,-15.466774878843353,0,0.0046560149113593075,15.466774878843353,0,False
2025-10-11,251011.0,UT2025 - Utah Speed Puzzling Championship,23854858,Jenn Thompson,-0.3428404390348521,6484.308245326953,20,-0.3383704188002713,6499.9493242845065,20,-0.3428404390348521,6484.308245326953,20,-0.004470020234580818,-15.641078957553873,0,0.004470020234580818,15.641078957553873,0,False
2025-10-17,251017.01,ND2025 - North Dakota Speed Puzzling Championship,21856865,Aloysia Larson,0.404827502833379,3529.335785975733,1,0.442832626323732,3447.029235298412,1,0.404827502833379,3529.335785975733,1,-0.03800512349035301,82.30655067732096,0,0.03800512349035301,82.30655067732096,0,False
2025-10-17,251017.01,ND2025 - North Dakota Speed Puzzling Championship,22557667,Angela Morford,0.1606292656254607,4505.540798128152,2,0.1658487473445151,4547.1317421838185,2,0.1606292656254607,4505.540798128152,2,-0.005219481719054397,-41.590944055666114,0,0.005219481719054397,41.590944055666114,0,False
2025-10-17,251017.03,HI2025 - Hawaii Speed Puzzling Championship,21906792,Joey Marshall,-0.0384453240334768,5427.009586265684,3,-0.0322682862591667,5435.193830556274,3,-0.0384453240334768,5427.009586265684,3,-0.0061770377743100985,-8.184244290589959,0,0.0061770377743100985,8.184244290589959,0,False
2025-10-17,251017.03,HI2025 - Hawaii Speed Puzzling Championship,22561030,Allie Arendell,0.4613557141436596,3292.3026820076366,1,0.4719778316757823,3282.6435737921597,1,0.4613557141436596,3292.3026820076366,1,-0.010622117532122666,9.659108215476863,0,0.010622117532122666,9.659108215476863,0,False
2025-10-17,251017.03,HI2025 - Hawaii Speed Puzzling Championship,22825074,Katherine Wood,0.1450646952256282,4517.136350189547,2,0.1513174187950865,4523.6060673449065,2,0.1450646952256282,4517.136350189547,2,-0.006252723569458302,-6.469717155359831,0,0.006252723569458302,6.469717155359831,0,False
2025-10-25,251025.0,AZ2025 - Arizona Speed Puzzling Championship,17593434,Jonathan Cluff,0.142592634761345,3185.2752834919675,8,0.1489770526540496,3169.8733982020512,8,0.142592634761345,3185.2752834919675,8,-0.00638441789270458,15.401885289916208,0,0.00638441789270458,15.401885289916208,0,False
2025-10-25,251025.0,AZ2025 - Arizona Speed Puzzling Championship,17915498,Melynda Owens,0.2395910766786172,2890.82021885454,3,0.2512107570109685,2861.8204555571656,3,0.2395910766786172,2890.82021885454,3,-0.011619680332351306,28.999763297374557,0,0.011619680332351306,28.999763297374557,0,False
2025-10-25,251025.0,AZ2025 - Arizona Speed Puzzling Championship,18405080,Kelly Walter,0.7046902250222165,1815.645635072705,1,0.7544470079702024,1730.1735031167352,1,0.7046902250222165,1815.645635072705,1,-0.04975678294798591,85.47213195596987,0,0.04975678294798591,85.47213195596987,0,False
2025-10-25,251025.0,AZ2025 - Arizona Speed Puzzling Championship,19526690,Heather Haynes-O'Brien,-0.2436542813273281,4686.966786512092,15,-0.237477243553018,4665.271098135108,15,-0.2436542813273281,4686.966786512092,15,-0.006177037774310112,21.695688376983526,0,0.006177037774310112,21.695688376983526,0,False
2025-10-25,251025.0,AZ2025 - Arizona Speed Puzzling Championship,21594891,Kinsey Keltz,0.1945186590371249,3024.097476986718,7,0.2050764003465066,2996.941599795214,5,0.1945186590371249,3024.097476986718,7,-0.010557741309381696,27.155877191503805,2,0.010557741309381696,27.155877191503805,2,False
2025-10-25,251025.0,AZ2025 - Arizona Speed Puzzling Championship,21616379,Debbie Dyson,-0.1213217755853044,4147.28178001424,14,-0.1490940768854821,4270.636072047835,14,-0.1213217755853044,4147.28178001424,14,0.0277723013001777,-123.3542920335949,0,0.0277723013001777,123.3542920335949,0,False
2025-10-25,251025.0,AZ2025 - Arizona Speed Puzzling Championship,21960422,Andrew Paul,0.2221480688983496,2941.6871649732198,4,0.227300904281706,2931.0707442305247,4,0.2221480688983496,2941.6871649732198,4,-0.005152835383356397,10.616420742695027,0,0.005152835383356397,10.616420742695027,0,False
2025-10-25,251025.0,AZ2025 - Arizona Speed Puzzling Championship,22402963,Nancy Siner,0.498694891010243,2230.9699817121814,2,0.5045341855779029,2221.393089104817,2,0.498694891010243,2230.9699817121814,2,-0.0058392945676598584,9.576892607364243,0,0.0058392945676598584,9.576892607364243,0,False
2025-10-25,251025.0,AZ2025 - Arizona Speed Puzzling Championship,22407890,Selina Gilbertson,0.1984089792519839,3012.3556240332578,5,0.1928977616476926,3033.663425787803,7,0.1984089792519839,3012.3556240332578,5,0.005511217604291296,-21.30780175454538,-2,0.005511217604291296,21.30780175454538,2,False
2025-10-25,251025.0,AZ2025 - Arizona Speed Puzzling Championship,22489256,Alyssa Graham,0.0546632779642037,3478.037066606467,10,0.0391838628953304,3537.728446409928,11,0.0546632779642037,3478.037066606467,10,0.0154794150688733,-59.69137980346113,-1,0.0154794150688733,59.69137980346113,1,False
2025-10-25,251025.0,AZ2025 - Arizona Speed Puzzling Championship,22687589,Connie Mangilin,-0.3765006925349987,5352.865600768274,16,-0.3696709326305349,5324.610880817447,16,-0.3765006925349987,5352.865600768274,16,-0.0068297599044637725,28.254719950827166,0,0.0068297599044637725,28.254719950827166,0,False
2025-10-25,251025.0,AZ2025 - Arizona Speed Puzzling Championship,22849486,Debra Svendson,-0.0804427273103691,3981.163362016148,12,-0.0752896311497112,3966.794482541663,12,-0.0804427273103691,3981.163362016148,12,-0.0051530961606578995,14.368879474484856,0,0.0051530961606578995,14.368879474484856,0,False
2025-10-25,251025.0,AZ2025 - Arizona Speed Puzzling Championship,22874878,Kara Bancroft,-0.0824153271630434,3989.024355025328,13,-0.1092887522711447,4103.980902789192,13,-0.0824153271630434,3989.024355025328,13,0.026873425108101312,-114.95654776386436,0,0.026873425108101312,114.95654776386436,0,False
2025-10-25,251025.0,AZ2025 - Arizona Speed Puzzling Championship,23764458,Megan Banks,0.1963145966326771,3018.671260666605,6,0.2022244205216705,3005.501016614376,6,0.1963145966326771,3018.671260666605,6,-0.005909823888993387,13.170244052229009,0,0.005909823888993387,13.170244052229009,0,False
2025-10-25,251025.0,AZ2025 - Arizona Speed Puzzling Championship,24005736,Monika Koops,0.0886298363212374,3361.883945697592,9,0.0941588972080537,3348.491028355885,9,0.0886298363212374,3361.883945697592,9,-0.005529060886816303,13.392917341706834,0,0.005529060886816303,13.392917341706834,0,False
2025-10-25,251025.0,AZ2025 - Arizona Speed Puzzling Championship,24184564,Julie Kutchera,0.0510730724688636,3490.5463764558403,11,0.0569951319208796,3475.2748532491605,10,0.0510730724688636,3490.5463764558403,11,-0.005922059452016001,15.27152320667983,1,0.005922059452016001,15.27152320667983,1,False
2025-11-01,251101.0,SPDC 435,17593433,Tammy McLeod,0.3979868447281874,3374.0914581976376,14,0.4328079579205012,3277.4079230668767,10,0.3979868447281874,3374.0914581976376,14,-0.03482111319231379,96.6835351307609,4,0.03482111319231379,96.6835351307609,4,False
2025-11-01,251101.0,SPDC 435,17593434,Jonathan Cluff,0.1366355602482833,4381.87789210007,60,0.1425692180528644,4381.063847618922,60,0.1366355602482833,4381.87789210007,60,-0.005933657804581105,0.8140444811479028,0,0.005933657804581105,0.8140444811479028,0,False
2025-11-01,251101.0,SPDC 435,17731882,Noelle Marshall,0.0578135505935747,4741.243222989599,80,0.063065168392579,4743.596636940357,77,0.0578135505935747,4741.243222989599,80,-0.0052516177990043,-2.3534139507573855,3,0.0052516177990043,2.3534139507573855,3,False
2025-11-01,251101.0,SPDC 435,17731928,Kara Taylor,0.2397363534510447,3952.611824482241,33,0.2355352402569841,3992.132543893052,35,0.2397363534510447,3952.611824482241,33,0.0042011131940605795,-39.520719410811125,-2,0.0042011131940605795,39.520719410811125,2,False
2025-11-01,251101.0,SPDC 435,17887918,Aly Krasny,0.3233604273843652,3635.5212850026633,19,0.3293100134450093,3634.787998815167,20,0.3233604273843652,3635.5212850026633,19,-0.0059495860606441076,0.7332861874961054,-1,0.0059495860606441076,0.7332861874961054,1,False
2025-11-01,251101.0,SPDC 435,17915498,Melynda Owens,0.2504516407395324,3910.4845591959056,31,0.2607649516222331,3892.672146445764,30,0.2504516407395324,3910.4845591959056,31,-0.01031331088270071,17.812412750141448,1,0.01031331088270071,17.812412750141448,1,False
2025-11-01,251101.0,SPDC 435,18846642,Heather Mueller,0.3049796953342903,3702.962740511372,22,0.3101288312209533,3705.180477035265,23,0.3049796953342903,3702.962740511372,22,-0.005149135886662992,-2.217736523893109,-1,0.005149135886662992,2.217736523893109,1,False
2025-11-01,251101.0,SPDC 435,18852026,Kimberly Kenne,0.2004125035604895,4111.140285192291,45,0.2234419297057704,4040.703743857856,39,0.2004125035604895,4111.140285192291,45,-0.02302942614528089,70.43654133443533,6,0.02302942614528089,70.43654133443533,6,False
2025-11-01,251101.0,SPDC 435,19548766,Lindsay Steenstra,0.207114244695244,4083.6806038456943,42,0.2084157819643079,4101.878414085822,45,0.207114244695244,4083.6806038456943,42,-0.0013015372690639015,-18.197810240128092,-3,0.0013015372690639015,18.197810240128092,3,False
2025-11-01,251101.0,SPDC 435,19573602,Isabel Urrutia,0.2192584555635594,4034.387444553217,36,0.2088302215836822,4100.178785378232,44,0.2192584555635594,4034.387444553217,36,0.010428233979877216,-65.79134082501469,-8,0.010428233979877216,65.79134082501469,8,False
2025-11-01,251101.0,SPDC 435,19958106,Taylor Reed,0.3693961828971592,3471.951237998747,16,0.3941894133931694,3406.45236352463,15,0.3693961828971592,3471.951237998747,16,-0.024793230496010177,65.49887447411675,1,0.024793230496010177,65.49887447411675,1,False
2025-11-01,251101.0,SPDC 435,20321851,Ann Marie Greenleaf,-0.0052861094675844,5050.054547474466,92,-0.0243867407382666,5177.112877181453,94,-0.0052861094675844,5050.054547474466,92,0.019100631270682202,-127.05832970698702,-2,0.019100631270682202,127.05832970698702,2,False
2025-11-01,251101.0,SPDC 435,20491289,Stephanie McIntyre,0.0657294345417694,4703.860246722174,76,0.0719893806886045,4701.452106577953,74,0.0657294345417694,4703.860246722174,76,-0.006259946146835102,2.408140144221761,2,0.006259946146835102,2.408140144221761,2,False
2025-11-01,251101.0,SPDC 435,20531734,Norah Molina,0.0478257892580019,4788.834900265335,81,0.0609049628674226,4753.854856546777,78,0.0478257892580019,4788.834900265335,81,-0.013079173609420701,34.98004371855768,3,0.013079173609420701,34.98004371855768,3,False
2025-11-01,251101.0,SPDC 435,20533269,Elizaveta Gallagher,0.3069065551949027,3695.834519987805,20,0.3294092954636907,3634.42714763848,19,0.3069065551949027,3695.834519987805,20,-0.022502740268788013,61.40737234932476,1,0.022502740268788013,61.40737234932476,1,False
2025-11-01,251101.0,SPDC 435,20563304,Jessica Derby,0.3599123968428187,3505.0351129576743,17,0.3871127078878906,3430.644322442943,18,0.3599123968428187,3505.0351129576743,17,-0.027200311045071868,74.39079051473118,-1,0.027200311045071868,74.39079051473118,1,False
2025-11-01,251101.0,SPDC 435,20696150,Tessa Melli,0.17479731105295,4217.808263070392,51,0.1749978138883768,4241.270992239086,51,0.17479731105295,4217.808263070392,51,-0.00020050283542680236,-23.46272916869384,0,0.00020050283542680236,23.46272916869384,0,False
2025-11-01,251101.0,SPDC 435,20720301,Melissa Martin,0.0405189215632913,4823.954433932948,82,0.0381486272953248,4863.275456952622,82,0.0405189215632913,4823.954433932948,82,0.002370294267966505,-39.32102301967461,0,0.002370294267966505,39.32102301967461,0,False
2025-11-01,251101.0,SPDC 435,20720304,Lisa George,0.0829591265921368,4623.508389874272,72,0.0881595585549257,4626.040145383345,71,0.0829591265921368,4623.508389874272,72,-0.005200431962788896,-2.5317555090723545,1,0.005200431962788896,2.5317555090723545,1,False
2025-11-01,251101.0,SPDC 435,20736847,Stephanie Vargas,-0.2707970994373037,6585.761925175162,130,-0.2800251471562862,6685.131944052333,130,-0.2707970994373037,6585.761925175162,130,0.009228047718982502,-99.37001887717088,0,0.009228047718982502,99.37001887717088,0,False
2025-11-01,251101.0,SPDC 435,20814175,Carolyn Canterman,0.0681134881583995,4692.659348764717,74,0.0750015540206043,4687.311825101682,73,0.0681134881583995,4692.659348764717,74,-0.0068880658622047924,5.347523663034735,1,0.0068880658622047924,5.347523663034735,1,False
2025-11-01,251101.0,SPDC 435,20866882,Stephanie Thompson,0.1151851921606223,4476.886123679343,64,0.1203325405564064,4479.57537682739,65,0.1151851921606223,4476.886123679343,64,-0.005147348395784096,-2.6892531480471007,-1,0.005147348395784096,2.6892531480471007,1,False
2025-11-01,251101.0,SPDC 435,21090776,Ashley Willard,0.0123075629087784,4961.98256883748,87,-0.017866240635267,5143.4653307632525,93,0.0123075629087784,4961.98256883748,87,0.0301738035440454,-181.48276192577214,-6,0.0301738035440454,181.48276192577214,6,False
2025-11-01,251101.0,SPDC 435,21111122,Deanna OMara,-0.0906013707832039,5499.814178963318,110,-0.0845979435773968,5498.408815510258,109,-0.0906013707832039,5499.814178963318,110,-0.006003427205807099,1.4053634530600903,1,0.006003427205807099,1.4053634530600903,1,False
2025-11-01,251101.0,SPDC 435,21178939,Karen Brownlow,-0.1611546150463403,5901.859969434235,120,-0.1896955467871559,6107.737117116205,122,-0.1611546150463403,5901.859969434235,120,0.028540931740815595,-205.8771476819702,-2,0.028540931740815595,205.8771476819702,2,False
2025-11-01,251101.0,SPDC 435,21187349,Alison Filley,0.2055901365043262,4089.909320316275,44,0.2304343796351977,4012.547879207992,37,0.2055901365043262,4089.909320316275,44,-0.024844243130871496,77.36144110828309,7,0.024844243130871496,77.36144110828309,7,False
2025-11-01,251101.0,SPDC 435,21259768,Melissa Germait,0.2664426298460352,3848.44936717018,27,0.2789068829398968,3822.6882962937743,27,0.2664426298460352,3848.44936717018,27,-0.012464253093861621,25.761070876405483,0,0.012464253093861621,25.761070876405483,0,False
2025-11-01,251101.0,SPDC 435,21394027,Elizabeth Tashiro,0.2119352695412044,4064.040459044754,39,0.2283405429766699,4020.958301003596,38,0.2119352695412044,4064.040459044754,39,-0.016405273435465495,43.08215804115798,1,0.016405273435465495,43.08215804115798,1,False
2025-11-01,251101.0,SPDC 435,21412436,Iryna Shvydchenko,0.5592684080726925,2871.52867450149,3,0.5746668775605799,2843.949977413398,3,0.5592684080726925,2871.52867450149,3,-0.015398469487887367,27.578697088092213,0,0.015398469487887367,27.578697088092213,0,False
2025-11-01,251101.0,SPDC 435,21428556,Caryn Knill,0.5864224221554232,2794.604274125448,1,0.5933398096568069,2791.337832819429,2,0.5864224221554232,2794.604274125448,1,-0.006917387501383709,3.2664413060188053,-1,0.006917387501383709,3.2664413060188053,1,False
2025-11-01,251101.0,SPDC 435,21550393,Sarah Eggerichs,0.0841462189493341,4618.023114809417,71,0.1171579282672459,4493.818888720462,67,0.0841462189493341,4618.023114809417,71,-0.033011709317911794,124.20422608895478,4,0.033011709317911794,124.20422608895478,4,False
2025-11-01,251101.0,SPDC 435,21583590,Lindsay Wang,0.4091719676171193,3336.5621070658567,12,0.4179601994189388,3326.4331410632903,13,0.4091719676171193,3336.5621070658567,12,-0.00878823180181948,10.128966002566358,-1,0.00878823180181948,10.128966002566358,1,False
2025-11-01,251101.0,SPDC 435,21594891,Kinsey Keltz,0.2071943696783258,4083.353412114689,41,0.2162463707595125,4069.883723059412,41,0.2071943696783258,4083.353412114689,41,-0.0090520010811867,13.469689055276831,0,0.0090520010811867,13.469689055276831,0,False
2025-11-01,251101.0,SPDC 435,21606421,Robin Patrick,0.0673133207579651,4696.415764477216,75,0.0397693100562264,4855.400013779329,81,0.0673133207579651,4696.415764477216,75,0.027544010701738703,-158.9842493021133,-6,0.027544010701738703,158.9842493021133,6,False
2025-11-01,251101.0,SPDC 435,21696301,Mary Beth Harris,0.2081188156543218,4079.580316764408,40,0.2336313192510022,3999.740489067173,36,0.2081188156543218,4079.580316764408,40,-0.02551250359668039,79.83982769723525,4,0.02551250359668039,79.83982769723525,4,False
2025-11-01,251101.0,SPDC 435,21858254,Kara Bingham,0.2364499737253144,3965.622975927713,34,0.2484317485984937,3940.978536275567,33,0.2364499737253144,3965.622975927713,34,-0.011981774873179307,24.644439652146048,1,0.011981774873179307,24.644439652146048,1,False
2025-11-01,251101.0,SPDC 435,21892775,Andrea Reynolds,0.2571081856486905,3884.54068718243,29,0.2918377577395133,3773.575810567966,25,0.2571081856486905,3884.54068718243,29,-0.034729572090822836,110.96487661446372,4,0.034729572090822836,110.96487661446372,4,False
2025-11-01,251101.0,SPDC 435,21896723,Tricia Marotz,-0.0914942382410854,5504.726976980463,111,-0.0851579289305757,5501.488706179085,110,-0.0914942382410854,5504.726976980463,111,-0.0063363093105097,3.2382708013783486,1,0.0063363093105097,3.2382708013783486,1,False
2025-11-01,251101.0,SPDC 435,21900482,Hiromi Kimura,0.1614313006791529,4274.561972484231,53,0.1640595851467195,4287.917635248232,55,0.1614313006791529,4274.561972484231,53,-0.002628284467566605,-13.355662764000954,-2,0.002628284467566605,13.355662764000954,2,False
2025-11-01,251101.0,SPDC 435,21916237,Katie Greenfield,-0.3750610524804006,7309.493536594349,136,-0.3689147520695862,7306.58175778164,135,-0.3750610524804006,7309.493536594349,136,-0.0061463004108144315,2.911778812709599,1,0.0061463004108144315,2.911778812709599,1,False
2025-11-01,251101.0,SPDC 435,21922205,Maria Seitz,0.0903737253994728,4589.353708186674,70,0.1336783032342988,4420.189185392998,61,0.0903737253994728,4589.353708186674,70,-0.043304577834826,169.16452279367604,9,0.043304577834826,169.16452279367604,9,False
2025-11-01,251101.0,SPDC 435,21925090,Emma Pan,0.5823569531316614,2805.9887772276466,2,0.6124772433037972,2738.4266967791336,1,0.5823569531316614,2805.9887772276466,2,-0.0301202901721358,67.56208044851292,1,0.0301202901721358,67.56208044851292,1,False
2025-11-01,251101.0,SPDC 435,21925467,Ameenah Saafir,-0.0709863429254414,5392.986311568368,106,-0.0695786207754626,5416.443511101564,106,-0.0709863429254414,5392.986311568368,106,-0.0014077221499787934,-23.457199533195308,0,0.0014077221499787934,23.457199533195308,0,False
2025-11-01,251101.0,SPDC 435,21926468,Meredith Yeager,0.1449834523333304,4345.450704982931,57,0.1735122041387854,4247.576548413967,52,0.1449834523333304,4345.450704982931,57,-0.028528751805455,97.87415656896337,5,0.028528751805455,97.87415656896337,5,False
2025-11-01,251101.0,SPDC 435,21926492,Michelle Philo,-0.0328768761559883,5191.329403032129,96,-0.0463415408913969,5292.032255747058,100,-0.0328768761559883,5191.329403032129,96,0.013464664735408603,-100.70285271492867,-4,0.013464664735408603,100.70285271492867,4,False
2025-11-01,251101.0,SPDC 435,21927072,Katie Graham,-0.2913538113302334,6722.544620142126,131,-0.284500721156274,6715.118800911123,131,-0.2913538113302334,6722.544620142126,131,-0.0068530901739594086,7.425819231003516,0,0.0068530901739594086,7.425819231003516,0,False
2025-11-01,251101.0,SPDC 435,21927536,Skye Vandeleest,0.4388203665005104,3239.090461842308,9,0.447467671372755,3229.7125167144154,9,0.4388203665005104,3239.090461842308,9,-0.008647304872244632,9.377945127892417,0,0.008647304872244632,9.377945127892417,0,False
2025-11-01,251101.0,SPDC 435,21927541,Chloe Glikbarg,0.3981101917492574,3373.675299733932,13,0.422816279207937,3310.318874067206,12,0.3981101917492574,3373.675299733932,13,-0.024706087458679638,63.35642566672641,1,0.024706087458679638,63.35642566672641,1,False
2025-11-01,251101.0,SPDC 435,21935425,Arlyn Purcell,-0.1980600662420634,6123.739880590218,123,-0.1921166636905952,6122.5425783361925,123,-0.1980600662420634,6123.739880590218,123,-0.005943402551468191,1.1973022540250895,0,0.005943402551468191,1.1973022540250895,0,False
2025-11-01,251101.0,SPDC 435,21942386,Megan Bailey,0.2063911571890046,4086.63453011469,43,0.2099782173172956,4095.474498392902,43,0.2063911571890046,4086.63453011469,43,-0.003587060128290992,-8.839968278212382,0,0.003587060128290992,8.839968278212382,0,False
2025-11-01,251101.0,SPDC 435,21966640,Cindy Markison,0.1129385346910554,4486.955460269248,65,0.1181819785811331,4489.219347559661,66,0.1129385346910554,4486.955460269248,65,-0.0052434438900776925,-2.2638872904135496,-1,0.0052434438900776925,2.2638872904135496,1,False
2025-11-01,251101.0,SPDC 435,21968495,Jennifer Morrow,0.0911671805704466,4585.713706035725,69,0.1087044015213482,4531.968529203004,69,0.0911671805704466,4585.713706035725,69,-0.017537220950901614,53.74517683272097,0,0.017537220950901614,53.74517683272097,0,False
2025-11-01,251101.0,SPDC 435,21968784,Cindy Grimley-Beason,-0.3227875118813111,6937.215346688227,133,-0.3289351641286662,7020.229885064302,134,-0.3227875118813111,6937.215346688227,133,0.006147652247355084,-83.0145383760746,-1,0.006147652247355084,83.0145383760746,1,False
2025-11-01,251101.0,SPDC 435,21979616,Jennifer McCarthy,-0.0499169847651212,5280.548210140425,99,-0.0439039313820424,5279.148057298723,98,-0.0499169847651212,5280.548210140425,99,-0.006013053383078802,1.4001528417020381,1,0.006013053383078802,1.4001528417020381,1,False
2025-11-01,251101.0,SPDC 435,22035202,Rebecca Streitz,0.4155109141161506,3315.4787122325306,10,0.4251771635534737,3302.512812288981,11,0.4155109141161506,3315.4787122325306,10,-0.009666249437323082,12.96589994354963,-1,0.009666249437323082,12.96589994354963,1,False
2025-11-01,251101.0,SPDC 435,22035203,Jessica Streitz,0.4507278097139272,3200.749898162898,8,0.4681522052536648,3163.5935956660337,8,0.4507278097139272,3200.749898162898,8,-0.017424395539737625,37.1563024968641,0,0.017424395539737625,37.1563024968641,0,False
2025-11-01,251101.0,SPDC 435,22048522,CHARESE GAINOR,0.2761826637588859,3811.14729643711,25,0.2944341769519277,3763.7907344108553,24,0.2761826637588859,3811.14729643711,25,-0.018251513193041802,47.35656202625478,1,0.018251513193041802,47.35656202625478,1,False
2025-11-01,251101.0,SPDC 435,22065952,Jodie Morse,0.0616471289404538,4723.102090576191,78,0.0605834768290737,4755.38340020105,79,0.0616471289404538,4723.102090576191,78,0.0010636521113800979,-32.281309624859205,-1,0.0010636521113800979,32.281309624859205,1,False
2025-11-01,251101.0,SPDC 435,22207268,Sarah Proctor,0.1822124504363781,4186.6482974269575,49,0.1805468807342423,4217.801074287568,50,0.1822124504363781,4186.6482974269575,49,0.0016655697021357996,-31.152776860610174,-1,0.0016655697021357996,31.152776860610174,1,False
2025-11-01,251101.0,SPDC 435,22226725,Greta Block,0.117542726288477,4466.344143278199,63,0.1233820208561368,4465.93580733373,64,0.117542726288477,4466.344143278199,63,-0.005839294567659789,0.4083359444693997,-1,0.005839294567659789,0.4083359444693997,1,False
2025-11-01,251101.0,SPDC 435,22233683,Chris Morrissey,-0.1689859428792954,5948.260822680209,122,-0.1599228106498463,5928.5734027951785,120,-0.1689859428792954,5948.260822680209,122,-0.0090631322294491,19.687419885030067,2,0.0090631322294491,19.687419885030067,2,False
2025-11-01,251101.0,SPDC 435,22250420,Julie Headlee,-0.6952959868865489,10068.471645046318,139,-0.6905070005282461,10078.13072059914,139,-0.6952959868865489,10068.471645046318,139,-0.004788986358302827,-9.659075552821378,0,0.004788986358302827,9.659075552821378,0,False
2025-11-01,251101.0,SPDC 435,22344218,Amanda Van Straten,0.1857686853443164,4171.786035115752,47,0.1907162719026707,4175.125963017661,47,0.1857686853443164,4171.786035115752,47,-0.004947586558354311,-3.3399279019085952,0,0.004947586558354311,3.3399279019085952,0,False
2025-11-01,251101.0,SPDC 435,22386336,Jodi Green,0.0236955653114586,4905.796032843705,84,0.0149990579637543,4977.171424234519,85,0.0236955653114586,4905.796032843705,84,0.0086965073477043,-71.375391390814,-1,0.0086965073477043,71.375391390814,1,False
2025-11-01,251101.0,SPDC 435,22389912,Tazia Statucki,0.1402243375549126,4366.180492244325,59,0.1674342975312531,4273.471535926018,54,0.1402243375549126,4366.180492244325,59,-0.027209959976340514,92.70895631830717,5,0.027209959976340514,92.70895631830717,5,False
2025-11-01,251101.0,SPDC 435,22423946,Jennifer Sipple,0.5110208159618498,3013.469640160891,4,0.525413655373866,2987.530556012111,4,0.5110208159618498,3013.469640160891,4,-0.01439283941201619,25.939084148779784,0,0.01439283941201619,25.939084148779784,0,False
2025-11-01,251101.0,SPDC 435,22451266,Kendelle Leckie,-0.2669946031253622,6560.767141146983,129,-0.2610636063290481,6559.5657679963015,129,-0.2669946031253622,6560.767141146983,129,-0.005930996796314092,1.2013731506813201,0,0.005930996796314092,1.2013731506813201,0,False
2025-11-01,251101.0,SPDC 435,22477087,Toni MacReynolds,0.2153176095326784,4050.31771305204,37,0.2101907703062027,4094.604085554977,42,0.2153176095326784,4050.31771305204,37,0.0051268392264756935,-44.286372502936956,-5,0.0051268392264756935,44.286372502936956,5,False
2025-11-01,251101.0,SPDC 435,22477088,Samantha Saake,0.3017393550761664,3714.9810609617457,23,0.3231135800729749,3657.380645096496,21,0.3017393550761664,3714.9810609617457,23,-0.021374224996808522,57.60041586524949,2,0.021374224996808522,57.60041586524949,2,False
2025-11-01,251101.0,SPDC 435,22477750,Jessica Norris,0.1777836459261617,4205.23126407822,50,0.1837746524619777,4204.208923208087,49,0.1777836459261617,4205.23126407822,50,-0.005991006535815996,1.022340870133121,1,0.005991006535815996,1.022340870133121,1,False
2025-11-01,251101.0,SPDC 435,22489256,Alyssa Graham,0.0957197204904067,4564.884510175139,68,0.083225583301771,4648.921314122466,72,0.0957197204904067,4564.884510175139,68,0.012494137188635693,-84.03680394732692,-4,0.012494137188635693,84.03680394732692,4,False
2025-11-01,251101.0,SPDC 435,22490366,Alicia Gould,-0.0887286515783402,5489.52420944626,109,-0.1096367272301456,5637.820348394072,116,-0.0887286515783402,5489.52420944626,109,0.0209080756518054,-148.29613894781232,-7,0.0209080756518054,148.29613894781232,7,False
2025-11-01,251101.0,SPDC 435,22549301,Jenevieve Parker,-0.0338829186248175,5196.554728890401,97,-0.0403918250835739,5260.639648929873,97,-0.0338829186248175,5196.554728890401,97,0.006508906458756396,-64.08492003947231,0,0.006508906458756396,64.08492003947231,0,False
2025-11-01,251101.0,SPDC 435,22549913,Sabrina Monserate-Lindsay,0.2714288656063581,3829.307853023856,26,0.2604188895520651,3894.019485745316,31,0.2714288656063581,3829.307853023856,26,0.011009976054292991,-64.71163272146032,-5,0.011009976054292991,64.71163272146032,5,False
2025-11-01,251101.0,SPDC 435,22557667,Angela Morford,0.1203967833042009,4453.615115767077,62,0.1278354632574893,4446.091240563527,63,0.1203967833042009,4453.615115767077,62,-0.007438679953288396,7.523875203550233,-1,0.007438679953288396,7.523875203550233,1,False
2025-11-01,251101.0,SPDC 435,22609934,Christine Parsons,0.2590210242840597,3877.117289819449,28,0.2755097454361196,3835.696577019303,28,0.2590210242840597,3877.117289819449,28,-0.016488721152059904,41.42071280014625,0,0.016488721152059904,41.42071280014625,0,False
2025-11-01,251101.0,SPDC 435,22629662,Kate Amey,-0.4047604927054837,7529.837249356302,137,-0.4131137003009946,7636.76818183192,137,-0.4047604927054837,7529.837249356302,137,0.008353207595510892,-106.93093247561774,0,0.008353207595510892,106.93093247561774,0,False
2025-11-01,251101.0,SPDC 435,22638087,Karen Bell,-0.0165668640226583,5107.345508400976,93,-0.0115080186794508,5110.865783970336,90,-0.0165668640226583,5107.345508400976,93,-0.0050588453432075,-3.5202755693608196,3,0.0050588453432075,3.5202755693608196,3,False
2025-11-01,251101.0,SPDC 435,22640026,Leslie Richardson,0.359752314962153,3505.596250483137,18,0.3933394059604631,3409.349104303973,16,0.359752314962153,3505.596250483137,18,-0.03358709099831009,96.24714617916379,2,0.03358709099831009,96.24714617916379,2,False
2025-11-01,251101.0,SPDC 435,22654912,Karen Wells,0.0737685251512914,4666.197079628538,73,0.0574150133624389,4770.474554034014,80,0.0737685251512914,4666.197079628538,73,0.0163535117888525,-104.27747440547591,-7,0.0163535117888525,104.27747440547591,7,False
2025-11-01,251101.0,SPDC 435,22673646,Gloria Johnston,-0.4415451020631053,7811.976753788955,138,-0.4295190690410441,7763.085487795305,138,-0.4415451020631053,7811.976753788955,138,-0.012026033022061233,48.89126599364954,0,0.012026033022061233,48.89126599364954,0,False
2025-11-01,251101.0,SPDC 435,22682522,Marjorie No Last Name,-0.0627067190418313,5348.518754650943,104,-0.0568132479515543,5347.740036000257,103,-0.0627067190418313,5348.518754650943,104,-0.0058934710902769985,0.7787186506866419,1,0.0058934710902769985,0.7787186506866419,1,False
2025-11-01,251101.0,SPDC 435,22684893,Ellen Leader,-0.2125594637975885,6213.177246728009,125,-0.206650536659616,6212.176621512207,125,-0.2125594637975885,6213.177246728009,125,-0.005908927137972503,1.000625215801847,0,0.005908927137972503,1.000625215801847,0,False
2025-11-01,251101.0,SPDC 435,22691193,Wendy Weigant,0.0182552315237665,4932.557931581189,86,0.0136516374240756,4983.882287403148,86,0.0182552315237665,4932.557931581189,86,0.004603594099690899,-51.324355821959216,0,0.004603594099690899,51.324355821959216,0,False
2025-11-01,251101.0,SPDC 435,22700663,Carter Lennon,0.1530338431485592,4310.6085631417245,56,0.1595514007506626,4307.291997408364,58,0.1530338431485592,4310.6085631417245,56,-0.006517557602103402,3.316565733360221,-2,0.006517557602103402,3.316565733360221,2,False
2025-11-01,251101.0,SPDC 435,22703189,Beatrice Endler,0.4687384341180627,3143.618425050377,6,0.4916721052997885,3090.0543978387177,5,0.4687384341180627,3143.618425050377,6,-0.02293367118172579,53.56402721165932,1,0.02293367118172579,53.56402721165932,1,False
2025-11-01,251101.0,SPDC 435,22703414,Heather Harris,-0.3721909285625037,7288.54446196818,135,-0.3875549419474672,7444.055113350523,136,-0.3721909285625037,7288.54446196818,135,0.015364013384963515,-155.51065138234299,-1,0.015364013384963515,155.51065138234299,1,False
2025-11-01,251101.0,SPDC 435,22704935,Samantha Nutter-Topel,-0.1010661292860123,5557.670604926479,115,-0.129512423388814,5750.996958815823,117,-0.1010661292860123,5557.670604926479,115,0.028446294102801695,-193.3263538893434,-2,0.028446294102801695,193.3263538893434,2,False
2025-11-01,251101.0,SPDC 435,22704976,Daniela Spano,-0.1130351379894293,5624.590093850778,117,-0.1066510789680936,5621.012902914579,115,-0.1130351379894293,5624.590093850778,117,-0.006384059021335695,3.5771909361992584,2,0.006384059021335695,3.5771909361992584,2,False
2025-11-01,251101.0,SPDC 435,22717065,Jose Salinas,-0.2545470138584239,6479.607574890213,128,-0.2498534103513478,6486.442379738813,128,-0.2545470138584239,6479.607574890213,128,-0.004693603507076066,-6.8348048485995605,0,0.004693603507076066,6.8348048485995605,0,False
2025-11-01,251101.0,SPDC 435,22722527,June Huber,-0.067400062877449,5373.680191628439,105,-0.0614998936549148,5372.861821333733,105,-0.067400062877449,5373.680191628439,105,-0.005900169222534196,0.8183702947062557,0,0.005900169222534196,0.8183702947062557,0,False
2025-11-01,251101.0,SPDC 435,22729973,Ashley Tucker,0.1839575516812384,4179.348543528673,48,0.1841929047214777,4202.450871006826,48,0.1839575516812384,4179.348543528673,48,-0.0002353530402393056,-23.1023274781528,0,0.0002353530402393056,23.1023274781528,0,False
2025-11-01,251101.0,SPDC 435,22732244,Amber Whitear,0.2531630319555784,3899.896066970923,30,0.2720758374028202,3848.890646954733,29,0.2531630319555784,3899.896066970923,30,-0.01891280544724183,51.00542001619033,1,0.01891280544724183,51.00542001619033,1,False
2025-11-01,251101.0,SPDC 435,22733821,Tara Mills,-0.3236426401773993,6943.15009295032,134,-0.3176236462044396,6941.26786099617,133,-0.3236426401773993,6943.15009295032,134,-0.006018993972959685,1.8822319541495744,1,0.006018993972959685,1.8822319541495744,1,False
2025-11-01,251101.0,SPDC 435,22737556,Miranda Mann,0.0289744812477164,4879.966982659592,83,0.0314381606141149,4896.020047735789,83,0.0289744812477164,4879.966982659592,83,-0.002463679366398498,-16.053065076197527,0,0.002463679366398498,16.053065076197527,0,False
2025-11-01,251101.0,SPDC 435,22755028,Jarom Chung,0.3056314759960408,3700.55000737774,21,0.3137400003709392,3691.8245733291983,22,0.3056314759960408,3700.55000737774,21,-0.008108524374898396,8.725434048541501,-1,0.008108524374898396,8.725434048541501,1,False
2025-11-01,251101.0,SPDC 435,22797552,Melissa McCarthy,0.0076841624411482,4984.976916445101,88,0.013316378935562,4985.553456366892,87,0.0076841624411482,4984.976916445101,88,-0.0056322164944138,-0.5765399217907543,1,0.0056322164944138,0.5765399217907543,1,False
2025-11-01,251101.0,SPDC 435,22814478,Irene Ho,0.1577669050225662,4290.2543928690175,54,0.1636920357908254,4289.493946281505,56,0.1577669050225662,4290.2543928690175,54,-0.005925130768259179,0.7604465875128881,-2,0.005925130768259179,0.7604465875128881,2,False
2025-11-01,251101.0,SPDC 435,22816351,Michelle Malcom,0.0048663862175954,4999.043274492773,90,0.0104150097659884,5000.039391819896,89,0.0048663862175954,4999.043274492773,90,-0.005548623548393,-0.9961173271231019,1,0.005548623548393,0.9961173271231019,1,False
2025-11-01,251101.0,SPDC 435,22817937,J.D. Armstrong,0.0049508294859584,4998.621156762735,89,-0.0148811472042295,5128.134499557524,91,0.0049508294859584,4998.621156762735,89,0.0198319766901879,-129.5133427947885,-2,0.0198319766901879,129.5133427947885,2,False
2025-11-01,251101.0,SPDC 435,22825074,Katherine Wood,0.123310181401848,4440.658844513443,61,0.129956607909995,4436.670432884186,62,0.123310181401848,4440.658844513443,61,-0.006646426508146994,3.988411629256916,-1,0.006646426508146994,3.988411629256916,1,False
2025-11-01,251101.0,SPDC 435,22830270,Dessa Burt,-0.1613790568801144,5903.184742370126,121,-0.1762779999472515,6026.333607221257,121,-0.1613790568801144,5903.184742370126,121,0.0148989430671371,-123.1488648511313,0,0.0148989430671371,123.1488648511313,0,False
2025-11-01,251101.0,SPDC 435,22838801,Bonnie Smith,0.1539774675791137,4306.5428861287455,55,0.1616938162470958,4298.073866344766,57,0.1539774675791137,4306.5428861287455,55,-0.007716348667982098,8.469019783979093,-2,0.007716348667982098,8.469019783979093,2,False
2025-11-01,251101.0,SPDC 435,22849486,Debra Svendson,-0.0561284307088863,5313.450128359144,102,-0.0519890411936704,5322.003561330353,102,-0.0561284307088863,5313.450128359144,102,-0.004139389515215898,-8.553432971208167,0,0.004139389515215898,8.553432971208167,0,False
2025-11-01,251101.0,SPDC 435,22858066,Olga Brezo Fernandez,-0.1464629027064969,5815.785380280444,118,-0.1405646100614669,5814.910592875164,118,-0.1464629027064969,5815.785380280444,118,-0.005898292645030001,0.874787405279676,0,0.005898292645030001,0.874787405279676,0,False
2025-11-01,251101.0,SPDC 435,22860511,Lydia Utkin,0.2413355797974677,3946.295755273613,32,0.2577626290972158,3904.376765442113,32,0.2413355797974677,3946.295755273613,32,-0.016427049299748114,41.91898983149986,0,0.016427049299748114,41.91898983149986,0,False
2025-11-01,251101.0,SPDC 435,22861788,Xin Li Phuah,0.3785262315008609,3440.3964221420288,15,0.3883495938759715,3426.403629717776,17,0.3785262315008609,3440.3964221420288,15,-0.009823362375110611,13.992792424252912,-2,0.009823362375110611,13.992792424252912,2,False
2025-11-01,251101.0,SPDC 435,23741633,Kim Knaub,0.4645603629265716,3156.7801628215866,7,0.4855002224959063,3109.1848260938505,6,0.4645603629265716,3156.7801628215866,7,-0.020939859569334696,47.59533672773614,1,0.020939859569334696,47.59533672773614,1,False
2025-11-01,251101.0,SPDC 435,23749445,Michaela Yaman,-0.0918642916193283,5506.76439674839,112,-0.0854446612878808,5503.066387179779,111,-0.0918642916193283,5506.76439674839,112,-0.006419630331447504,3.698009568611269,1,0.006419630331447504,3.698009568611269,1,False
2025-11-01,251101.0,SPDC 435,23749556,Audrey Nelson,0.1097825165905188,4501.138742493217,66,0.1156941247622229,4500.4017734101135,68,0.1097825165905188,4501.138742493217,66,-0.005911608171704108,0.7369690831037587,-2,0.005911608171704108,0.7369690831037587,2,False
2025-11-01,251101.0,SPDC 435,23750128,Jasmine Lambert,0.4722288192146966,3132.6651129089582,5,0.484215985212353,3113.180322202375,7,0.4722288192146966,3132.6651129089582,5,-0.011987165997656368,19.484790706583226,-2,0.011987165997656368,19.484790706583226,2,False
2025-11-01,251101.0,SPDC 435,23764458,Megan Banks,0.1900712867051037,4153.875062363234,46,0.1950326917583866,4157.143204898322,46,0.1900712867051037,4153.875062363234,46,-0.004961405053282908,-3.268142535088373,0,0.004961405053282908,3.268142535088373,0,False
2025-11-01,251101.0,SPDC 435,23764496,Marie Mogni,-0.2010728455807941,6142.217177611284,124,-0.1946773451213921,6138.240549599811,124,-0.2010728455807941,6142.217177611284,124,-0.006395500459402015,3.9766280114727124,0,0.006395500459402015,3.9766280114727124,0,False
2025-11-01,251101.0,SPDC 435,23848490,Ryder Jackson,0.2301297429321711,3990.765999534736,35,0.2365162819477532,3988.218015903953,34,0.2301297429321711,3990.765999534736,35,-0.0063865390155821156,2.54798363078271,1,0.0063865390155821156,2.54798363078271,1,False
2025-11-01,251101.0,SPDC 435,23848898,Nikki Hall,0.0630279554241273,4716.584806778995,77,0.0682389118283737,4719.117863029041,75,0.0630279554241273,4716.584806778995,77,-0.005210956404246403,-2.5330562500457745,2,0.005210956404246403,2.5330562500457745,2,False
2025-11-01,251101.0,SPDC 435,23855343,Elizabeth Winters,0.1415236103538927,4360.511316395812,58,0.1475644938365705,4359.23379443541,59,0.1415236103538927,4360.511316395812,58,-0.006040883482677811,1.2775219604018275,-1,0.006040883482677811,1.2775219604018275,1,False
2025-11-01,251101.0,SPDC 435,23887819,Chris Viox,0.4101445530313921,3333.318592979632,11,0.416173620712999,3332.381387602981,14,0.4101445530313921,3333.318592979632,11,-0.006029067681606937,0.9372053766510362,-3,0.006029067681606937,0.9372053766510362,3,False
2025-11-01,251101.0,SPDC 435,23973497,Erin Manthey,-0.1524596980419602,5850.766236608558,119,-0.146419786005851,5849.057788861678,119,-0.1524596980419602,5850.766236608558,119,-0.00603991203610918,1.7084477468797559,0,0.00603991203610918,1.7084477468797559,0,False
2025-11-01,251101.0,SPDC 435,23987651,Jill Gregerson,-0.1023473994458746,5564.796046263807,116,-0.0964371562782927,5563.892519859844,113,-0.1023473994458746,5564.796046263807,116,-0.005910243167581902,0.903526403963042,3,0.005910243167581902,0.903526403963042,3,False
2025-11-01,251101.0,SPDC 435,23994944,Cassie VonRueden,0.099175536660194,4549.1363355428575,67,0.1051062729888672,4548.304506324423,70,0.099175536660194,4549.1363355428575,67,-0.005930736328673192,0.8318292184349048,-3,0.005930736328673192,0.8318292184349048,3,False
2025-11-01,251101.0,SPDC 435,24004029,Sara Feyereisen,0.0045848244915214,5000.451011919042,91,0.0107271384850849,4998.478979466517,88,0.0045848244915214,5000.451011919042,91,-0.0061423139935635,1.9720324525251272,3,0.0061423139935635,1.9720324525251272,3,False
2025-11-01,251101.0,SPDC 435,24005690,Hannah Bevis,-0.053363396900341,5298.7785521638325,101,-0.0468404349888487,5294.673078093535,101,-0.053363396900341,5298.7785521638325,101,-0.006522961911492299,4.105474070297532,0,0.006522961911492299,4.105474070297532,0,False
2025-11-01,251101.0,SPDC 435,24098345,Erin Bahr,-0.0224220952262898,5137.337917747432,94,-0.016477822387827,5136.329004891867,92,-0.0224220952262898,5137.337917747432,94,-0.0059442728384628,1.0089128555646312,2,0.0059442728384628,1.0089128555646312,2,False
2025-11-01,251101.0,SPDC 435,24098367,Stephanie Klenzing,-0.0810211959457772,5447.376579300433,107,-0.0746037347671177,5443.730259264331,107,-0.0810211959457772,5447.376579300433,107,-0.006417461178659503,3.6463200361022245,0,0.006417461178659503,3.6463200361022245,0,False
2025-11-01,251101.0,SPDC 435,24101904,Stefanie Haney,-0.0454314482586637,5256.915161445885,98,-0.0397294409932237,5257.156238726466,96,-0.0454314482586637,5256.915161445885,98,-0.005702007265439998,-0.24107728058061184,2,0.005702007265439998,0.24107728058061184,2,False
2025-11-01,251101.0,SPDC 435,24108436,Nicole Norstrud,-0.0507987375633515,5285.206401685816,100,-0.045563671027263,5287.917343975706,99,-0.0507987375633515,5285.206401685816,100,-0.0052350665360885035,-2.7109422898902267,1,0.0052350665360885035,2.7109422898902267,1,False
2025-11-01,251101.0,SPDC 435,24126099,Nicole Pichette,0.2847593435015761,3778.600079663404,24,0.2905986380692358,3778.25462078635,26,0.2847593435015761,3778.600079663404,24,-0.005839294567659692,0.3454588770537157,-2,0.005839294567659692,0.3454588770537157,2,False
2025-11-01,251101.0,SPDC 435,24137527,Cassiday Van Dyke,0.0201975147475235,4922.98680498867,85,0.0254157539182358,4925.594837973589,84,0.0201975147475235,4922.98680498867,85,-0.005218239170712298,-2.608032984919191,1,0.005218239170712298,2.608032984919191,1,False
2025-11-01,251101.0,SPDC 435,24144931,Rebecca Simons,0.0588670863347975,4736.25078411452,79,0.0648490504394833,4735.142163195946,76,0.0588670863347975,4736.25078411452,79,-0.005981964104685801,1.108620918574161,3,0.005981964104685801,1.108620918574161,3,False
2025-11-01,251101.0,SPDC 435,24189141,Susan Adams,-0.2385739305836886,6376.930481462377,127,-0.2341135575684926,6385.146017789311,127,-0.2385739305836886,6376.930481462377,127,-0.004460373015196001,-8.215536326933943,0,0.004460373015196001,8.215536326933943,0,False
2025-11-01,251101.0,SPDC 435,24207911,Kristina Key,-0.0996405223208151,5549.753195899465,114,-0.0991375526272531,5578.937539522029,114,-0.0996405223208151,5549.753195899465,114,-0.0005029696935620054,-29.184343622563574,0,0.0005029696935620054,29.184343622563574,0,False
2025-11-01,251101.0,SPDC 435,24244256,Kelsie Foster,0.2150775462446164,4051.290162359952,38,0.2196834568617387,4055.919194667996,40,0.2150775462446164,4051.290162359952,38,-0.004605910617122316,-4.629032308044316,-2,0.004605910617122316,4.629032308044316,2,False
2025-11-01,251101.0,SPDC 435,24244451,Cherie Giannandrea,-0.3058884714547917,6820.96806431407,132,-0.3023014113265007,6835.722782621005,132,-0.3058884714547917,6820.96806431407,132,-0.0035870601282910197,-14.754718306934592,0,0.0035870601282910197,14.754718306934592,0,False
2025-11-01,251101.0,SPDC 435,24261980,Joanne Johnson,-0.233303585624015,6343.410267176994,126,-0.233303585624015,6379.976322590171,126,-0.233303585624015,6343.410267176994,126,0.0,-36.5660554131764,0,0.0,36.5660554131764,0,False
2025-11-01,251101.0,SPDC 435,24337113,Shay Gibson,-0.0941495003456031,5519.36289241486,113,-0.0898128347120464,5527.157313890148,112,-0.0941495003456031,5519.36289241486,113,-0.004336665633556697,-7.794421475287891,1,0.004336665633556697,7.794421475287891,1,False
2025-11-01,251101.0,SPDC 435,24471543,Paula Marques-Roberts,-0.0625700466992201,5347.787810014341,103,-0.0582314754733745,5355.329728782301,104,-0.0625700466992201,5347.787810014341,103,-0.0043385712258456055,-7.541918767959942,-1,0.0043385712258456055,7.541918767959942,1,False
2025-11-01,251101.0,SPDC 435,24490623,Teresa Osterman,-0.0839155055258852,5463.165811961804,108,-0.0795805829185741,5470.890408049485,108,-0.0839155055258852,5463.165811961804,108,-0.004334922607311095,-7.724596087680766,0,0.004334922607311095,7.724596087680766,0,False
2025-11-01,251101.0,SPDC 435,24600486,Amber Eskridge,-0.0299980075472036,5176.40573971593,95,-0.0266808969298599,5189.003617135323,95,-0.0299980075472036,5176.40573971593,95,-0.0033171106173436986,-12.597877419392717,0,0.0033171106173436986,12.597877419392717,0,False
2025-11-01,251101.0,SPDC 435,24638757,Angella Caton,0.168457921829098,4244.631523033439,52,0.1729279420636787,4250.05897142451,53,0.168457921829098,4244.631523033439,52,-0.004470020234580707,-5.427448391070357,-1,0.004470020234580707,5.427448391070357,1,False
2025-11-08,251108.0,MN2025 - Minnesota Speed Puzzling Championship,17593434,Jonathan Cluff,0.129635346560419,4322.252174805642,19,0.135815693518912,4319.98805509638,19,0.129635346560419,4322.252174805642,19,-0.00618034695849301,2.264119709262559,0,0.00618034695849301,2.264119709262559,0,False
2025-11-08,251108.0,MN2025 - Minnesota Speed Puzzling Championship,17731892,Noelle Marshall,0.0813119061833373,4536.247114944683,23,0.089055897248417,4526.78707776562,23,0.0813119061833373,4536.247114944683,23,-0.007743991065079697,9.460037179062965,0,0.007743991065079697,9.460037179062965,0,False
2025-11-08,251108.0,MN2025 - Minnesota Speed Puzzling Championship,17731928,Kara Taylor,0.2664940777976649,3769.407668211879,11,0.2613390975049359,3810.381187102075,12,0.2664940777976649,3769.407668211879,11,0.005154980292728983,-40.97351889019592,-1,0.005154980292728983,40.97351889019592,1,False
2025-11-08,251108.0,MN2025 - Minnesota Speed Puzzling Championship,17731998,Liz Walters,0.3595821170357685,3434.3573957225144,6,0.3925045852462547,3341.9810018790618,5,0.3595821170357685,3434.3573957225144,6,-0.03292246821048622,92.37639384345266,1,0.03292246821048622,92.37639384345266,1,False
2025-11-08,251108.0,MN2025 - Minnesota Speed Puzzling Championship,17915498,Melynda Owens,0.2559002245669126,3809.5524885301857,12,0.2656496587605259,3793.991655006674,11,0.2559002245669126,3809.5524885301857,12,-0.009749434193613293,15.56083352351152,1,0.009749434193613293,15.56083352351152,1,False
2025-11-08,251108.0,MN2025 - Minnesota Speed Puzzling Championship,18141625,Andrea Kyle,0.4991499582045083,2986.977455074496,3,0.5390223011994904,2886.503850676645,3,0.4991499582045083,2986.977455074496,3,-0.039872342994982046,100.47360439785098,0,0.039872342994982046,100.47360439785098,0,False
2025-11-08,251108.0,MN2025 - Minnesota Speed Puzzling Championship,18475588,Dawne Rasmusson,0.5400673323695881,2867.224868939501,2,0.5807244866212092,2768.60572229905,2,0.5400673323695881,2867.224868939501,2,-0.040657154251621086,98.61914664045116,0,0.040657154251621086,98.61914664045116,0,False
2025-11-08,251108.0,MN2025 - Minnesota Speed Puzzling Championship,18497651,Lisa Schuler,-0.2217946689173359,6142.345169381096,35,-0.2429179707189869,6309.0575135946965,35,-0.2217946689173359,6142.345169381096,35,0.021123301801651007,-166.71234421360077,0,0.021123301801651007,166.71234421360077,0,False
2025-11-08,251108.0,MN2025 - Minnesota Speed Puzzling Championship,18846642,Heather Mueller,0.3390189984259416,3505.7095918282766,7,0.3443872699102136,3506.719765700743,8,0.3390189984259416,3505.7095918282766,7,-0.005368271484272047,-1.0101738724665665,-1,0.005368271484272047,1.0101738724665665,1,False
2025-11-08,251108.0,MN2025 - Minnesota Speed Puzzling Championship,19556372,Katie Everson,-0.0709836851594495,5282.479738374004,27,-0.0777440361270162,5348.479777948552,27,-0.0709836851594495,5282.479738374004,27,0.006760350967566706,-66.00003957454737,0,0.006760350967566706,66.00003957454737,0,False
2025-11-08,251108.0,MN2025 - Minnesota Speed Puzzling Championship,20563304,Jessica Derby,0.3674638413465136,3407.395131688873,5,0.3873100564551331,3359.386185138303,6,0.3674638413465136,3407.395131688873,5,-0.019846215108619503,48.00894655056982,-1,0.019846215108619503,48.00894655056982,1,False
2025-11-08,251108.0,MN2025 - Minnesota Speed Puzzling Championship,21113122,Jeremy Seidling,0.2672234545281477,3766.659352371632,10,0.2824080575132805,3730.940226108502,10,0.2672234545281477,3766.659352371632,10,-0.0151846029851328,35.719126263129965,0,0.0151846029851328,35.719126263129965,0,False
2025-11-08,251108.0,MN2025 - Minnesota Speed Puzzling Championship,21198876,Angie Gazdic,0.3119167382474328,3602.02148501077,9,0.3246959187880882,3576.4561645127496,9,0.3119167382474328,3602.02148501077,9,-0.012779180540655355,25.565320498020355,0,0.012779180540655355,25.565320498020355,0,False
2025-11-08,251108.0,MN2025 - Minnesota Speed Puzzling Championship,21576268,Lauren Kautz,0.6379639179751316,2599.835130714171,1,0.684497466769208,2495.7040255725888,1,0.6379639179751316,2599.835130714171,1,-0.04653354879407634,104.13110514158234,0,0.04653354879407634,104.13110514158234,0,False
2025-11-08,251108.0,MN2025 - Minnesota Speed Puzzling Championship,21594891,Kinsey Keltz,0.2118408219033218,3981.151614521512,14,0.2203727644679049,3969.720012046741,14,0.2118408219033218,3981.151614521512,14,-0.008531942564583117,11.431602474770898,0,0.008531942564583117,11.431602474770898,0,False
2025-11-08,251108.0,MN2025 - Minnesota Speed Puzzling Championship,21922408,KaSaundra Olsen,-0.1955876140539371,5983.463397550831,34,-0.1891717883822596,5978.921013331582,34,-0.1955876140539371,5983.463397550831,34,-0.006415825671677505,4.54238421924947,0,0.006415825671677505,4.54238421924947,0,False
2025-11-08,251108.0,MN2025 - Minnesota Speed Puzzling Championship,21960422,Andrew Paul,0.2557618311491927,3810.0797420024255,13,0.2598972965047378,3815.878960904263,13,0.2557618311491927,3810.0797420024255,13,-0.004135465355545098,-5.799218901837321,0,0.004135465355545098,5.799218901837321,0,False
2025-11-08,251108.0,MN2025 - Minnesota Speed Puzzling Championship,21966640,Cindy Markison,0.1095005623239332,4410.16184090934,21,0.1148979003962135,4411.304410208613,21,0.1095005623239332,4410.16184090934,21,-0.005397338072280308,-1.1425692992734184,0,0.005397338072280308,1.1425692992734184,0,False
2025-11-08,251108.0,MN2025 - Minnesota Speed Puzzling Championship,22344740,Meagan Brucker-Hahn,0.1024101117529148,4441.542997248919,22,0.1121634557293829,4423.383385144773,22,0.1024101117529148,4441.542997248919,22,-0.009753343976468098,18.159612104146618,0,0.009753343976468098,18.159612104146618,0,False
2025-11-08,251108.0,MN2025 - Minnesota Speed Puzzling Championship,22447425,Kevin Erickson,0.1788423720634738,4114.715019517892,16,0.2023963587458301,4041.726580154407,15,0.1788423720634738,4114.715019517892,16,-0.02355398668235628,72.98843936348476,1,0.02355398668235628,72.98843936348476,1,False
2025-11-08,251108.0,MN2025 - Minnesota Speed Puzzling Championship,22477750,Jessica Norris,0.186462244281964,4083.4805692425434,15,0.1924053176105858,4082.310034566164,17,0.186462244281964,4083.4805692425434,15,-0.00594307332862179,1.1705346763792477,-2,0.00594307332862179,1.1705346763792477,2,False
2025-11-08,251108.0,MN2025 - Minnesota Speed Puzzling Championship,22629662,Kate Amey,-0.3194957172884912,6772.753106867633,36,-0.3374360240907331,6934.468113325638,36,-0.3194957172884912,6772.753106867633,36,0.0179403068022419,-161.71500645800552,0,0.0179403068022419,161.71500645800552,0,False
2025-11-08,251108.0,MN2025 - Minnesota Speed Puzzling Championship,22639311,Samantha Dahlke,-0.053792190518341,5192.442173933679,26,-0.0589152562819925,5248.716586631294,26,-0.053792190518341,5192.442173933679,26,0.005123065763651499,-56.274412697614935,0,0.005123065763651499,56.274412697614935,0,False
2025-11-08,251108.0,MN2025 - Minnesota Speed Puzzling Championship,22704935,Samantha Nutter-Topel,-0.093764411066581,5404.199631212947,28,-0.1150562083772642,5551.812989136859,30,-0.093764411066581,5404.199631212947,28,0.021291797310683203,-147.6133579239122,-2,0.021291797310683203,147.6133579239122,2,False
2025-11-08,251108.0,MN2025 - Minnesota Speed Puzzling Championship,22812262,Jolene Metty,-0.0986427042204433,5430.627309847968,30,-0.0934465666933135,5433.127295980671,28,-0.0986427042204433,5430.627309847968,30,-0.005196137527129802,-2.4999861327032704,2,0.005196137527129802,2.4999861327032704,2,False
2025-11-08,251108.0,MN2025 - Minnesota Speed Puzzling Championship,22830270,Dessa Burt,-0.1628443402882327,5790.717995432836,33,-0.1726992994227935,5881.240036102693,33,-0.1628443402882327,5790.717995432836,33,0.009854959134560803,-90.52204066985723,0,0.009854959134560803,90.52204066985723,0,False
2025-11-08,251108.0,MN2025 - Minnesota Speed Puzzling Championship,22838801,Bonnie Smith,0.1529263217527521,4222.746002734663,18,0.1598637639447434,4217.339870319299,18,0.1529263217527521,4222.746002734663,18,-0.0069374421919913,5.406132415364482,0,0.0069374421919913,5.406132415364482,0,False
2025-11-08,251108.0,MN2025 - Minnesota Speed Puzzling Championship,22858691,Chelsea Suedkamp,0.3132717326742299,3597.1440711539253,8,0.3453963766368607,3503.182896036325,7,0.3132717326742299,3597.1440711539253,8,-0.03212464396263076,93.9611751176003,1,0.03212464396263076,93.9611751176003,1,False
2025-11-08,251108.0,MN2025 - Minnesota Speed Puzzling Championship,23742868,Katie Erickson,0.3746516504594523,3382.991236248988,4,0.4084042178093293,3289.2649255780134,4,0.3746516504594523,3382.991236248988,4,-0.03375256734987697,93.72631067097473,0,0.03375256734987697,93.72631067097473,0,False
2025-11-08,251108.0,MN2025 - Minnesota Speed Puzzling Championship,23743266,Jeff Amey,-0.1461699600441783,5694.9619169404405,31,-0.1600909086198143,5807.552579626961,32,-0.1461699600441783,5694.9619169404405,31,0.013920948575636,-112.59066268652077,-1,0.013920948575636,112.59066268652077,1,False
2025-11-08,251108.0,MN2025 - Minnesota Speed Puzzling Championship,23765024,David Telintelo,0.1763479287362415,4124.991754980196,17,0.2005067744813392,4049.370983198948,16,0.1763479287362415,4124.991754980196,17,-0.02415884574509769,75.62077178124764,1,0.02415884574509769,75.62077178124764,1,False
2025-11-08,251108.0,MN2025 - Minnesota Speed Puzzling Championship,23889376,Katie Frank,-0.0067040938500221,4953.607225351067,24,-4.920317668758584e-05,4948.663469317163,24,-0.0067040938500221,4953.607225351067,24,-0.006654890673334514,4.9437560339047195,0,0.006654890673334514,4.9437560339047195,0,False
2025-11-08,251108.0,MN2025 - Minnesota Speed Puzzling Championship,23973497,Erin Manthey,-0.1605612928587302,5777.512591615892,32,-0.1545962357118845,5775.729486615172,31,-0.1605612928587302,5777.512591615892,32,-0.005965057146845698,1.7831050007198428,1,0.005965057146845698,1.7831050007198428,1,False
2025-11-08,251108.0,MN2025 - Minnesota Speed Puzzling Championship,23994944,Cassie VonRueden,0.1262845946048096,4336.7592609834655,20,0.1321674056789811,4335.777399510034,20,0.1262845946048096,4336.7592609834655,20,-0.005882811074171518,0.9818614734313087,0,0.005882811074171518,0.9818614734313087,0,False
2025-11-08,251108.0,MN2025 - Minnesota Speed Puzzling Championship,24098345,Erin Bahr,-0.0491505662121215,5168.39665643082,25,-0.043269071702331,5167.233311564486,25,-0.0491505662121215,5168.39665643082,25,-0.0058814945097905025,1.1633448663342278,0,0.0058814945097905025,1.1633448663342278,0,False
2025-11-08,251108.0,MN2025 - Minnesota Speed Puzzling Championship,24718662,Jennifer Cadwell,-0.0965514344705553,5419.282270135854,29,-0.1057468091820368,5500.368774661645,29,-0.0965514344705553,5419.282270135854,29,0.009195374711481505,-81.0865045257915,0,0.009195374711481505,81.0865045257915,0,False
2025-11-15,251115.0,CA2025 - California Speed Puzzling Championship,17593433,Tammy McLeod,0.3756833044022522,3408.312239643534,18,0.4098483368092823,3305.867268570581,18,0.3756833044022522,3408.312239643534,18,-0.03416503240703006,102.4449710729532,0,0.03416503240703006,102.4449710729532,0,False
2025-11-15,251115.0,CA2025 - California Speed Puzzling Championship,17593434,Jonathan Cluff,0.1330154361875438,4344.388848699461,42,0.1390211874567998,4334.152109528213,43,0.1330154361875438,4344.388848699461,42,-0.00600575126925601,10.236739171247791,-1,0.00600575126925601,10.236739171247791,1,False
2025-11-15,251115.0,CA2025 - California Speed Puzzling Championship,17732010,Yvonne Feucht,0.4326375490023664,3219.6188396939256,12,0.4692593873188546,3115.1826913730547,9,0.4326375490023664,3219.6188396939256,12,-0.03662183831648819,104.43614832087087,3,0.03662183831648819,104.43614832087087,3,False
2025-11-15,251115.0,CA2025 - California Speed Puzzling Championship,17732023,Andrew Bradburn,0.3482269864902331,3503.1884597457865,21,0.3851149365503198,3388.65216268753,21,0.3482269864902331,3503.1884597457865,21,-0.036887950060086716,114.53629705825642,0,0.036887950060086716,114.53629705825642,0,False
2025-11-15,251115.0,CA2025 - California Speed Puzzling Championship,17887918,Aly Krasny,0.3342587620119092,3552.465135172956,23,0.3401482809111661,3544.506378440884,24,0.3342587620119092,3552.465135172956,23,-0.005889518899256929,7.9587567320718335,-1,0.005889518899256929,7.9587567320718335,1,False
2025-11-15,251115.0,CA2025 - California Speed Puzzling Championship,17915498,Melynda Owens,0.2583120786586969,3832.7725708210983,27,0.2675988128520756,3811.2162880497353,29,0.2583120786586969,3832.7725708210983,27,-0.00928673419337872,21.55628277136293,-2,0.00928673419337872,21.55628277136293,2,False
2025-11-15,251115.0,CA2025 - California Speed Puzzling Championship,18141627,Alyssa Zackler,0.3751202520496756,3410.2318382349144,19,0.3978404821814501,3345.8029331233065,19,0.3751202520496756,3410.2318382349144,19,-0.022720230131774488,64.42890511160795,0,0.022720230131774488,64.42890511160795,0,False
2025-11-15,251115.0,CA2025 - California Speed Puzzling Championship,18495081,Trisha Siedlecki,0.4643961984783075,3118.9747133784067,8,0.4680893594268218,3118.829675131052,10,0.4643961984783075,3118.9747133784067,8,-0.0036931609485142958,0.1450382473544778,-2,0.0036931609485142958,0.1450382473544778,2,False
2025-11-15,251115.0,CA2025 - California Speed Puzzling Championship,18852026,Kimberly Kenne,0.2174945335041009,3992.453664012896,33,0.232371881769169,3947.8664943758217,33,0.2174945335041009,3992.453664012896,33,-0.014877348265068119,44.58716963707411,0,0.014877348265068119,44.58716963707411,0,False
2025-11-15,251115.0,CA2025 - California Speed Puzzling Championship,18956787,Kelly Buhr,0.4848326320348003,3055.880896087482,6,0.487130667976558,3060.0049046134004,7,0.4848326320348003,3055.880896087482,6,-0.0022980359417577034,-4.124008525918271,-1,0.0022980359417577034,4.124008525918271,1,False
2025-11-15,251115.0,CA2025 - California Speed Puzzling Championship,19326944,Min-Yee Deng,0.5327159615335934,2913.0031730607416,4,0.548672706934704,2877.3636621171668,4,0.5327159615335934,2913.0031730607416,4,-0.015956745401110695,35.639510943574805,0,0.015956745401110695,35.639510943574805,0,False
2025-11-15,251115.0,CA2025 - California Speed Puzzling Championship,19526690,Heather Haynes-O'Brien,-0.1450986834519888,5737.360218138475,57,-0.1413542570474775,5736.799312821181,55,-0.1450986834519888,5737.360218138475,57,-0.0037444264045113085,0.5609053172938729,2,0.0037444264045113085,0.5609053172938729,2,False
2025-11-15,251115.0,CA2025 - California Speed Puzzling Championship,19548766,Lindsay Steenstra,0.2008171198107819,4059.595787691826,37,0.2034481858687221,4063.720774629805,38,0.2008171198107819,4059.595787691826,37,-0.0026310660579401957,-4.124986937978974,-1,0.0026310660579401957,4.124986937978974,1,False
2025-11-15,251115.0,CA2025 - California Speed Puzzling Championship,20453946,Sammy Brownlow,0.4612381916517026,3128.8400259786345,9,0.467733887722889,3119.938527901159,11,0.4612381916517026,3128.8400259786345,9,-0.006495696071186385,8.90149807747548,-2,0.006495696071186385,8.90149807747548,2,False
2025-11-15,251115.0,CA2025 - California Speed Puzzling Championship,20503559,Mandi Schalon,0.2372053164016038,3914.529769959209,32,0.2431363131979178,3905.597863246528,32,0.2372053164016038,3914.529769959209,32,-0.005930996796314009,8.931906712680757,0,0.005930996796314009,8.931906712680757,0,False
2025-11-15,251115.0,CA2025 - California Speed Puzzling Championship,20531734,Norah Molina,0.0469862285019794,4734.680746977879,47,0.0587749564254867,4696.287158862921,47,0.0469862285019794,4734.680746977879,47,-0.011788727923507297,38.39358811495731,0,0.011788727923507297,38.39358811495731,0,False
2025-11-15,251115.0,CA2025 - California Speed Puzzling Championship,20539458,Kyle Kossin,0.4999574640172229,3010.008987898119,5,0.5272444094128872,2939.686012981146,5,0.4999574640172229,3010.008987898119,5,-0.027286945395664286,70.32297491697273,0,0.027286945395664286,70.32297491697273,0,False
2025-11-15,251115.0,CA2025 - California Speed Puzzling Championship,20720345,Doug Ellwanger,0.3631204218329422,3451.400556096273,20,0.3966060630771346,3349.935606383865,20,0.3631204218329422,3451.400556096273,20,-0.0334856412441924,101.46494971240782,0,0.0334856412441924,101.46494971240782,0,False
2025-11-15,251115.0,CA2025 - California Speed Puzzling Championship,20725541,Rosemary Dabbs,0.0983656336985761,4497.55940447459,46,0.1077337892889167,4471.900103847692,46,0.0983656336985761,4497.55940447459,46,-0.009368155590340613,25.659300626898585,0,0.009368155590340613,25.659300626898585,0,False
2025-11-15,251115.0,CA2025 - California Speed Puzzling Championship,20737662,Michael Suey,0.2088551497426023,4027.0954296515847,36,0.2133251699771831,4023.7810358922575,37,0.2088551497426023,4027.0954296515847,36,-0.0044700202345807905,3.3143937593272312,-1,0.0044700202345807905,3.3143937593272312,1,False
2025-11-15,251115.0,CA2025 - California Speed Puzzling Championship,21088908,Elizabeth Forsyth,0.1974519533667124,4073.280015150842,38,0.2224981034789601,3987.039929511439,35,0.1974519533667124,4073.280015150842,38,-0.0250461501122477,86.24008563940288,3,0.0250461501122477,86.24008563940288,3,False
2025-11-15,251115.0,CA2025 - California Speed Puzzling Championship,21178749,Yuewen Chun,0.3003157574666059,3675.116273895781,25,0.3218133209038428,3610.094198784804,25,0.3003157574666059,3675.116273895781,25,-0.02149756343723691,65.02207511097686,0,0.02149756343723691,65.02207511097686,0,False
2025-11-15,251115.0,CA2025 - California Speed Puzzling Championship,21394027,Elizabeth Tashiro,0.2116546065162356,4015.8375154473815,35,0.2264432917697036,3971.341293665759,34,0.2116546065162356,4015.8375154473815,35,-0.014788685253467992,44.49622178162235,1,0.014788685253467992,44.49622178162235,1,False
2025-11-15,251115.0,CA2025 - California Speed Puzzling Championship,21412436,Iryna Shvydchenko,0.6328898443668487,2635.335990311947,3,0.6406570226653094,2624.4993763634257,3,0.6328898443668487,2635.335990311947,3,-0.007767178298460742,10.836613948521517,0,0.007767178298460742,10.836613948521517,0,False
2025-11-15,251115.0,CA2025 - California Speed Puzzling Championship,21566454,Alice Rowe,0.7504216780507381,2343.1094000585904,1,0.7821604464772868,2278.202466821348,1,0.7504216780507381,2343.1094000585904,1,-0.03173876842654866,64.90693323724236,0,0.03173876842654866,64.90693323724236,0,False
2025-11-15,251115.0,CA2025 - California Speed Puzzling Championship,21594891,Kinsey Keltz,0.2134821905481345,4008.504937421645,34,0.2216586823214781,3990.388140266864,36,0.2134821905481345,4008.504937421645,34,-0.008176491773343592,18.116797154781125,-2,0.008176491773343592,18.116797154781125,2,False
2025-11-15,251115.0,CA2025 - California Speed Puzzling Championship,21616379,Debbie Dyson,-0.1006881216172361,5488.135884451738,52,-0.1243241826126091,5639.928394208273,53,-0.1006881216172361,5488.135884451738,52,0.023636060995372993,-151.79250975653486,-1,0.023636060995372993,151.79250975653486,1,False
2025-11-15,251115.0,CA2025 - California Speed Puzzling Championship,21844431,Susie Peat,-0.3321236116818458,6917.290456804984,64,-0.3637544318420216,7165.67036952969,64,-0.3321236116818458,6917.290456804984,64,0.03163082016017582,-248.37991272470572,0,0.03163082016017582,248.37991272470572,0,False
2025-11-15,251115.0,CA2025 - California Speed Puzzling Championship,21863962,Ted DesMaisons,-0.1788028404016589,5934.028764062095,59,-0.195831682344674,6057.994890042974,59,-0.1788028404016589,5934.028764062095,59,0.0170288419430151,-123.96612598087813,0,0.0170288419430151,123.96612598087813,0,False
2025-11-15,251115.0,CA2025 - California Speed Puzzling Championship,21925075,Diana Jaffe,0.4021620608034488,3319.2487193967227,16,0.4199220689561918,3272.73202519044,17,0.4021620608034488,3319.2487193967227,16,-0.01776000815274298,46.516694206282864,-1,0.01776000815274298,46.516694206282864,1,False
2025-11-15,251115.0,CA2025 - California Speed Puzzling Championship,21926492,Michelle Philo,-0.0573675343744909,5255.462769536227,50,-0.0616156741902328,5297.117798020552,50,-0.0573675343744909,5255.462769536227,50,0.004248139815741896,-41.65502848432516,0,0.004248139815741896,41.65502848432516,0,False
2025-11-15,251115.0,CA2025 - California Speed Puzzling Championship,21926559,Lisa Matyas,0.1972043237234065,4074.2888049260514,39,0.2031353205197206,4064.992370957049,39,0.1972043237234065,4074.2888049260514,39,-0.00593099679631412,9.296433969002464,0,0.00593099679631412,9.296433969002464,0,False
2025-11-15,251115.0,CA2025 - California Speed Puzzling Championship,21927536,Skye Vandeleest,0.4569024335197028,3142.435371331575,11,0.4641267970557719,3131.2127503943275,12,0.4569024335197028,3142.435371331575,11,-0.007224363536069145,11.222620937247484,-1,0.007224363536069145,11.222620937247484,1,False
2025-11-15,251115.0,CA2025 - California Speed Puzzling Championship,21927541,Chloe Glikbarg,0.4194194485281708,3262.458591337904,15,0.4388342870508889,3211.419013374985,14,0.4194194485281708,3262.458591337904,15,-0.01941483852271808,51.03957796291934,1,0.01941483852271808,51.03957796291934,1,False
2025-11-15,251115.0,CA2025 - California Speed Puzzling Championship,21935409,Darya Leylian,0.2456914569068935,3881.45107406188,29,0.256623493743581,3853.2759901283807,30,0.2456914569068935,3881.45107406188,29,-0.010932036836687503,28.17508393349908,-1,0.010932036836687503,28.17508393349908,1,False
2025-11-15,251115.0,CA2025 - California Speed Puzzling Championship,21936039,Caroline Orsi,0.3421375982274222,3524.585816723246,22,0.3599150258328947,3475.13094708616,22,0.3421375982274222,3524.585816723246,22,-0.017777427605472518,49.45486963708572,0,0.017777427605472518,49.45486963708572,0,False
2025-11-15,251115.0,CA2025 - California Speed Puzzling Championship,21968530,Alison Youngblood,0.2582757901036424,3832.91165912319,28,0.2870821201947281,3737.679882141348,26,0.2582757901036424,3832.91165912319,28,-0.02880633009108574,95.2317769818419,2,0.02880633009108574,95.2317769818419,2,False
2025-11-15,251115.0,CA2025 - California Speed Puzzling Championship,21968784,Cindy Grimley-Beason,-0.2734352654377285,6523.00914140372,61,-0.2823491555401617,6605.458431443782,61,-0.2734352654377285,6523.00914140372,61,0.008913890102433208,-82.4492900400619,0,0.008913890102433208,82.4492900400619,0,False
2025-11-15,251115.0,CA2025 - California Speed Puzzling Championship,22035202,Rebecca Streitz,0.4304852924014175,3226.5557479196896,13,0.4381354828100602,3213.6639508951885,15,0.4304852924014175,3226.5557479196896,13,-0.007650190408642732,12.891797024501102,-2,0.007650190408642732,12.891797024501102,2,False
2025-11-15,251115.0,CA2025 - California Speed Puzzling Championship,22035203,Jessica Streitz,0.4595171430258144,3134.229548290633,10,0.4744369326431585,3099.095374139725,8,0.4595171430258144,3134.229548290633,10,-0.014919789617344081,35.13417415090771,2,0.014919789617344081,35.13417415090771,2,False
2025-11-15,251115.0,CA2025 - California Speed Puzzling Championship,22197641,Marissa Belau,-0.1045859729463749,5509.5695677215945,53,-0.1145465417984106,5585.051918578067,52,-0.1045859729463749,5509.5695677215945,53,0.009960568852035709,-75.4823508564723,1,0.009960568852035709,75.4823508564723,1,False
2025-11-15,251115.0,CA2025 - California Speed Puzzling Championship,22344894,Ermelinda Kraft,-0.3250925748739234,6868.825312755927,63,-0.3560537724809637,7110.701901281392,63,-0.3250925748739234,6868.825312755927,63,0.030961197607040303,-241.87658852546429,0,0.030961197607040303,241.87658852546429,0,False
2025-11-15,251115.0,CA2025 - California Speed Puzzling Championship,22549310,Brooke Vlasich,-0.0195889627401435,5060.622459911596,49,-0.0214545782392048,5088.595020196867,49,-0.0195889627401435,5060.622459911596,49,0.0018656154990613003,-27.972560285271356,0,0.0018656154990613003,27.972560285271356,0,False
2025-11-15,251115.0,CA2025 - California Speed Puzzling Championship,22682522,Marjorie No Last Name,-0.078499578514258,5367.703198769191,51,-0.0726315127187812,5355.792574943268,51,-0.078499578514258,5367.703198769191,51,-0.005868065795476801,11.910623825922812,0,0.005868065795476801,11.910623825922812,0,False
2025-11-15,251115.0,CA2025 - California Speed Puzzling Championship,22687589,Connie Mangilin,-0.39464925751831,7363.606205413291,66,-0.389593673553692,7353.238734417719,66,-0.39464925751831,7363.606205413291,66,-0.005055583964617971,10.367470995572148,0,0.005055583964617971,10.367470995572148,0,False
2025-11-15,251115.0,CA2025 - California Speed Puzzling Championship,22814478,Irene Ho,0.1393464508492758,4316.9713411017765,41,0.1452259871499467,4307.342822987452,41,0.1393464508492758,4316.9713411017765,41,-0.005879536300670896,9.628518114324834,0,0.005879536300670896,9.628518114324834,0,False
2025-11-15,251115.0,CA2025 - California Speed Puzzling Championship,22858066,Olga Brezo Fernandez,-0.1477729875381155,5752.724198834791,58,-0.1419089780529383,5739.982518718078,56,-0.1477729875381155,5752.724198834791,58,-0.00586400948517718,12.741680116713724,2,0.00586400948517718,12.741680116713724,2,False
2025-11-15,251115.0,CA2025 - California Speed Puzzling Championship,22862266,Kaitlyn McCluskie,0.4276869742046561,3235.597322282926,14,0.4639889940956289,3131.644270511862,13,0.4276869742046561,3235.597322282926,14,-0.03630201989097276,103.95305177106411,1,0.03630201989097276,103.95305177106411,1,False
2025-11-15,251115.0,CA2025 - California Speed Puzzling Championship,22862625,Angela Guglielmino,0.1128194201653674,4433.020182865146,45,0.1187504169616815,4422.905220135102,45,0.1128194201653674,4433.020182865146,45,-0.005930996796314092,10.114962730043771,0,0.005930996796314092,10.114962730043771,0,False
2025-11-15,251115.0,CA2025 - California Speed Puzzling Championship,22862686,Clare Kay,-0.1166478388532672,5576.427663154117,54,-0.1277571568392926,5659.323395247269,54,-0.1166478388532672,5576.427663154117,54,0.011109317986025394,-82.89573209315222,0,0.011109317986025394,82.89573209315222,0,False
2025-11-15,251115.0,CA2025 - California Speed Puzzling Championship,22862692,Jennifer Hancock,0.1310095724438282,4353.111846427367,43,0.1434866745813357,4314.8411575802575,42,0.1310095724438282,4353.111846427367,43,-0.012477102137507523,38.27068884710934,1,0.012477102137507523,38.27068884710934,1,False
2025-11-15,251115.0,CA2025 - California Speed Puzzling Championship,23608821,Jeff Soesbe,-0.8509129467446572,11620.996156821278,69,-0.924299548979436,12551.582280195396,69,-0.8509129467446572,11620.996156821278,69,0.07338660223477877,-930.586123374118,0,0.07338660223477877,930.586123374118,0,False
2025-11-15,251115.0,CA2025 - California Speed Puzzling Championship,23741737,Christopher Nammour,0.3873315485059176,3368.8417141369514,17,0.4219157743555329,3266.2136616886064,16,0.3873315485059176,3368.8417141369514,17,-0.03458422584961529,102.62805244834499,1,0.03458422584961529,102.62805244834499,1,False
2025-11-15,251115.0,CA2025 - California Speed Puzzling Championship,23749556,Audrey Nelson,0.1238227366386509,4384.509636748253,44,0.1296976079093607,4374.750890372483,44,0.1238227366386509,4384.509636748253,44,-0.005874871270709792,9.758746375769988,0,0.005874871270709792,9.758746375769988,0,False
2025-11-15,251115.0,CA2025 - California Speed Puzzling Championship,23750128,Jasmine Lambert,0.4794667579279471,3072.3224404404323,7,0.490116986619311,3050.88038606088,6,0.4794667579279471,3072.3224404404323,7,-0.01065022869136395,21.442054379552246,1,0.01065022869136395,21.442054379552246,1,False
2025-11-15,251115.0,CA2025 - California Speed Puzzling Championship,23751282,Marissa Salvato,-0.016355637102544,5044.286243954787,48,-0.0179133168265958,5070.606844222617,48,-0.016355637102544,5044.286243954787,48,0.0015576797240518005,-26.320600267829832,0,0.0015576797240518005,26.320600267829832,0,False
2025-11-15,251115.0,CA2025 - California Speed Puzzling Championship,23758339,Anne Marie Barrette,-0.1425386195972245,5722.690994708349,55,-0.1561137262255316,5822.0993687441305,57,-0.1425386195972245,5722.690994708349,55,0.013575106628307104,-99.40837403578189,-2,0.013575106628307104,99.40837403578189,2,False
2025-11-15,251115.0,CA2025 - California Speed Puzzling Championship,23758655,Hannah Doyle,0.6672923009497319,2546.215725866275,2,0.6801089159111838,2522.973763924389,2,0.6672923009497319,2546.215725866275,2,-0.012816614961451922,23.241961941886075,0,0.012816614961451922,23.241961941886075,0,False
2025-11-15,251115.0,CA2025 - California Speed Puzzling Championship,23764496,Marie Mogni,-0.2532763892984365,6392.829157669064,60,-0.2470679436342135,6376.473045978025,60,-0.2532763892984365,6392.829157669064,60,-0.006208445664222989,16.356111691039587,0,0.006208445664222989,16.356111691039587,0,False
2025-11-15,251115.0,CA2025 - California Speed Puzzling Championship,23764843,Jason Fox,-0.3351950066671643,6938.568848471327,65,-0.3671183406354656,7189.815619537355,65,-0.3351950066671643,6938.568848471327,65,0.031923333968301326,-251.24677106602758,0,0.031923333968301326,251.24677106602758,0,False
2025-11-15,251115.0,CA2025 - California Speed Puzzling Championship,23764984,Helen Hu,0.318046835692299,3610.5268123398337,24,0.3495593587953693,3511.305227209699,23,0.318046835692299,3610.5268123398337,24,-0.03151252310307029,99.22158513013483,1,0.03151252310307029,99.22158513013483,1,False
2025-11-15,251115.0,CA2025 - California Speed Puzzling Championship,23820090,Matthew Swanson,0.2423725408038168,3894.354685692444,31,0.2694886453417098,3804.020529214589,27,0.2423725408038168,3894.354685692444,31,-0.02711610453789301,90.33415647785523,4,0.02711610453789301,90.33415647785523,4,False
2025-11-15,251115.0,CA2025 - California Speed Puzzling Championship,23888265,Feifei Xue,0.2693004203022304,3790.887302636783,26,0.2677557002220772,3810.618403251308,28,0.2693004203022304,3790.887302636783,26,0.0015447200801532168,-19.731100614525076,-2,0.0015447200801532168,19.731100614525076,2,False
2025-11-15,251115.0,CA2025 - California Speed Puzzling Championship,24234701,Kimberly Ziaei,0.1756746986691806,4162.957795321101,40,0.1816056954654947,4153.4590425048655,40,0.1756746986691806,4162.957795321101,40,-0.00593099679631412,9.498752816235537,0,0.00593099679631412,9.498752816235537,0,False
2025-11-15,251115.0,CA2025 - California Speed Puzzling Championship,24493539,Karen Christopher,0.2454311630872118,3882.461523288997,30,0.2513621598835259,3873.602787711684,31,0.2454311630872118,3882.461523288997,30,-0.005930996796314092,8.858735577312927,-1,0.005930996796314092,8.858735577312927,1,False
2025-11-15,251115.0,CA2025 - California Speed Puzzling Championship,24505873,Cristina Wood,-0.3153363649315496,6802.137450305766,62,-0.3094970703638899,6787.239173999333,62,-0.3153363649315496,6802.137450305766,62,-0.005839294567659692,14.898276306433218,0,0.005839294567659692,14.898276306433218,0,False
2025-11-15,251115.0,CA2025 - California Speed Puzzling Championship,24685819,Brandon Harrington,-0.4048044618377519,7438.766117163136,67,-0.4433572677270616,7759.395676954517,67,-0.4048044618377519,7438.766117163136,67,0.03855280588930965,-320.6295597913804,0,0.03855280588930965,320.6295597913804,0,False
2025-11-15,251115.0,CA2025 - California Speed Puzzling Championship,24718209,Max Schooley,-0.4799126114606452,8018.9953042511215,68,-0.5256185744568971,8424.68225688833,68,-0.4799126114606452,8018.9953042511215,68,0.0457059629962519,-405.6869526372093,0,0.0457059629962519,405.6869526372093,0,False
2025-11-15,251115.0,CA2025 - California Speed Puzzling Championship,24825726,Sarah Fleming,-0.1447957771590695,5735.622598804856,56,-0.158585851174219,5836.510131110774,58,-0.1447957771590695,5735.622598804856,56,0.013790074015149506,-100.88753230591738,-2,0.013790074015149506,100.88753230591738,2,False
2025-11-15,251115.01,Chicago Puzzle Club USAJPA Sanctioned Speed Puzzle Competition,19958106,Taylor Reed,0.4071966401762463,3447.6016614290797,2,0.4215165696453257,3406.549873476859,3,0.4071966401762463,3447.6016614290797,2,-0.014319929469079395,41.05178795222082,-1,0.014319929469079395,41.05178795222082,1,False
2025-11-15,251115.01,Chicago Puzzle Club USAJPA Sanctioned Speed Puzzle Competition,20568290,John Walczak,-0.1129952460566842,5800.074167280728,10,-0.1826494319841123,6233.051457412486,10,-0.1129952460566842,5800.074167280728,10,0.06965418592742809,-432.9772901317583,0,0.06965418592742809,432.9772901317583,0,False
2025-11-15,251115.01,Chicago Puzzle Club USAJPA Sanctioned Speed Puzzle Competition,21108114,Madeleine Bouchie,0.2694816911627025,3956.6344111017006,6,0.2981056078826892,3853.9977013787434,6,0.2694816911627025,3956.6344111017006,6,-0.02862391671998671,102.63670972295722,0,0.02862391671998671,102.63670972295722,0,False
2025-11-15,251115.01,Chicago Puzzle Club USAJPA Sanctioned Speed Puzzle Competition,21198876,Angie Gazdic,0.3133914471471022,3786.6586658427454,5,0.3247193165649845,3752.7813743472993,5,0.3133914471471022,3786.6586658427454,5,-0.011327869417882275,33.877291495446116,0,0.011327869417882275,33.877291495446116,0,False
2025-11-15,251115.01,Chicago Puzzle Club USAJPA Sanctioned Speed Puzzle Competition,21960422,Andrew Paul,0.2654060332326335,3972.793206008206,7,0.2698830390729596,3964.31683896558,7,0.2654060332326335,3972.793206008206,7,-0.004477005840326065,8.476367042626407,0,0.004477005840326065,8.476367042626407,0,False
2025-11-15,251115.01,Chicago Puzzle Club USAJPA Sanctioned Speed Puzzle Competition,21979616,Jennifer McCarthy,-0.076014598116725,5589.501225579653,9,-0.0700879083489935,5569.4955805798445,9,-0.076014598116725,5589.501225579653,9,-0.005926689767731488,20.005644999808283,0,0.005926689767731488,20.005644999808283,0,False
2025-11-15,251115.01,Chicago Puzzle Club USAJPA Sanctioned Speed Puzzle Competition,22392412,Elizabeth Alvarez,0.1698902772111332,4370.971001937245,8,0.2028908576065635,4238.99292711911,8,0.1698902772111332,4370.971001937245,8,-0.0330005803954303,131.9780748181347,0,0.0330005803954303,131.9780748181347,0,False
2025-11-15,251115.01,Chicago Puzzle Club USAJPA Sanctioned Speed Puzzle Competition,22623572,Melissa Harlow,0.3888288271795488,3511.511711151681,3,0.4232080454503826,3400.7926472642366,2,0.3888288271795488,3511.511711151681,3,-0.03437921827083379,110.71906388744446,1,0.03437921827083379,110.71906388744446,1,False
2025-11-15,251115.01,Chicago Puzzle Club USAJPA Sanctioned Speed Puzzle Competition,23758345,Lihan Chen,-0.3025139272038386,7010.362321447806,12,-0.331324777413728,7232.1861235105425,12,-0.3025139272038386,7010.362321447806,12,0.028810850209889438,-221.82380206273683,0,0.028810850209889438,221.82380206273683,0,False
2025-11-15,251115.01,Chicago Puzzle Club USAJPA Sanctioned Speed Puzzle Competition,23765860,Kate Yee,0.379520992550881,3544.3488657858297,4,0.4145994451252259,3430.19508730125,4,0.379520992550881,3544.3488657858297,4,-0.03507845257434489,114.15377848457956,0,0.03507845257434489,114.15377848457956,0,False
2025-11-15,251115.01,Chicago Puzzle Club USAJPA Sanctioned Speed Puzzle Competition,23887819,Chris Viox,0.4526033772837553,3294.5582150562054,1,0.4585347747407883,3282.751053605674,1,0.4526033772837553,3294.5582150562054,1,-0.005931397457032972,11.807161450531567,0,0.005931397457032972,11.807161450531567,0,False
2025-11-15,251115.01,Chicago Puzzle Club USAJPA Sanctioned Speed Puzzle Competition,24676109,Angela Bourgeois,-0.2323326080847619,6535.233433615616,11,-0.2273344643529362,6517.892228286265,11,-0.2323326080847619,6535.233433615616,11,-0.004998143731825694,17.341205329351396,0,0.004998143731825694,17.341205329351396,0,False
2026-01-25,260125.0,Saint Paul Winter Carnival,17593435,Aly Krasny,0.3414569593667655,3524.0315326789887,27,0.3473879561630796,3529.182248826098,27,0.3414569593667655,3524.0315326789887,27,-0.005930996796314092,-5.150716147109506,0,0.005930996796314092,5.150716147109506,0,False
2026-01-25,260125.0,Saint Paul Winter Carnival,17731928,Kara Taylor,0.2555106617086828,3840.305626516848,32,0.2533104916615352,3877.317897430943,34,0.2555106617086828,3840.305626516848,32,0.0022001700471476204,-37.0122709140951,-2,0.0022001700471476204,37.0122709140951,2,False
2026-01-25,260125.0,Saint Paul Winter Carnival,17731998,Liz Walters,0.3246030179061909,3583.92868757156,28,0.3611053126997129,3481.101720435234,26,0.3246030179061909,3583.92868757156,28,-0.03650229479352202,102.8269671363264,2,0.03650229479352202,102.8269671363264,2,False
2026-01-25,260125.0,Saint Paul Winter Carnival,17732010,Yvonne Feucht,0.445351787003546,3176.280405510658,13,0.4687383057046152,3125.879979569372,13,0.445351787003546,3176.280405510658,13,-0.023386518701069225,50.4004259412859,0,0.023386518701069225,50.4004259412859,0,False
2026-01-25,260125.0,Saint Paul Winter Carnival,17732023,Andrew Bradburn,0.3685605075354463,3429.800539866305,20,0.3927490116776529,3372.671401340516,20,0.3685605075354463,3429.800539866305,20,-0.024188504142206635,57.12913852578913,0,0.024188504142206635,57.12913852578913,0,False
2026-01-25,260125.0,Saint Paul Winter Carnival,18256922,Phil Ehresmann,0.2357590596384632,3916.911872634751,37,0.2406776518288235,3926.6101283002063,37,0.2357590596384632,3916.911872634751,37,-0.00491859219036031,-9.698255665455235,0,0.00491859219036031,9.698255665455235,0,False
2026-01-25,260125.0,Saint Paul Winter Carnival,18475588,Dawne Rasmusson,0.4646853833162822,3115.461302806506,11,0.515633819301541,2982.674327518238,7,0.4646853833162822,3115.461302806506,11,-0.05094843598525878,132.78697528826797,4,0.05094843598525878,132.78697528826797,4,False
2026-01-25,260125.0,Saint Paul Winter Carnival,18497651,Lisa Schuler,-0.1269882905501468,5629.6704507183,67,-0.1695527470772868,5918.049331555527,69,-0.1269882905501468,5629.6704507183,67,0.04256445652714,-288.37888083722646,-2,0.04256445652714,288.37888083722646,2,False
2026-01-25,260125.0,Saint Paul Winter Carnival,18542626,Jeanne Roiter,0.6084062970799354,2698.3927508517927,3,0.6534976009933489,2598.5576516243814,2,0.6084062970799354,2698.3927508517927,3,-0.04509130391341343,99.83509922741132,1,0.04509130391341343,99.83509922741132,1,False
2026-01-25,260125.0,Saint Paul Winter Carnival,18846642,Heather Mueller,0.3595016336359489,3461.011826571432,23,0.364947582975451,3467.7520497129613,25,0.3595016336359489,3461.011826571432,23,-0.005445949339502099,-6.740223141529441,-2,0.005445949339502099,6.740223141529441,2,False
2026-01-25,260125.0,Saint Paul Winter Carnival,18852026,Kimberly Kenne,0.2406898512982634,3897.645933441048,35,0.2489131218239159,3894.40544079291,35,0.2406898512982634,3897.645933441048,35,-0.008223270525652498,3.2404926481376606,0,0.008223270525652498,3.2404926481376606,0,False
2026-01-25,260125.0,Saint Paul Winter Carnival,19326944,Min-Yee Deng,0.5191369195214276,2950.35557167233,6,0.5352824830937934,2924.640770453318,6,0.5191369195214276,2950.35557167233,6,-0.01614556357236585,25.71480121901186,0,0.01614556357236585,25.71480121901186,0,False
2026-01-25,260125.0,Saint Paul Winter Carnival,19548766,Lindsay Steenstra,0.2134840300558281,4005.1401966929698,40,0.2154158891539833,4027.066734756161,41,0.2134840300558281,4005.1401966929698,40,-0.0019318590981551864,-21.9265380631914,-1,0.0019318590981551864,21.9265380631914,1,False
2026-01-25,260125.0,Saint Paul Winter Carnival,19556372,Katie Everson,-0.0294425524520515,5106.453683213232,59,-0.0455571653065149,5227.9085748932375,59,-0.0294425524520515,5106.453683213232,59,0.0161146128544634,-121.45489168000586,0,0.0161146128544634,121.45489168000586,0,False
2026-01-25,260125.0,Saint Paul Winter Carnival,19573602,Isabel Urrutia,0.2230660758176226,3966.946041352505,39,0.2165115410037495,4022.656887908672,40,0.2230660758176226,3966.946041352505,39,0.0065545348138731085,-55.710846556167326,-1,0.0065545348138731085,55.710846556167326,1,False
2026-01-25,260125.0,Saint Paul Winter Carnival,19958106,Taylor Reed,0.4197274508929873,3258.722229772265,14,0.4300183436840334,3249.2876868123035,16,0.4197274508929873,3258.722229772265,14,-0.010290892791046113,9.434542959961618,-2,0.010290892791046113,9.434542959961618,2,False
2026-01-25,260125.0,Saint Paul Winter Carnival,20503559,Mandi Schalon,0.2491360733235011,3864.864186352193,34,0.2539398920244344,3874.8782799678224,33,0.2491360733235011,3864.864186352193,34,-0.004803818700933299,-10.014093615629463,1,0.004803818700933299,10.014093615629463,1,False
2026-01-25,260125.0,Saint Paul Winter Carnival,20508154,Meri Cartee,0.1020852270910001,4477.108385139779,52,0.1118076296710954,4466.684956611259,52,0.1020852270910001,4477.108385139779,52,-0.009722402580095296,10.423428528520162,0,0.009722402580095296,10.423428528520162,0,False
2026-01-25,260125.0,Saint Paul Winter Carnival,20533720,Melissa Cody,0.1647401827734547,4205.202430130916,46,0.167911189702314,4222.988078745686,47,0.1647401827734547,4205.202430130916,46,-0.003171006928859299,-17.785648614770253,-1,0.003171006928859299,17.785648614770253,1,False
2026-01-25,260125.0,Saint Paul Winter Carnival,20539458,Kyle Kossin,0.4888430941419275,3041.1006969097857,7,0.5130671889746794,2990.339582632557,8,0.4888430941419275,3041.1006969097857,7,-0.024224094832751897,50.7611142772289,-1,0.024224094832751897,50.7611142772289,1,False
2026-01-25,260125.0,Saint Paul Winter Carnival,20563304,Jessica Derby,0.3807388036516281,3388.2847223348185,18,0.3950672728753912,3364.8617240316557,19,0.3807388036516281,3388.2847223348185,18,-0.014328469223763074,23.422998303162785,-1,0.014328469223763074,23.422998303162785,1,False
2026-01-25,260125.0,Saint Paul Winter Carnival,20720301,Melissa Martin,0.021629857707188,4852.202655731404,55,0.0218597917379187,4887.076886257153,55,0.021629857707188,4852.202655731404,55,-0.00022993403073069685,-34.874230525749226,0,0.00022993403073069685,34.874230525749226,0,False
2026-01-25,260125.0,Saint Paul Winter Carnival,20722068,Elizabeth Nelson,0.378390619232711,3396.250388493036,19,0.4087050957734666,3319.2838337784056,18,0.378390619232711,3396.250388493036,19,-0.030314476540755586,76.96655471463055,1,0.030314476540755586,76.96655471463055,1,False
2026-01-25,260125.0,Saint Paul Winter Carnival,20737327,Amy Paull,0.3648418440914069,3442.578557602957,21,0.3828282820706504,3406.297283217153,21,0.3648418440914069,3442.578557602957,21,-0.017986437979243486,36.281274385803954,0,0.017986437979243486,36.281274385803954,0,False
2026-01-25,260125.0,Saint Paul Winter Carnival,20739624,Mari Black,0.6196374822692854,2668.2561537886672,1,0.6330410624458949,2652.26258207056,3,0.6196374822692854,2668.2561537886672,1,-0.013403580176609475,15.993571718107432,-2,0.013403580176609475,15.993571718107432,2,False
2026-01-25,260125.0,Saint Paul Winter Carnival,20866603,Cathy Roiter,0.5678209205551307,2810.160768855311,4,0.6223692928713982,2680.7184845528304,4,0.5678209205551307,2810.160768855311,4,-0.054548372316267524,129.4422843024804,0,0.054548372316267524,129.4422843024804,0,False
2026-01-25,260125.0,Saint Paul Winter Carnival,21169710,Rachel Shields,-0.1246042066503472,5616.264830446934,66,-0.1280327475326322,5677.363146932636,66,-0.1246042066503472,5616.264830446934,66,0.003428540882284989,-61.098316485701616,0,0.003428540882284989,61.098316485701616,0,False
2026-01-25,260125.0,Saint Paul Winter Carnival,21181014,Emily Chandran,0.4752954063822426,3082.5809257539504,9,0.504330340124222,3016.580190773644,9,0.4752954063822426,3082.5809257539504,9,-0.029034933741979352,66.00073498030633,0,0.029034933741979352,66.00073498030633,0,False
2026-01-25,260125.0,Saint Paul Winter Carnival,21394027,Elizabeth Tashiro,0.2039121819900578,4043.6608529668,41,0.217438362284149,4018.9303310940486,39,0.2039121819900578,4043.6608529668,41,-0.013526180294091195,24.730521872751524,2,0.013526180294091195,24.730521872751524,2,False
2026-01-25,260125.0,Saint Paul Winter Carnival,21446122,Emilee Frost,-0.1634048839047361,5838.462544689148,70,-0.1789672538004252,5974.027938800706,70,-0.1634048839047361,5838.462544689148,70,0.015562369895689099,-135.5653941115579,0,0.015562369895689099,135.5653941115579,0,False
2026-01-25,260125.0,Saint Paul Winter Carnival,21553962,Michelle Parsons,-0.0597881941369464,5263.787420252257,61,-0.0538543789449493,5271.466102388566,61,-0.0597881941369464,5263.787420252257,61,-0.005933815191997101,-7.678682136308453,0,0.005933815191997101,7.678682136308453,0,False
2026-01-25,260125.0,Saint Paul Winter Carnival,21576268,Lauren Kautz,0.6090437183725406,2696.6732859265844,2,0.653564772631404,2598.3831081125954,1,0.6090437183725406,2696.6732859265844,2,-0.044521054258863435,98.29017781398898,1,0.044521054258863435,98.29017781398898,1,False
2026-01-25,260125.0,Saint Paul Winter Carnival,21832826,Krystal Cotriss,0.0976493000874549,4497.0126253628605,53,0.0418197622674228,4790.498037519228,54,0.0976493000874549,4497.0126253628605,53,0.055829537820032096,-293.4854121563676,-1,0.055829537820032096,293.4854121563676,1,False
2026-01-25,260125.0,Saint Paul Winter Carnival,21851725,Maud Dias,0.459308655018098,3132.257405331596,12,0.481613643364631,3085.891206251722,11,0.459308655018098,3132.257405331596,12,-0.02230498834653305,46.36619907987415,1,0.02230498834653305,46.36619907987415,1,False
2026-01-25,260125.0,Saint Paul Winter Carnival,21858254,Kara Bingham,0.2507604231765887,3858.591390765424,33,0.260525988491214,3849.441813276321,32,0.2507604231765887,3858.591390765424,33,-0.009765565314625302,9.14957748910274,1,0.009765565314625302,9.14957748910274,1,False
2026-01-25,260125.0,Saint Paul Winter Carnival,21916024,Emmie Lee,0.2392784948428266,3903.150784930288,36,0.2444674368201111,3911.757282492357,36,0.2392784948428266,3903.150784930288,36,-0.005188941977284506,-8.606497562068853,0,0.005188941977284506,8.606497562068853,0,False
2026-01-25,260125.0,Saint Paul Winter Carnival,21916237,Katie Greenfield,-0.4099436690663116,7470.831347459965,75,-0.403900084983073,7480.908394279417,75,-0.4099436690663116,7470.831347459965,75,-0.0060435840832385734,-10.077046819451425,0,0.0060435840832385734,10.077046819451425,0,False
2026-01-25,260125.0,Saint Paul Winter Carnival,21918754,Karen Ni,0.3073091003782566,3646.447897574091,30,0.3195852680575687,3628.679741914588,31,0.3073091003782566,3646.447897574091,30,-0.012276167679312111,17.76815565950301,-1,0.012276167679312111,17.76815565950301,1,False
2026-01-25,260125.0,Saint Paul Winter Carnival,21921863,Janna Goodrich,0.2233332007428285,3965.886512707464,38,0.2282517929331887,3975.706029355038,38,0.2233332007428285,3965.886512707464,38,-0.004918592190360199,-9.819516647573892,0,0.004918592190360199,9.819516647573892,0,False
2026-01-25,260125.0,Saint Paul Winter Carnival,21922408,KaSaundra Olsen,-0.2180764115149609,6166.546932614629,72,-0.2118983399927431,6174.034306716322,72,-0.2180764115149609,6166.546932614629,72,-0.006178071522217804,-7.487374101692694,0,0.006178071522217804,7.487374101692694,0,False
2026-01-25,260125.0,Saint Paul Winter Carnival,21964658,Cosmo Smith,0.3464413711906324,3506.5100117537577,24,0.3692718534131438,3452.7889276490096,24,0.3464413711906324,3506.5100117537577,24,-0.022830482222511383,53.721084104748115,0,0.022830482222511383,53.721084104748115,0,False
2026-01-25,260125.0,Saint Paul Winter Carnival,21988310,Ashley Bromiley,0.3644673748550395,3443.867938768283,22,0.3713133915322634,3445.7471179431955,23,0.3644673748550395,3443.867938768283,22,-0.006846016677223898,-1.8791791749126787,-1,0.006846016677223898,1.8791791749126787,1,False
2026-01-25,260125.0,Saint Paul Winter Carnival,22074241,Josh Nelson,0.3050389563567076,3654.735262665704,31,0.335832857132304,3570.1988180910635,28,0.3050389563567076,3654.735262665704,31,-0.030793900775596406,84.53644457464043,3,0.030793900775596406,84.53644457464043,3,False
2026-01-25,260125.0,Saint Paul Winter Carnival,22251076,Jessica Henderson,0.1439103900798264,4293.7145694591045,48,0.1620313671249329,4247.891641913823,49,0.1439103900798264,4293.7145694591045,48,-0.018120977045106512,45.822927545281345,-1,0.018120977045106512,45.822927545281345,1,False
2026-01-25,260125.0,Saint Paul Winter Carnival,22324939,Lindsey Anderson,0.1793383401870732,4144.26012802077,44,0.2048889752172253,4069.683236264186,42,0.1793383401870732,4144.26012802077,44,-0.02555063503015209,74.57689175658425,2,0.02555063503015209,74.57689175658425,2,False
2026-01-25,260125.0,Saint Paul Winter Carnival,22389912,Tazia Statucki,0.131641287379141,4346.719088523482,50,0.1556257020076422,4275.189550515084,50,0.131641287379141,4346.719088523482,50,-0.023984414628501205,71.52953800839805,0,0.023984414628501205,71.52953800839805,0,False
2026-01-25,260125.0,Saint Paul Winter Carnival,22423946,Jennifer Sipple,0.5608687874427389,2829.7654487986065,5,0.566860219401265,2833.7301651635066,5,0.5608687874427389,2829.7654487986065,5,-0.005991431958526028,-3.9647163649001413,0,0.005991431958526028,3.9647163649001413,0,False
2026-01-25,260125.0,Saint Paul Winter Carnival,22447425,Kevin Erickson,0.1377378706893454,4320.299569703719,49,0.168573027221411,4220.194071483879,46,0.1377378706893454,4320.299569703719,49,-0.03083515653206559,100.10549821983932,3,0.03083515653206559,100.10549821983932,3,False
2026-01-25,260125.0,Saint Paul Winter Carnival,22557667,Angela Morford,0.1222579019384887,4387.697988866617,51,0.129351053073767,4389.007368853294,51,0.1222579019384887,4387.697988866617,51,-0.0070931511352782806,-1.309379986676504,0,0.0070931511352782806,1.309379986676504,0,False
2026-01-25,260125.0,Saint Paul Winter Carnival,22629662,Kate Amey,-0.3137873715260244,6785.920743673958,74,-0.3270679400410002,6927.659923191624,74,-0.3137873715260244,6785.920743673958,74,0.013280568514975832,-141.73917951766634,0,0.013280568514975832,141.73917951766634,0,False
2026-01-25,260125.0,Saint Paul Winter Carnival,22638087,Karen Bell,-0.0112739760753963,5014.514421267502,58,-0.0060690479224029,5025.491150880874,58,-0.0112739760753963,5014.514421267502,58,-0.0052049281529934,-10.97672961337139,0,0.0052049281529934,10.97672961337139,0,False
2026-01-25,260125.0,Saint Paul Winter Carnival,22645517,Marguerite Byrnes,0.1982619052064737,4066.5733259542017,42,0.1759638428174065,4189.1183741533205,45,0.1982619052064737,4066.5733259542017,42,0.022298062389067175,-122.54504819911881,-3,0.022298062389067175,122.54504819911881,3,False
2026-01-25,260125.0,Saint Paul Winter Carnival,22684893,Ellen Leader,-0.2065055252133823,6095.605736936132,71,-0.2006314083182641,6104.862293942189,71,-0.2065055252133823,6095.605736936132,71,-0.005874116895118214,-9.256557006056937,0,0.005874116895118214,9.256557006056937,0,False
2026-01-25,260125.0,Saint Paul Winter Carnival,22729973,Ashley Tucker,0.1763880207684767,4156.505073520371,45,0.1781215264106017,4180.089326584327,44,0.1763880207684767,4156.505073520371,45,-0.0017335056421249884,-23.584253063955657,1,0.0017335056421249884,23.584253063955657,1,False
2026-01-25,260125.0,Saint Paul Winter Carnival,22812262,Jolene Metty,-0.0992638699501194,5475.734847021241,64,-0.0939513010709383,5487.130513739,64,-0.0992638699501194,5475.734847021241,64,-0.0053125688791811065,-11.395666717759013,0,0.0053125688791811065,11.395666717759013,0,False
2026-01-25,260125.0,Saint Paul Winter Carnival,22830270,Dessa Burt,-0.1448740337612002,5731.267148604857,69,-0.1541055943379078,5827.334764310402,68,-0.1448740337612002,5731.267148604857,69,0.009231560576707598,-96.067615705545,1,0.009231560576707598,96.067615705545,1,False
2026-01-25,260125.0,Saint Paul Winter Carnival,22838801,Bonnie Smith,0.15598744014455,4242.171037040113,47,0.1625567886038579,4245.660294655233,48,0.15598744014455,4242.171037040113,47,-0.0065693484593079,-3.489257615119641,-1,0.0065693484593079,3.489257615119641,1,False
2026-01-25,260125.0,Saint Paul Winter Carnival,22846309,Deanna Chorzempa,-0.1115501261317891,5543.426112741219,65,-0.1066315339414288,5557.151610136126,65,-0.1115501261317891,5543.426112741219,65,-0.00491859219036031,-13.725497394906597,0,0.00491859219036031,13.725497394906597,0,False
2026-01-25,260125.0,Saint Paul Winter Carnival,22857066,Nathan Biberdorf,0.4680539904103745,3104.9841942989497,10,0.4776254832149833,3098.222808443926,12,0.4680539904103745,3104.9841942989497,10,-0.009571492804608839,6.761385855023491,-2,0.009571492804608839,6.761385855023491,2,False
2026-01-25,260125.0,Saint Paul Winter Carnival,22871519,Grace Byrnes,0.3097244617808702,3637.651036142151,29,0.3222019479684836,3619.1970605124097,30,0.3097244617808702,3637.651036142151,29,-0.012477486187613407,18.453975629741308,-1,0.012477486187613407,18.453975629741308,1,False
2026-01-25,260125.0,Saint Paul Winter Carnival,23742868,Katie Erickson,0.3431737084672834,3517.9868448058864,26,0.3793075274905253,3418.311156517996,22,0.3431737084672834,3517.9868448058864,26,-0.03613381902324192,99.67568828789035,4,0.03613381902324192,99.67568828789035,4,False
2026-01-25,260125.0,Saint Paul Winter Carnival,23743266,Jeff Amey,-0.1335802128945412,5666.903384633657,68,-0.1448288800011093,5773.526213519185,67,-0.1335802128945412,5666.903384633657,68,0.011248667106568105,-106.62282888552818,1,0.011248667106568105,106.62282888552818,1,False
2026-01-25,260125.0,Saint Paul Winter Carnival,23750128,Jasmine Lambert,0.4818858073292717,3062.332278143649,8,0.4914604543141135,3055.654132621309,10,0.4818858073292717,3062.332278143649,8,-0.009574646984841784,6.678145522339946,-2,0.009574646984841784,6.678145522339946,2,False
2026-01-25,260125.0,Saint Paul Winter Carnival,23758517,Kabao Lor,0.000483106790049,4955.903581080719,57,0.0005291169605299,4992.441285783496,57,0.000483106790049,4955.903581080719,57,-4.601017048090004e-05,-36.537704702776864,0,4.601017048090004e-05,36.537704702776864,0,False
2026-01-25,260125.0,Saint Paul Winter Carnival,23764523,Aubrey Barrow,0.4051078837925241,3306.713287552253,17,0.4392317555923571,3219.488149450294,15,0.4051078837925241,3306.713287552253,17,-0.034123871799833005,87.22513810195915,2,0.034123871799833005,87.22513810195915,2,False
2026-01-25,260125.0,Saint Paul Winter Carnival,23838242,Rose Barrett,0.4138894094090918,3277.8024266324933,16,0.4494543909212024,3186.7441463060027,14,0.4138894094090918,3277.8024266324933,16,-0.03556498151211057,91.0582803264906,2,0.03556498151211057,91.0582803264906,2,False
2026-01-25,260125.0,Saint Paul Winter Carnival,23888265,Feifei Xue,0.3450832969720544,3511.275347705436,25,0.3284795344880861,3596.5484016695955,29,0.3450832969720544,3511.275347705436,25,0.016603762483968332,-85.27305396415932,-4,0.016603762483968332,85.27305396415932,4,False
2026-01-25,260125.0,Saint Paul Winter Carnival,23971129,Amy Ellenberger,-0.2496706361332796,6364.484580011809,73,-0.2447520439429194,6380.243014371039,73,-0.2496706361332796,6364.484580011809,73,-0.004918592190360199,-15.758434359229796,0,0.004918592190360199,15.758434359229796,0,False
2026-01-25,260125.0,Saint Paul Winter Carnival,23971267,Jean Doroff,-0.6337214546997857,9344.463884993089,76,-0.6288028625094254,9367.600734317291,76,-0.6337214546997857,9344.463884993089,76,-0.0049185921903602825,-23.136849324202558,0,0.0049185921903602825,23.136849324202558,0,False
2026-01-25,260125.0,Saint Paul Winter Carnival,23994883,Emily Doroff,-0.0642760357579712,5287.4635521483215,62,-0.059357443567611,5300.5552874280365,62,-0.0642760357579712,5287.4635521483215,62,-0.004918592190360192,-13.091735279715067,0,0.004918592190360192,13.091735279715067,0,False
2026-01-25,260125.0,Saint Paul Winter Carnival,24098345,Erin Bahr,-0.0795095698262711,5368.626941369872,63,-0.0736987085360189,5377.119657990415,63,-0.0795095698262711,5368.626941369872,63,-0.005810861290252198,-8.492716620543433,0,0.005810861290252198,8.492716620543433,0,False
2026-01-25,260125.0,Saint Paul Winter Carnival,24132989,DoRae Wulbecker,0.0784752745568609,4584.070417247255,54,0.0874468629756386,4576.833025243206,53,0.0784752745568609,4584.070417247255,54,-0.008971588418777696,7.23739200404907,1,0.008971588418777696,7.23739200404907,1,False
2026-01-25,260125.0,Saint Paul Winter Carnival,24179977,Emily Howard,0.192446977363267,4090.289042177348,43,0.192446977363267,4120.634537059511,43,0.192446977363267,4090.289042177348,43,0.0,-30.34549488216271,0,0.0,30.34549488216271,0,False
2026-01-25,260125.0,Saint Paul Winter Carnival,24489863,Joelle Hershberger,0.0070102894114785,4923.660834971563,56,0.0119288816018387,4935.851796407583,56,0.0070102894114785,4923.660834971563,56,-0.004918592190360199,-12.190961436019279,0,0.004918592190360199,12.190961436019279,0,False
2026-01-25,260125.0,Saint Paul Winter Carnival,24552661,Nicole Kunkler,-0.0561084677517821,5244.453715982406,60,-0.0516384475172014,5259.79782780476,60,-0.0561084677517821,5244.453715982406,60,-0.0044700202345807,-15.344111822354535,0,0.0044700202345807,15.344111822354535,0,False
2026-01-25,260125.0,Saint Paul Winter Carnival,24581974,Jessica Rottenbacher,0.4150397042120454,3274.034155263026,15,0.4182107111409047,3287.8814841385715,17,0.4150397042120454,3274.034155263026,15,-0.003171006928859299,-13.847328875545372,-2,0.003171006928859299,13.847328875545372,2,False
2026-03-27,260327.01,2026 USA Jigsaw Nationals Individual Prelim A,17731926,Komal Shah,-0.1678725149453194,5329.653710264186,89,-0.1838603735115403,5415.435685924927,91,-0.1678725149453194,5329.653710264186,89,0.015987858566220897,-85.78197566074141,-2,0.015987858566220897,85.78197566074141,2,False
2026-03-27,260327.01,2026 USA Jigsaw Nationals Individual Prelim A,18141627,Alyssa Zackler,0.3719842009849856,3106.291435608492,19,0.3909243032854193,3047.948250508299,19,0.3719842009849856,3106.291435608492,19,-0.018940102300433692,58.34318510019284,0,0.018940102300433692,58.34318510019284,0,False
2026-03-27,260327.01,2026 USA Jigsaw Nationals Individual Prelim A,18405080,Kelly Walter,0.6707645447305833,2304.005676201056,1,0.7186221639457602,2196.292691827571,1,0.6707645447305833,2304.005676201056,1,-0.04785761921517684,107.71298437348469,0,0.04785761921517684,107.71298437348469,0,False
2026-03-27,260327.01,2026 USA Jigsaw Nationals Individual Prelim A,18518434,Elizabeth McElveen,0.3307499533653324,3237.054456122828,24,0.300825898456905,3335.314788702045,29,0.3307499533653324,3237.054456122828,24,0.029924054908427422,-98.26033257921699,-5,0.029924054908427422,98.26033257921699,5,False
2026-03-27,260327.01,2026 USA Jigsaw Nationals Individual Prelim A,19369070,Amanda Messinger,0.2230237044094709,3605.246143540444,38,0.2494398216081745,3511.1834334458595,37,0.2230237044094709,3605.246143540444,38,-0.026416117198703598,94.06271009458442,1,0.026416117198703598,94.06271009458442,1,False
2026-03-27,260327.01,2026 USA Jigsaw Nationals Individual Prelim A,19883351,Julia Winer,0.1001811979288979,4076.474628515288,58,0.1097222643983168,4037.6817313144,58,0.1001811979288979,4076.474628515288,58,-0.009541066469418893,38.79289720088764,0,0.009541066469418893,38.79289720088764,0,False
2026-03-27,260327.01,2026 USA Jigsaw Nationals Individual Prelim A,20453946,Sammy Brownlow,0.4712596576517271,2812.7259259708467,11,0.4768601927113753,2796.9590406257817,12,0.4712596576517271,2812.7259259708467,11,-0.005600535059648193,15.76688534506502,-1,0.005600535059648193,15.76688534506502,1,False
2026-03-27,260327.01,2026 USA Jigsaw Nationals Individual Prelim A,20533269,Elizaveta Gallagher,0.2936790129060393,3359.307119528941,28,0.3142672346393629,3290.783650799926,25,0.2936790129060393,3359.307119528941,28,-0.020588221733323586,68.5234687290149,3,0.020588221733323586,68.5234687290149,3,False
2026-03-27,260327.01,2026 USA Jigsaw Nationals Individual Prelim A,20539458,Kyle Kossin,0.498828925538732,2736.2403021902383,6,0.5191587434850466,2681.118931924243,6,0.498828925538732,2736.2403021902383,6,-0.020329817946314666,55.12137026599521,0,0.020329817946314666,55.12137026599521,0,False
2026-03-27,260327.01,2026 USA Jigsaw Nationals Individual Prelim A,20722129,Karen Kavett,0.4608473959831402,2842.1657659963057,12,0.4640184029119995,2833.1086165416896,13,0.4608473959831402,2842.1657659963057,12,-0.003171006928859299,9.057149454616138,-1,0.003171006928859299,9.057149454616138,1,False
2026-03-27,260327.01,2026 USA Jigsaw Nationals Individual Prelim A,20723938,Joyce Yoo,0.0964593077505041,4091.675089073073,59,0.1117908867843674,4029.3379255643313,56,0.0964593077505041,4091.675089073073,59,-0.015331579033863299,62.337163508741924,3,0.015331579033863299,62.337163508741924,3,False
2026-03-27,260327.01,2026 USA Jigsaw Nationals Individual Prelim A,20755407,Carrie Campbell,0.0238176566149876,4399.962836221001,69,0.0502041069228032,4285.292691836504,65,0.0238176566149876,4399.962836221001,69,-0.0263864503078156,114.67014438449769,4,0.0263864503078156,114.67014438449769,4,False
2026-03-27,260327.01,2026 USA Jigsaw Nationals Individual Prelim A,20859985,Jessa Douglas,0.5465864442045925,2608.6355503251734,4,0.5814773368116676,2519.135094075534,3,0.5465864442045925,2608.6355503251734,4,-0.03489089260707512,89.50045624963923,1,0.03489089260707512,89.50045624963923,1,False
2026-03-27,260327.01,2026 USA Jigsaw Nationals Individual Prelim A,20860009,Andrea Heistand,0.4896278370074478,2761.532872604446,8,0.5116343465374701,2701.368823603449,7,0.4896278370074478,2761.532872604446,8,-0.02200650953002231,60.16404900099678,1,0.02200650953002231,60.16404900099678,1,False
2026-03-27,260327.01,2026 USA Jigsaw Nationals Individual Prelim A,20865889,Stephanie Pringle,-0.4137410355581456,6815.195740513429,110,-0.4098565974277443,6788.632758260015,109,-0.4137410355581456,6815.195740513429,110,-0.0038844381304013464,26.562982253413793,1,0.0038844381304013464,26.562982253413793,1,False
2026-03-27,260327.01,2026 USA Jigsaw Nationals Individual Prelim A,21085430,Kristen Sweeney,0.1444284599471019,3900.0340787678338,51,0.1667012859053137,3814.0502295759215,47,0.1444284599471019,3900.0340787678338,51,-0.022272825958211784,85.98384919191221,4,0.022272825958211784,85.98384919191221,4,False
2026-03-27,260327.01,2026 USA Jigsaw Nationals Individual Prelim A,21090776,Ashley Willard,0.0193522986148082,4419.654177196203,70,-0.0033114452960435,4520.869796033198,71,0.0193522986148082,4419.654177196203,70,0.0226637439108517,-101.21561883699542,-1,0.0226637439108517,101.21561883699542,1,False
2026-03-27,260327.01,2026 USA Jigsaw Nationals Individual Prelim A,21124700,Shirley Jiang,-0.0359117080999181,4670.777094782814,78,-0.0393318707761008,4686.681832030704,79,-0.0359117080999181,4670.777094782814,78,0.0034201626761826975,-15.904737247889898,-1,0.0034201626761826975,15.904737247889898,1,False
2026-03-27,260327.01,2026 USA Jigsaw Nationals Individual Prelim A,21173211,Natalie Hinkley,-0.1711123700073143,5346.949017832375,90,-0.1735783631900226,5360.039400932954,90,-0.1711123700073143,5346.949017832375,90,0.0024659931827082926,-13.090383100578947,0,0.0024659931827082926,13.090383100578947,0,False
2026-03-27,260327.01,2026 USA Jigsaw Nationals Individual Prelim A,21178749,Yuewen Chun,0.286248430509303,3384.361697650865,29,0.3065092653358252,3316.4127356313847,27,0.286248430509303,3384.361697650865,29,-0.02026083482652219,67.9489620194804,2,0.02026083482652219,67.9489620194804,2,False
2026-03-27,260327.01,2026 USA Jigsaw Nationals Individual Prelim A,21187349,Alison Filley,0.2217727183785387,3609.759078324723,39,0.2399187983218742,3544.7731431407037,39,0.2217727183785387,3609.759078324723,39,-0.018146079943335502,64.98593518401913,0,0.018146079943335502,64.98593518401913,0,False
2026-03-27,260327.01,2026 USA Jigsaw Nationals Individual Prelim A,21254948,Catherine Huang,-0.2285685242881225,5663.161331804706,97,-0.221704190052437,5624.303694807746,97,-0.2285685242881225,5663.161331804706,97,-0.006864334235685499,38.85763699695963,0,0.006864334235685499,38.85763699695963,0,False
2026-03-27,260327.01,2026 USA Jigsaw Nationals Individual Prelim A,21394027,Elizabeth Tashiro,0.2030402896622955,3678.0159454360455,43,0.2154872186197963,3632.44416056361,41,0.2030402896622955,3678.0159454360455,43,-0.012446928957500797,45.57178487243573,2,0.012446928957500797,45.57178487243573,2,False
2026-03-27,260327.01,2026 USA Jigsaw Nationals Individual Prelim A,21405969,Owen Wartella,0.0404992872021737,4327.173095340613,67,-0.0067276017094361,4536.340204002599,73,0.0404992872021737,4327.173095340613,67,0.0472268889116098,-209.16710866198628,-6,0.0472268889116098,209.16710866198628,6,False
2026-03-27,260327.01,2026 USA Jigsaw Nationals Individual Prelim A,21423906,Gail McCormick,0.3911877602772091,3047.208698947678,17,0.4184819498461898,2965.100753865024,16,0.3911877602772091,3047.208698947678,17,-0.02729418956898072,82.10794508265371,1,0.02729418956898072,82.10794508265371,1,False
2026-03-27,260327.01,2026 USA Jigsaw Nationals Individual Prelim A,21467665,Rachelle Martineau,-0.43372880719058,6952.786805263943,111,-0.4750363126373019,7245.852784154197,113,-0.43372880719058,6952.786805263943,111,0.041307505446721904,-293.065978890254,-2,0.041307505446721904,293.065978890254,2,False
2026-03-27,260327.01,2026 USA Jigsaw Nationals Individual Prelim A,21556752,Hanna Sigler,0.636880177362074,2383.413190137905,2,0.6507299315443582,2350.582174351307,2,0.636880177362074,2383.413190137905,2,-0.01384975418228418,32.83101578659807,0,0.01384975418228418,32.83101578659807,0,False
2026-03-27,260327.01,2026 USA Jigsaw Nationals Individual Prelim A,21581068,Andrea Peng,0.5155774169652453,2690.794045415704,5,0.5561454049563058,2583.7647941190576,5,0.5155774169652453,2690.794045415704,5,-0.04056798799106054,107.02925129664663,0,0.04056798799106054,107.02925129664663,0,False
2026-03-27,260327.01,2026 USA Jigsaw Nationals Individual Prelim A,21617866,Margaret Long,0.3673748036838999,3120.6426167064774,20,0.4163658611186726,2971.381813442122,17,0.3673748036838999,3120.6426167064774,20,-0.04899105743477267,149.26080326435522,3,0.04899105743477267,149.26080326435522,3,False
2026-03-27,260327.01,2026 USA Jigsaw Nationals Individual Prelim A,21696285,Michelle Penta,0.1187032363820123,4001.66496116872,56,0.1144114642905825,4018.792556744779,55,0.1187032363820123,4001.66496116872,56,0.0042917720914297935,-17.12759557605932,1,0.0042917720914297935,17.12759557605932,1,False
2026-03-27,260327.01,2026 USA Jigsaw Nationals Individual Prelim A,21832826,Krystal Cotriss,0.1516388442222427,3872.0144718343936,49,0.1112188421954108,4031.6435459176782,57,0.1516388442222427,3872.0144718343936,49,0.040420002026831894,-159.62907408328465,-8,0.040420002026831894,159.62907408328465,8,False
2026-03-27,260327.01,2026 USA Jigsaw Nationals Individual Prelim A,21851725,Maud Dias,0.474262639335419,2804.2920312875385,9,0.4904213679190625,2759.28501840499,9,0.474262639335419,2804.2920312875385,9,-0.016158728583643478,45.00701288254868,0,0.016158728583643478,45.00701288254868,0,False
2026-03-27,260327.01,2026 USA Jigsaw Nationals Individual Prelim A,21858254,Kara Bingham,0.2566223087496301,3486.127225086075,35,0.2656408630857064,3454.7569233219047,35,0.2566223087496301,3486.127225086075,35,-0.00901855433607629,31.370301764170563,0,0.00901855433607629,31.370301764170563,0,False
2026-03-27,260327.01,2026 USA Jigsaw Nationals Individual Prelim A,21892775,Andrea Reynolds,0.2612131903714593,3470.159508669872,34,0.2895684465165963,3373.074072533808,32,0.2612131903714593,3470.159508669872,34,-0.02835525614513701,97.08543613606435,2,0.02835525614513701,97.08543613606435,2,False
2026-03-27,260327.01,2026 USA Jigsaw Nationals Individual Prelim A,21896776,Tally Klinefelter,0.4435824304155719,2891.661703442421,13,0.4806820867506576,2786.2897609555484,10,0.4435824304155719,2891.661703442421,13,-0.03709965633508572,105.37194248687274,3,0.03709965633508572,105.37194248687274,3,False
2026-03-27,260327.01,2026 USA Jigsaw Nationals Individual Prelim A,21900482,Hiromi Kimura,0.1583040871660343,3846.292371946411,47,0.1620213891259469,3831.941422776823,49,0.1583040871660343,3846.292371946411,47,-0.0037173019599126,14.350949169588148,-2,0.0037173019599126,14.350949169588148,2,False
2026-03-27,260327.01,2026 USA Jigsaw Nationals Individual Prelim A,21918754,Karen Ni,0.2995077939073972,3339.783409005361,26,0.3119329399512496,3298.4742822035914,26,0.2995077939073972,3339.783409005361,26,-0.01242514604385242,41.30912680176971,0,0.01242514604385242,41.30912680176971,0,False
2026-03-27,260327.01,2026 USA Jigsaw Nationals Individual Prelim A,21926827,Emily Boudreaux,0.1356401586034686,3934.4598037549576,53,0.143003336085256,3905.514882453687,52,0.1356401586034686,3934.4598037549576,53,-0.007363177481787414,28.944921301270824,1,0.007363177481787414,28.944921301270824,1,False
2026-03-27,260327.01,2026 USA Jigsaw Nationals Individual Prelim A,21927536,Skye Vandeleest,0.4731246595769711,2807.4850753210767,10,0.4791287980803976,2790.621036262894,11,0.4731246595769711,2807.4850753210767,10,-0.006004138503426515,16.864039058182698,-1,0.006004138503426515,16.864039058182698,1,False
2026-03-27,260327.01,2026 USA Jigsaw Nationals Individual Prelim A,21930531,Beth Luebbe,-0.0425810043650057,4702.0319992748455,80,-0.0933821275794545,4946.969121515417,81,-0.0425810043650057,4702.0319992748455,80,0.050801123214448796,-244.93712224057163,-1,0.050801123214448796,244.93712224057163,1,False
2026-03-27,260327.01,2026 USA Jigsaw Nationals Individual Prelim A,21973658,Leah Robbins,-0.0933504739383542,4946.915371815614,83,-0.1022409952658165,4990.988358827204,82,-0.0933504739383542,4946.915371815614,83,0.008890521327462292,-44.07298701159016,1,0.008890521327462292,44.07298701159016,1,False
2026-03-27,260327.01,2026 USA Jigsaw Nationals Individual Prelim A,21974544,Jamie Lim,-0.0225811687365282,4608.926285111277,76,-0.016695907444798,4581.785962365367,76,-0.0225811687365282,4608.926285111277,76,-0.005885261291730202,27.140322745910453,0,0.005885261291730202,27.140322745910453,0,False
2026-03-27,260327.01,2026 USA Jigsaw Nationals Individual Prelim A,21988310,Ashley Bromiley,0.3820429246763299,3075.2027268424217,18,0.3881832524387468,3056.314292275816,20,0.3820429246763299,3075.2027268424217,18,-0.006140327762416908,18.88843456660561,-2,0.006140327762416908,18.88843456660561,2,False
2026-03-27,260327.01,2026 USA Jigsaw Nationals Individual Prelim A,21991929,Allyson Haim,-0.1123078313719005,5041.59037328146,84,-0.1063768345755865,5011.673029428584,83,-0.1123078313719005,5041.59037328146,84,-0.005930996796313995,29.917343852876,1,0.005930996796313995,29.917343852876,1,False
2026-03-27,260327.01,2026 USA Jigsaw Nationals Individual Prelim A,22060891,Kirsty Weitzel,0.2143126778281494,3636.78872319473,40,0.2347605235938224,3563.1052973573755,40,0.2143126778281494,3636.78872319473,40,-0.020447845765673017,73.68342583735466,0,0.020447845765673017,73.68342583735466,0,False
2026-03-27,260327.01,2026 USA Jigsaw Nationals Individual Prelim A,22065952,Jodie Morse,0.0480357327828303,4294.684170073506,65,0.0485234258711583,4292.500957765651,66,0.0480357327828303,4294.684170073506,65,-0.000487693088328002,2.183212307854774,-1,0.000487693088328002,2.183212307854774,1,False
2026-03-27,260327.01,2026 USA Jigsaw Nationals Individual Prelim A,22255681,Jessica Crosby,-0.1510871906727102,5240.940368465584,88,-0.1654764469272541,5316.788255707178,89,-0.1510871906727102,5240.940368465584,88,0.014389256254543903,-75.84788724159444,-1,0.014389256254543903,75.84788724159444,1,False
2026-03-27,260327.01,2026 USA Jigsaw Nationals Individual Prelim A,22408132,Jen Lunsford,0.4094854815127439,2991.958739303427,14,0.4267579202877422,2940.6629305038614,15,0.4094854815127439,2991.958739303427,14,-0.01727243877499829,51.29580879956575,-1,0.01727243877499829,51.29580879956575,1,False
2026-03-27,260327.01,2026 USA Jigsaw Nationals Individual Prelim A,22423946,Jennifer Sipple,0.5524170591328739,2593.469856567688,3,0.5594280934871924,2575.297005223741,4,0.5524170591328739,2593.469856567688,3,-0.0070110343543184905,18.17285134394706,-1,0.0070110343543184905,18.17285134394706,1,False
2026-03-27,260327.01,2026 USA Jigsaw Nationals Individual Prelim A,22477087,Toni MacReynolds,0.2078077749250331,3660.5227909315713,41,0.2056178882173301,3668.471442294148,43,0.2078077749250331,3660.5227909315713,41,0.0021898867077030093,-7.948651362576584,-2,0.0021898867077030093,7.948651362576584,2,False
2026-03-27,260327.01,2026 USA Jigsaw Nationals Individual Prelim A,22549301,Jenevieve Parker,-0.0226924984171754,4609.439423965989,77,-0.0275015758896054,4631.563678762936,77,-0.0226924984171754,4609.439423965989,77,0.00480907747243,-22.124254796947753,0,0.00480907747243,22.124254796947753,0,False
2026-03-27,260327.01,2026 USA Jigsaw Nationals Individual Prelim A,22549310,Brooke Vlasich,-0.2072544374620423,5543.733488388833,94,-0.1475633194259657,5222.395904931677,88,-0.2072544374620423,5543.733488388833,94,-0.0596911180360766,321.33758345715614,6,0.0596911180360766,321.33758345715614,6,False
2026-03-27,260327.01,2026 USA Jigsaw Nationals Individual Prelim A,22557667,Angela Morford,0.1547287609770194,3860.06873461434,48,0.1618675162125739,3832.5311001339423,50,0.1547287609770194,3860.06873461434,48,-0.007138755235554489,27.537634480397628,-2,0.007138755235554489,27.537634480397628,2,False
2026-03-27,260327.01,2026 USA Jigsaw Nationals Individual Prelim A,22610319,Patty Baker,-1.095309894241976,13473.484533608997,120,-1.1996251222650214,14954.58714255192,120,-1.095309894241976,13473.484533608997,120,0.10431522802304549,-1481.1026089429233,0,0.10431522802304549,1481.1026089429233,0,False
2026-03-27,260327.01,2026 USA Jigsaw Nationals Individual Prelim A,22640026,Leslie Richardson,0.4070270950094131,2999.3231788970897,16,0.4272686806766976,2939.161339870842,14,0.4070270950094131,2999.3231788970897,16,-0.020241585667284512,60.16183902624789,2,0.020241585667284512,60.16183902624789,2,False
2026-03-27,260327.01,2026 USA Jigsaw Nationals Individual Prelim A,22651572,Jeanette Ward,-0.4865190215702403,7329.686699492795,115,-0.5312262365586942,7664.65268388433,115,-0.4865190215702403,7329.686699492795,115,0.04470721498845387,-334.96598439153513,0,0.04470721498845387,334.96598439153513,0,False
2026-03-27,260327.01,2026 USA Jigsaw Nationals Individual Prelim A,22654912,Karen Wells,0.1035462846790145,4062.779992497739,57,0.0899505164862346,4118.308193156657,59,0.1035462846790145,4062.779992497739,57,0.013595768192779897,-55.52820065891774,-2,0.013595768192779897,55.52820065891774,2,False
2026-03-27,260327.01,2026 USA Jigsaw Nationals Individual Prelim A,22673646,Gloria Johnston,-0.4540699863924989,7095.662895322195,114,-0.442213934174442,7011.887317374383,112,-0.4540699863924989,7095.662895322195,114,-0.011856052218056912,83.77557794781205,2,0.011856052218056912,83.77557794781205,2,False
2026-03-27,260327.01,2026 USA Jigsaw Nationals Individual Prelim A,22686729,Rebecca Young,0.0724348807469697,4191.165554057216,62,0.0552109657528404,4263.89045997027,64,0.0724348807469697,4191.165554057216,62,0.0172239149941293,-72.7249059130545,-2,0.0172239149941293,72.7249059130545,2,False
2026-03-27,260327.01,2026 USA Jigsaw Nationals Individual Prelim A,22691848,Ann Glezen,-0.2074955459505071,5545.070290741394,95,-0.2022445856291176,5515.91499073313,93,-0.2074955459505071,5545.070290741394,95,-0.005250960321389497,29.15530000826402,2,0.005250960321389497,29.15530000826402,2,False
2026-03-27,260327.01,2026 USA Jigsaw Nationals Individual Prelim A,22713270,Christina Harwell,0.4913623623464416,2756.747075605401,7,0.4970226681954358,2741.1301382861097,8,0.4913623623464416,2756.747075605401,7,-0.005660305848994185,15.616937319291083,-1,0.005660305848994185,15.616937319291083,1,False
2026-03-27,260327.01,2026 USA Jigsaw Nationals Individual Prelim A,22717065,Jose Salinas,-0.2493472884355513,5782.065892229708,98,-0.244357393731852,5753.166256259167,98,-0.2493472884355513,5782.065892229708,98,-0.004989894703699288,28.899635970540658,0,0.004989894703699288,28.899635970540658,0,False
2026-03-27,260327.01,2026 USA Jigsaw Nationals Individual Prelim A,22721983,Lisa Coleman,-0.2765497969980494,5941.511416248089,102,-0.2745140382382747,5929.304973660305,99,-0.2765497969980494,5941.511416248089,102,-0.0020357587597746862,12.206442587783386,3,0.0020357587597746862,12.206442587783386,3,False
2026-03-27,260327.01,2026 USA Jigsaw Nationals Individual Prelim A,22729973,Ashley Tucker,0.1913038235154909,3721.437162470108,44,0.1937556798139688,3712.2467375944457,45,0.1913038235154909,3721.437162470108,44,-0.0024518562984778836,9.190424875662302,-1,0.0024518562984778836,9.190424875662302,1,False
2026-03-27,260327.01,2026 USA Jigsaw Nationals Individual Prelim A,22732942,Melissa Ryburn,-0.0897019328793862,4928.899234260774,81,-0.1254260708342712,5108.056675872894,86,-0.0897019328793862,4928.899234260774,81,0.03572413795488501,-179.15744161211933,-5,0.03572413795488501,179.15744161211933,5,False
2026-03-27,260327.01,2026 USA Jigsaw Nationals Individual Prelim A,22755028,Jarom Chung,0.3461809722587858,3187.4868307013594,22,0.3536709086433998,3163.636174326075,22,0.3461809722587858,3187.4868307013594,22,-0.007489936384613982,23.850656375284416,0,0.007489936384613982,23.850656375284416,0,False
2026-03-27,260327.01,2026 USA Jigsaw Nationals Individual Prelim A,22817937,J.D. Armstrong,0.0093913362836195,4463.898176551242,71,-0.0052338813019535,4529.569238288377,72,0.0093913362836195,4463.898176551242,71,0.014625217585573,-65.67106173713546,-1,0.014625217585573,65.67106173713546,1,False
2026-03-27,260327.01,2026 USA Jigsaw Nationals Individual Prelim A,22828246,Diana Stanley,-0.3875654620418221,6639.118596802073,109,-0.4244764584267576,6888.610676422579,110,-0.3875654620418221,6639.118596802073,109,0.0369109963849355,-249.49207962050605,-1,0.0369109963849355,249.49207962050605,1,False
2026-03-27,260327.01,2026 USA Jigsaw Nationals Individual Prelim A,22860134,Zoe Beckett,0.1436917206331021,3902.908445899223,52,0.1495310152007619,3880.103961918977,51,0.1436917206331021,3902.908445899223,52,-0.005839294567659803,22.804483980246005,1,0.005839294567659803,22.804483980246005,1,False
2026-03-27,260327.01,2026 USA Jigsaw Nationals Individual Prelim A,22861932,Trish Doty,0.1868774293202649,3737.946221169653,45,0.1998173486329417,3689.812390780716,44,0.1868774293202649,3737.946221169653,45,-0.012939919312676795,48.133830388936985,1,0.012939919312676795,48.133830388936985,1,False
2026-03-27,260327.01,2026 USA Jigsaw Nationals Individual Prelim A,22862145,Katie Ruberg,0.2691938385222409,3442.5756017351628,31,0.2976915688122901,3345.7851649519653,30,0.2691938385222409,3442.5756017351628,31,-0.028497730290049206,96.79043678319749,1,0.028497730290049206,96.79043678319749,1,False
2026-03-27,260327.01,2026 USA Jigsaw Nationals Individual Prelim A,22873087,My-Lea Coulombe-Quach,-0.1871059594118523,5433.153446562949,92,-0.2049255745939335,5530.722939057579,94,-0.1871059594118523,5433.153446562949,92,0.017819615182081222,-97.56949249463014,-2,0.017819615182081222,97.56949249463014,2,False
2026-03-27,260327.01,2026 USA Jigsaw Nationals Individual Prelim A,23149275,Lori Eich,0.1509298318019808,3874.760751644556,50,0.173795942932216,3787.086613217984,46,0.1509298318019808,3874.760751644556,50,-0.022866111130235206,87.67413842657197,4,0.022866111130235206,87.67413842657197,4,False
2026-03-27,260327.01,2026 USA Jigsaw Nationals Individual Prelim A,23608821,Jeff Soesbe,-0.6551086398578544,8675.668566501883,118,-0.7345939338850638,9393.20820433949,118,-0.6551086398578544,8675.668566501883,118,0.07948529402720939,-717.5396378376063,0,0.07948529402720939,717.5396378376063,0,False
2026-03-27,260327.01,2026 USA Jigsaw Nationals Individual Prelim A,23741751,Andrew Dunkman,-0.2576855844870369,5830.480034646681,100,-0.284949807212451,5991.505822890117,100,-0.2576855844870369,5830.480034646681,100,0.027264222725414122,-161.02578824343618,0,0.027264222725414122,161.02578824343618,0,False
2026-03-27,260327.01,2026 USA Jigsaw Nationals Individual Prelim A,23742868,Katie Erickson,0.3412317026959142,3203.301665913508,23,0.3702307091315977,3111.678383136914,21,0.3412317026959142,3203.301665913508,23,-0.02899900643568354,91.6232827765939,2,0.02899900643568354,91.6232827765939,2,False
2026-03-27,260327.01,2026 USA Jigsaw Nationals Individual Prelim A,23745094,Gabby Melli,-0.1874081477943836,5434.795530511866,93,-0.2052565428224201,5532.553735582003,95,-0.1874081477943836,5434.795530511866,93,0.01784839502803648,-97.75820507013759,-2,0.01784839502803648,97.75820507013759,2,False
2026-03-27,260327.01,2026 USA Jigsaw Nationals Individual Prelim A,23749556,Audrey Nelson,0.1200639146962538,3996.223685187828,55,0.1255149729250733,3974.416678779296,54,0.1200639146962538,3996.223685187828,55,-0.0054510582288195,21.807006408531834,1,0.0054510582288195,21.807006408531834,1,False
2026-03-27,260327.01,2026 USA Jigsaw Nationals Individual Prelim A,23751282,Marissa Salvato,0.039358029616332,4332.114333537388,68,0.021484039310232,4410.1509745992325,68,0.039358029616332,4332.114333537388,68,0.017873990306100002,-78.03664106184442,0,0.017873990306100002,78.03664106184442,0,False
2026-03-27,260327.01,2026 USA Jigsaw Nationals Individual Prelim A,23758322,Shara Taylor,-0.4518426917279183,7079.876350383653,113,-0.5143909601577477,7536.696250568021,114,-0.4518426917279183,7079.876350383653,113,0.06254826842982936,-456.81990018436863,-1,0.06254826842982936,456.81990018436863,1,False
2026-03-27,260327.01,2026 USA Jigsaw Nationals Individual Prelim A,23758345,Lihan Chen,-0.2504057651382735,5788.189314448408,99,-0.2851341395661082,5992.610353057593,101,-0.2504057651382735,5788.189314448408,99,0.03472837442783472,-204.4210386091845,-2,0.03472837442783472,204.4210386091845,2,False
2026-03-27,260327.01,2026 USA Jigsaw Nationals Individual Prelim A,23758517,Kabao Lor,0.0806580238493398,4156.8423158019,60,0.0601499263643885,4242.883192672475,62,0.0806580238493398,4156.8423158019,60,0.020508097484951304,-86.04087687057472,-2,0.020508097484951304,86.04087687057472,2,False
2026-03-27,260327.01,2026 USA Jigsaw Nationals Individual Prelim A,23764079,Glenn Hollingsworth,-0.3533317385867982,6415.683180691195,105,-0.3603451846569069,6460.703077785784,108,-0.3533317385867982,6415.683180691195,105,0.007013446070108675,-45.019897094589396,-3,0.007013446070108675,45.019897094589396,3,False
2026-03-27,260327.01,2026 USA Jigsaw Nationals Individual Prelim A,23764352,Makiko Hiromi,0.0721572268973245,4192.329408874708,63,0.0565799777711009,4258.057136542029,63,0.0721572268973245,4192.329408874708,63,0.015577249126223595,-65.72772766732123,0,0.015577249126223595,65.72772766732123,0,False
2026-03-27,260327.01,2026 USA Jigsaw Nationals Individual Prelim A,23764721,Jessie O'Neill,0.0007261267857804,4502.746862346721,72,0.0007952817177594,4502.3418884849,70,0.0007261267857804,4502.746862346721,72,-6.915493197900003e-05,0.4049738618214178,2,6.915493197900003e-05,0.4049738618214178,2,False
2026-03-27,260327.01,2026 USA Jigsaw Nationals Individual Prelim A,23764760,Erin Cherry,0.0425574275694731,4318.276324259165,66,0.0457958866680472,4304.224903900368,67,0.0425574275694731,4318.276324259165,66,-0.0032384590985740994,14.051420358797259,-1,0.0032384590985740994,14.051420358797259,1,False
2026-03-27,260327.01,2026 USA Jigsaw Nationals Individual Prelim A,23764943,Sruti Sreerama,-0.6434741822547522,8575.316769719651,117,-0.7047574377075857,9117.087504390513,117,-0.6434741822547522,8575.316769719651,117,0.06128325545283353,-541.7707346708612,0,0.06128325545283353,541.7707346708612,0,False
2026-03-27,260327.01,2026 USA Jigsaw Nationals Individual Prelim A,23764984,Helen Hu,0.3296205150523571,3240.7125748676267,25,0.3496645051187591,3176.336401575288,24,0.3296205150523571,3240.7125748676267,25,-0.02004399006640195,64.37617329233854,1,0.02004399006640195,64.37617329233854,1,False
2026-03-27,260327.01,2026 USA Jigsaw Nationals Individual Prelim A,23764995,Tara Griffitts,0.2673826435446643,3448.816427344908,32,0.2958719218720913,3351.878855190922,31,0.2673826435446643,3448.816427344908,32,-0.028489278327427037,96.93757215398591,1,0.028489278327427037,96.93757215398591,1,False
2026-03-27,260327.01,2026 USA Jigsaw Nationals Individual Prelim A,23765422,Todd OHara,-0.1818511249394499,5404.678006924027,91,-0.199170279695588,5498.983420297529,92,-0.1818511249394499,5404.678006924027,91,0.0173191547561381,-94.30541337350223,-1,0.0173191547561381,94.30541337350223,1,False
2026-03-27,260327.01,2026 USA Jigsaw Nationals Individual Prelim A,23767204,Mary Wheeler,-0.7129691989207171,9192.454183936266,119,-0.7808710273893568,9838.113647286506,119,-0.7129691989207171,9192.454183936266,119,0.06790182846863968,-645.6594633502391,0,0.06790182846863968,645.6594633502391,0,False
2026-03-27,260327.01,2026 USA Jigsaw Nationals Individual Prelim A,23786576,Dawn-Marie Bey,-0.2684653528600479,5893.671240285376,101,-0.3371190264357149,6312.374979778268,103,-0.2684653528600479,5893.671240285376,101,0.06865367357566698,-418.70373949289205,-2,0.06865367357566698,418.70373949289205,2,False
2026-03-27,260327.01,2026 USA Jigsaw Nationals Individual Prelim A,23820090,Matthew Swanson,0.2412577067030873,3540.10378490973,36,0.262152080250486,3466.830869417191,36,0.2412577067030873,3540.10378490973,36,-0.020894373547398676,73.27291549253914,0,0.020894373547398676,73.27291549253914,0,False
2026-03-27,260327.01,2026 USA Jigsaw Nationals Individual Prelim A,23848490,Ryder Jackson,0.2383831404094649,3550.2946881218027,37,0.2446057447209453,3528.1978555073533,38,0.2383831404094649,3550.2946881218027,37,-0.00622260431148039,22.09683261444934,-1,0.00622260431148039,22.09683261444934,1,False
2026-03-27,260327.01,2026 USA Jigsaw Nationals Individual Prelim A,23854858,Jenn Thompson,-0.361196490935292,6466.339880140633,107,-0.3555954005922839,6430.08889619238,106,-0.361196490935292,6466.339880140633,107,-0.005601090343008097,36.250983948252724,1,0.005601090343008097,36.250983948252724,1,False
2026-03-27,260327.01,2026 USA Jigsaw Nationals Individual Prelim A,23888265,Feifei Xue,0.3627367491948907,3135.1499440846715,21,0.3507185969762392,3172.9900152469118,23,0.3627367491948907,3135.1499440846715,21,0.01201815221865149,-37.84007116224029,-2,0.01201815221865149,37.84007116224029,2,False
2026-03-27,260327.01,2026 USA Jigsaw Nationals Individual Prelim A,23926084,Kyle Germait,-0.5579044972630274,7872.047930417503,116,-0.5529063535312015,7832.637637603992,116,-0.5579044972630274,7872.047930417503,116,-0.004998143731825833,39.41029281351166,0,0.004998143731825833,39.41029281351166,0,False
2026-03-27,260327.01,2026 USA Jigsaw Nationals Individual Prelim A,23984023,Dakota Scully,0.2991505131454954,3340.976862552619,27,0.3055779282196145,3319.5028726610426,28,0.2991505131454954,3340.976862552619,27,-0.006427415074119092,21.473989891576366,-1,0.006427415074119092,21.473989891576366,1,False
2026-03-27,260327.01,2026 USA Jigsaw Nationals Individual Prelim A,23994883,Emily Doroff,-0.0401717238320271,4690.717120944816,79,-0.0340483201656116,4661.984812804695,78,-0.0401717238320271,4690.717120944816,79,-0.006123403666415499,28.73230814012095,1,0.006123403666415499,28.73230814012095,1,False
2026-03-27,260327.01,2026 USA Jigsaw Nationals Individual Prelim A,24005690,Hannah Bevis,-0.0927951127738417,4944.168809871493,82,-0.0864591357636922,4912.839570388689,80,-0.0927951127738417,4944.168809871493,82,-0.006335977010149499,31.32923948280404,2,0.006335977010149499,31.32923948280404,2,False
2026-03-27,260327.01,2026 USA Jigsaw Nationals Individual Prelim A,24108422,Melinda Shokler,0.408594312439731,2994.626268832991,15,0.4130643326743117,2981.2081270195067,18,0.408594312439731,2994.626268832991,15,-0.004470020234580707,13.418141813484453,-3,0.004470020234580707,13.418141813484453,3,False
2026-03-27,260327.01,2026 USA Jigsaw Nationals Individual Prelim A,24184546,Alex Sepela,0.1601231981880864,3839.30189924925,46,0.1642037447629332,3823.587882325706,48,0.1601231981880864,3839.30189924925,46,-0.0040805465748467995,15.714016923544023,-2,0.0040805465748467995,15.714016923544023,2,False
2026-03-27,260327.01,2026 USA Jigsaw Nationals Individual Prelim A,24184814,Alexandra Michonski,0.2627541653755472,3464.81619761855,33,0.2751363889634031,3422.107446849387,34,0.2627541653755472,3464.81619761855,33,-0.0123822235878559,42.70875076916309,-1,0.0123822235878559,42.70875076916309,1,False
2026-03-27,260327.01,2026 USA Jigsaw Nationals Individual Prelim A,24197396,Claire Sole,-0.0114673011604376,4557.986879939268,74,-0.0125594250804793,4562.872629836201,75,-0.0114673011604376,4557.986879939268,74,0.0010921239200416995,-4.8857498969327935,-1,0.0010921239200416995,4.8857498969327935,1,False
2026-03-27,260327.01,2026 USA Jigsaw Nationals Individual Prelim A,24201706,Sasha Laczkowski,-0.1236911041793467,5099.308056703877,86,-0.1175663324446674,5068.066050517749,84,-0.1236911041793467,5099.308056703877,86,-0.006124771734679305,31.242006186127583,2,0.006124771734679305,31.242006186127583,2,False
2026-03-27,260327.01,2026 USA Jigsaw Nationals Individual Prelim A,24205770,Laura Vu,-0.4457599612549856,7036.942081933279,112,-0.4418755231245843,7009.5148186883625,111,-0.4457599612549856,7036.942081933279,112,-0.0038844381304013464,27.427263244916503,1,0.0038844381304013464,27.427263244916503,1,False
2026-03-27,260327.01,2026 USA Jigsaw Nationals Individual Prelim A,24337113,Shay Gibson,-0.1236131120953917,5098.910366550346,85,-0.1187860231083457,5074.251294637935,85,-0.1236131120953917,5098.910366550346,85,-0.004827088987046008,24.65907191241149,0,0.004827088987046008,24.65907191241149,0,False
2026-03-27,260327.01,2026 USA Jigsaw Nationals Individual Prelim A,24471543,Paula Marques-Roberts,-0.0169243670622748,4582.928105784477,75,-0.0120841314261505,4560.704440733806,74,-0.0169243670622748,4582.928105784477,75,-0.004840235636124299,22.223665050671116,1,0.004840235636124299,22.223665050671116,1,False
2026-03-27,260327.01,2026 USA Jigsaw Nationals Individual Prelim A,24495053,Nicole Zern,0.066670526028427,4215.394684556311,64,0.0725098205960868,4190.764360302763,61,0.066670526028427,4215.394684556311,64,-0.005839294567659789,24.63032425354868,3,0.005839294567659789,24.63032425354868,3,False
2026-03-27,260327.01,2026 USA Jigsaw Nationals Individual Prelim A,24617008,Alexandra Babcock,0.1218475750124278,3989.102132689367,54,0.1282749900865469,3963.46234456812,53,0.1218475750124278,3989.102132689367,54,-0.006427415074119092,25.639788121246966,1,0.006427415074119092,25.639788121246966,1,False
2026-03-27,260327.01,2026 USA Jigsaw Nationals Individual Prelim A,24675695,Jamie Kosberg,0.2042300618599313,3673.6425465118296,42,0.2062658206197059,3666.095290655448,42,0.2042300618599313,3673.6425465118296,42,-0.002035758759774575,7.5472558563815255,0,0.002035758759774575,7.5472558563815255,0,False
2026-03-27,260327.01,2026 USA Jigsaw Nationals Individual Prelim A,24675966,Sonia Lara,0.0743204174326883,4183.270403286435,61,0.0763561761924629,4174.676150674668,60,0.0743204174326883,4183.270403286435,61,-0.002035758759774603,8.594252611766933,1,0.002035758759774603,8.594252611766933,1,False
2026-03-27,260327.01,2026 USA Jigsaw Nationals Individual Prelim A,24676165,Jayme Becerra,-0.2107655748084871,5563.232509917878,96,-0.2094287478677459,5555.684904626982,96,-0.2107655748084871,5563.232509917878,96,-0.0013368269407411926,7.547605290896172,0,0.0013368269407411926,7.547605290896172,0,False
2026-03-27,260327.01,2026 USA Jigsaw Nationals Individual Prelim A,24685813,Megan Bodway,-0.3454821187149718,6365.519646417432,104,-0.3390547036408527,6324.605533520115,104,-0.3454821187149718,6365.519646417432,104,-0.006427415074119092,40.914112897316954,0,0.006427415074119092,40.914112897316954,0,False
2026-03-27,260327.01,2026 USA Jigsaw Nationals Individual Prelim A,24701677,Dani Gurevitch,-0.0021523159929654,4515.726433051168,73,0.0039724557417139,4488.059865040873,69,-0.0021523159929654,4515.726433051168,73,-0.0061247717346793,27.666568010295123,4,0.0061247717346793,27.666568010295123,4,False
2026-03-27,260327.01,2026 USA Jigsaw Nationals Individual Prelim A,24718378,Arabella Etzold-Erickson,0.275004848535874,3422.6287721840017,30,0.2781758554647333,3411.721857222104,33,0.275004848535874,3422.6287721840017,30,-0.003171006928859299,10.906914961897655,-3,0.003171006928859299,10.906914961897655,3,False
2026-03-27,260327.01,2026 USA Jigsaw Nationals Individual Prelim A,24718528,Gracie Jing,-0.3627193968113033,6476.1950094528565,108,-0.359548389882444,6455.557273681209,107,-0.3627193968113033,6476.1950094528565,108,-0.003171006928859299,20.637735771647385,1,0.003171006928859299,20.637735771647385,1,False
2026-03-27,260327.01,2026 USA Jigsaw Nationals Individual Prelim A,24718620,Chelsea Linn,-0.1503623582565855,5237.142941410912,87,-0.1443803941518997,5205.799835051076,87,-0.1503623582565855,5237.142941410912,87,-0.005981964104685794,31.343106359835474,0,0.005981964104685794,31.343106359835474,0,False
2026-03-27,260327.01,2026 USA Jigsaw Nationals Individual Prelim A,24718960,Michelle Lewandowski,-0.3110439225523118,6150.03439042881,103,-0.306963375977465,6124.86269332667,102,-0.3110439225523118,6150.03439042881,103,-0.0040805465748467995,25.17169710214057,1,0.0040805465748467995,25.17169710214057,1,False
2026-03-27,260327.01,2026 USA Jigsaw Nationals Individual Prelim A,24821793,Maggie Hobbs,-0.3575402942671308,6442.740837475125,106,-0.3526217020767705,6410.996152488534,105,-0.3575402942671308,6442.740837475125,106,-0.0049185921903602825,31.744684986590983,1,0.0049185921903602825,31.744684986590983,1,False
2026-03-27,260327.02,2026 USA Jigsaw Nationals Individual Prelim B,17915498,Melynda Owens,0.2630962336746639,3951.228078011328,32,0.2717499290996119,3919.1958113722303,33,0.2630962336746639,3951.228078011328,32,-0.008653695424947982,32.03226663909754,-1,0.008653695424947982,32.03226663909754,1,False
2026-03-27,260327.02,2026 USA Jigsaw Nationals Individual Prelim B,18282851,Michelle Kaufman,0.1449168754283629,4446.893642974211,51,0.1417871932672488,4463.125112056479,53,0.1449168754283629,4446.893642974211,51,0.003129682161114089,-16.23146908226863,-2,0.003129682161114089,16.23146908226863,2,False
2026-03-27,260327.02,2026 USA Jigsaw Nationals Individual Prelim B,18374624,Sue Kroger,0.2043416979997813,4190.336211371664,43,0.2102726947960954,4167.697466065591,45,0.2043416979997813,4190.336211371664,43,-0.005930996796314092,22.63874530607336,-2,0.005930996796314092,22.63874530607336,2,False
2026-03-27,260327.02,2026 USA Jigsaw Nationals Individual Prelim B,18475588,Dawne Rasmusson,0.4607805748367478,3242.491757727666,13,0.4993976414514241,3121.266254364936,8,0.4607805748367478,3242.491757727666,13,-0.03861706661467634,121.22550336273025,5,0.03861706661467634,121.22550336273025,5,False
2026-03-27,260327.02,2026 USA Jigsaw Nationals Individual Prelim B,18495081,Trisha Siedlecki,0.4465067263083438,3289.10648828522,14,0.4540816102079227,3265.963443668896,15,0.4465067263083438,3289.10648828522,14,-0.007574883899578888,23.143044616324005,-1,0.007574883899578888,23.143044616324005,1,False
2026-03-27,260327.02,2026 USA Jigsaw Nationals Individual Prelim B,18542626,Jeanne Roiter,0.6139468216828868,2782.0160102001496,3,0.6456943890224027,2696.4659889313366,3,0.6139468216828868,2782.0160102001496,3,-0.03174756733951589,85.550021268813,0,0.03174756733951589,85.550021268813,0,False
2026-03-27,260327.02,2026 USA Jigsaw Nationals Individual Prelim B,18859031,Michelle Micheli,0.3053234574904768,3787.8524120836814,24,0.3359177714746832,3675.608290605923,22,0.3053234574904768,3787.8524120836814,24,-0.030594313984206423,112.24412147775865,2,0.030594313984206423,112.24412147775865,2,False
2026-03-27,260327.02,2026 USA Jigsaw Nationals Individual Prelim B,18956787,Kelly Buhr,0.4746144399711856,3197.944405521253,11,0.4786684226538706,3186.642928148899,13,0.4746144399711856,3197.944405521253,11,-0.004053982682685031,11.30147737235393,-2,0.004053982682685031,11.30147737235393,2,False
2026-03-27,260327.02,2026 USA Jigsaw Nationals Individual Prelim B,19326944,Min-Yee Deng,0.5119746735426883,3080.67274411788,7,0.5270709958640505,3036.074553836806,7,0.5119746735426883,3080.67274411788,7,-0.015096322321362154,44.59819028107404,0,0.015096322321362154,44.59819028107404,0,False
2026-03-27,260327.02,2026 USA Jigsaw Nationals Individual Prelim B,19548766,Lindsay Steenstra,0.2119928672923193,4158.397579374182,41,0.2150367352689361,4147.889606843591,42,0.2119928672923193,4158.397579374182,41,-0.003043867976616793,10.50797253059136,-1,0.003043867976616793,10.50797253059136,1,False
2026-03-27,260327.02,2026 USA Jigsaw Nationals Individual Prelim B,20498998,Rachel Falk,-0.033117887631304,5313.445833887683,81,-0.0588861309383046,5454.945032145388,83,-0.033117887631304,5313.445833887683,81,0.0257682433070006,-141.49919825770485,-2,0.0257682433070006,141.49919825770485,2,False
2026-03-27,260327.02,2026 USA Jigsaw Nationals Individual Prelim B,20508154,Meri Cartee,0.184556922423949,4274.066635475733,47,0.1693192796409224,4341.922107817978,50,0.184556922423949,4274.066635475733,47,0.015237642783026611,-67.85547234224487,-3,0.015237642783026611,67.85547234224487,3,False
2026-03-27,260327.02,2026 USA Jigsaw Nationals Individual Prelim B,20533720,Melissa Cody,0.0369410246865885,4953.932201696315,69,0.0422289148369363,4930.337759973991,69,0.0369410246865885,4953.932201696315,69,-0.0052878901503478,23.594441722324518,0,0.0052878901503478,23.594441722324518,0,False
2026-03-27,260327.02,2026 USA Jigsaw Nationals Individual Prelim B,20720301,Melissa Martin,0.0445205227159816,4916.525822204739,66,0.0455456841677654,4914.012056164464,68,0.0445205227159816,4916.525822204739,66,-0.0010251614517838015,2.5137660402742767,-2,0.0010251614517838015,2.5137660402742767,2,False
2026-03-27,260327.02,2026 USA Jigsaw Nationals Individual Prelim B,20729491,Simmie Berman,0.527488319440681,3033.2490860868247,6,0.5504598077399355,2965.888362572822,5,0.527488319440681,3033.2490860868247,6,-0.02297148829925455,67.36072351400253,1,0.02297148829925455,67.36072351400253,1,False
2026-03-27,260327.02,2026 USA Jigsaw Nationals Individual Prelim B,20736847,Stephanie Vargas,-0.2645565374696298,6697.130878297835,101,-0.2711659564220038,6745.005925201474,100,-0.2645565374696298,6697.130878297835,101,0.006609418952373991,-47.875046903639486,1,0.006609418952373991,47.875046903639486,1,False
2026-03-27,260327.02,2026 USA Jigsaw Nationals Individual Prelim B,20737327,Amy Paull,0.3581036101285397,3593.113367521653,20,0.374327584111866,3537.1058192868395,20,0.3581036101285397,3593.113367521653,20,-0.016223973983326312,56.007548234813385,0,0.016223973983326312,56.007548234813385,0,False
2026-03-27,260327.02,2026 USA Jigsaw Nationals Individual Prelim B,20739624,Mari Black,0.6427100572519926,2703.1360874360844,2,0.6537172733963423,2674.919103743108,2,0.6427100572519926,2703.1360874360844,2,-0.01100721614434974,28.216983692976555,0,0.01100721614434974,28.216983692976555,0,False
2026-03-27,260327.02,2026 USA Jigsaw Nationals Individual Prelim B,21039865,Lisa Hobbs,-0.1536465373280108,5994.061370037135,93,-0.1682795408830594,6085.542965280222,94,-0.1536465373280108,5994.061370037135,93,0.014633003555048596,-91.48159524308721,-1,0.014633003555048596,91.48159524308721,1,False
2026-03-27,260327.02,2026 USA Jigsaw Nationals Individual Prelim B,21108114,Madeleine Bouchie,0.3057462777609953,3786.251169844814,23,0.3155554257447147,3751.219495628666,26,0.3057462777609953,3786.251169844814,23,-0.009809147983719402,35.03167421614762,-3,0.009809147983719402,35.03167421614762,3,False
2026-03-27,260327.02,2026 USA Jigsaw Nationals Individual Prelim B,21113122,Jeremy Seidling,0.2570506202038896,3975.188029030317,33,0.2718278892520255,3918.890282179143,32,0.2570506202038896,3975.188029030317,33,-0.014777269048135921,56.297746851174,1,0.014777269048135921,56.297746851174,1,False
2026-03-27,260327.02,2026 USA Jigsaw Nationals Individual Prelim B,21141700,Chelsea Jacobs,-0.4405549908165609,7985.901391618479,110,-0.4196604904332898,7824.7900244412,110,-0.4405549908165609,7985.901391618479,110,-0.02089450038327112,161.11136717727823,0,0.02089450038327112,161.11136717727823,0,False
2026-03-27,260327.02,2026 USA Jigsaw Nationals Individual Prelim B,21259768,Melissa Germait,0.2699870558025074,3924.09446196648,30,0.2792429342201009,3889.939004676073,30,0.2699870558025074,3924.09446196648,30,-0.009255878417593455,34.15545729040696,0,0.009255878417593455,34.15545729040696,0,False
2026-03-27,260327.02,2026 USA Jigsaw Nationals Individual Prelim B,21410220,Ashlyn Koga,0.219572894755046,4126.99597438855,39,0.2453825700251218,4023.909094332209,38,0.219572894755046,4126.99597438855,39,-0.0258096752700758,103.08688005634122,1,0.0258096752700758,103.08688005634122,1,False
2026-03-27,260327.02,2026 USA Jigsaw Nationals Individual Prelim B,21447077,Maurice Werner,-0.3413949812662038,7232.014668452486,103,-0.3739087890058423,7474.858584987744,104,-0.3413949812662038,7232.014668452486,103,0.03251380773963847,-242.84391653525745,-1,0.03251380773963847,242.84391653525745,1,False
2026-03-27,260327.02,2026 USA Jigsaw Nationals Individual Prelim B,21538991,Natalie Schimmelbusch,0.1962063460649116,4224.565114479704,45,0.2212233255784739,4122.3075277120615,41,0.1962063460649116,4224.565114479704,45,-0.0250169795135623,102.25758676764235,4,0.0250169795135623,102.25758676764235,4,False
2026-03-27,260327.02,2026 USA Jigsaw Nationals Individual Prelim B,21576268,Lauren Kautz,0.5896045661022702,2850.567519168967,4,0.628053280351054,2744.456698544957,4,0.5896045661022702,2850.567519168967,4,-0.03844871424878382,106.1108206240101,0,0.03844871424878382,106.1108206240101,0,False
2026-03-27,260327.02,2026 USA Jigsaw Nationals Individual Prelim B,21594891,Kinsey Keltz,0.2146547408231457,4147.343170173851,40,0.2223360167881325,4117.723223293065,39,0.2146547408231457,4147.343170173851,40,-0.0076812759649868,29.6199468807863,1,0.0076812759649868,29.6199468807863,1,False
2026-03-27,260327.02,2026 USA Jigsaw Nationals Individual Prelim B,21639042,Nicholas Ebelhack,-0.0811504523139144,5574.892989235864,88,-0.0888790668200015,5621.033133058144,88,-0.0811504523139144,5574.892989235864,88,0.0077286145060870975,-46.14014382228015,0,0.0077286145060870975,46.14014382228015,0,False
2026-03-27,260327.02,2026 USA Jigsaw Nationals Individual Prelim B,21848873,Eric Goulet,0.3948619230544915,3463.4345701056604,18,0.4184570981905554,3384.409054760756,18,0.3948619230544915,3463.4345701056604,18,-0.02359517513606385,79.0255153449043,0,0.02359517513606385,79.0255153449043,0,False
2026-03-27,260327.02,2026 USA Jigsaw Nationals Individual Prelim B,21857678,Elizabeth Beetschen,0.042214344318629,4927.877292072201,68,0.0462347580632604,4910.627105109054,67,0.042214344318629,4927.877292072201,68,-0.004020413744631399,17.250186963146916,1,0.004020413744631399,17.250186963146916,1,False
2026-03-27,260327.02,2026 USA Jigsaw Nationals Individual Prelim B,21857882,Hope Thompson,0.2932746097698314,3833.767726825564,27,0.3223996403171409,3725.6330040909406,24,0.2932746097698314,3833.767726825564,27,-0.029125030547309527,108.13472273462321,3,0.029125030547309527,108.13472273462321,3,False
2026-03-27,260327.02,2026 USA Jigsaw Nationals Individual Prelim B,21916237,Katie Greenfield,-0.4226516002638935,7844.19894222288,109,-0.4162551766130689,7798.189476143371,109,-0.4226516002638935,7844.19894222288,109,-0.006396423650824601,46.00946607950846,0,0.006396423650824601,46.00946607950846,0,False
2026-03-27,260327.02,2026 USA Jigsaw Nationals Individual Prelim B,21922892,Susan Miller (IN),-0.7713864657818479,11117.3742892602,114,-0.8448518434753571,11971.01432811989,114,-0.7713864657818479,11117.3742892602,114,0.07346537769350925,-853.6400388596903,0,0.07346537769350925,853.6400388596903,0,False
2026-03-27,260327.02,2026 USA Jigsaw Nationals Individual Prelim B,21924776,Nicholas Mueller,0.3034009767956361,3795.141489531162,25,0.3156600273248494,3750.82713266324,25,0.3034009767956361,3795.141489531162,25,-0.012259050529213278,44.314356867922015,0,0.012259050529213278,44.314356867922015,0,False
2026-03-27,260327.02,2026 USA Jigsaw Nationals Individual Prelim B,21926492,Michelle Philo,-0.0335821341195882,5315.913155135047,82,-0.0389411258386642,5347.223945432231,80,-0.0335821341195882,5315.913155135047,82,0.005358991719076001,-31.310790297183303,2,0.005358991719076001,31.310790297183303,2,False
2026-03-27,260327.02,2026 USA Jigsaw Nationals Individual Prelim B,21926758,Victoria Chu,0.0967357846452883,4666.395282223303,59,0.0999067915741476,4654.011892108749,59,0.0967357846452883,4666.395282223303,59,-0.003171006928859299,12.383390114554459,0,0.003171006928859299,12.383390114554459,0,False
2026-03-27,260327.02,2026 USA Jigsaw Nationals Individual Prelim B,21927541,Chloe Glikbarg,0.4393899519098834,3312.597809200613,16,0.454794099467519,3263.637308564589,14,0.4393899519098834,3312.597809200613,16,-0.015404147557635584,48.96050063602388,2,0.015404147557635584,48.96050063602388,2,False
2026-03-27,260327.02,2026 USA Jigsaw Nationals Individual Prelim B,21939662,Scott Eng,0.2503457029696302,4001.9308899025546,34,0.2562528555889183,3980.4049331033416,37,0.2503457029696302,4001.9308899025546,34,-0.005907152619288092,21.525956799212963,-3,0.005907152619288092,21.525956799212963,3,False
2026-03-27,260327.02,2026 USA Jigsaw Nationals Individual Prelim B,21972367,Sarah Mackey,-0.0167957579092483,5227.423029187759,78,0.0152203636589233,5065.313585559315,75,-0.0167957579092483,5227.423029187759,78,-0.0320161215681716,162.10944362844475,3,0.0320161215681716,162.10944362844475,3,False
2026-03-27,260327.02,2026 USA Jigsaw Nationals Individual Prelim B,21973858,Frank Hollander,-0.2641723190389299,6694.558211446244,100,-0.3156947013333306,7052.139972964371,102,-0.2641723190389299,6694.558211446244,100,0.051522382294400704,-357.58176151812677,-2,0.051522382294400704,357.58176151812677,2,False
2026-03-27,260327.02,2026 USA Jigsaw Nationals Individual Prelim B,21974641,Lydia Osner,0.0340242152998232,4968.4029716229,70,0.0372646167569492,4954.8742791567165,70,0.0340242152998232,4968.4029716229,70,-0.0032404014571260006,13.528692466183202,0,0.0032404014571260006,13.528692466183202,0,False
2026-03-27,260327.02,2026 USA Jigsaw Nationals Individual Prelim B,22035202,Rebecca Streitz,0.4429201525227101,3300.9242914375573,15,0.4490114438604134,3282.564471035357,16,0.4429201525227101,3300.9242914375573,15,-0.0060912913377033084,18.359820402200057,-1,0.0060912913377033084,18.359820402200057,1,False
2026-03-27,260327.02,2026 USA Jigsaw Nationals Individual Prelim B,22060102,Christine Durkin,0.1249006081607074,4536.800654269023,56,0.1209144082823867,4557.261994617505,55,0.1249006081607074,4536.800654269023,56,0.003986199878320704,-20.461340348481826,1,0.003986199878320704,20.461340348481826,1,False
2026-03-27,260327.02,2026 USA Jigsaw Nationals Individual Prelim B,22074241,Josh Nelson,0.2243993259880355,4107.125302907069,38,0.2698545769010896,3926.631111800404,34,0.2243993259880355,4107.125302907069,38,-0.04545525091305411,180.4941911066653,4,0.04545525091305411,180.4941911066653,4,False
2026-03-27,260327.02,2026 USA Jigsaw Nationals Individual Prelim B,22077461,Jessica Musser,0.281294709527601,3879.9720909863095,28,0.2878633750760835,3856.550135703874,29,0.281294709527601,3879.9720909863095,28,-0.006568665548482511,23.421955282435647,-1,0.006568665548482511,23.421955282435647,1,False
2026-03-27,260327.02,2026 USA Jigsaw Nationals Individual Prelim B,22206793,Bill McFadden,0.0877189008580205,4708.661896391895,60,0.0609819776201452,4838.74037653808,64,0.0877189008580205,4708.661896391895,60,0.026736923237875306,-130.07848014618503,-4,0.026736923237875306,130.07848014618503,4,False
2026-03-27,260327.02,2026 USA Jigsaw Nationals Individual Prelim B,22211360,Gregory Wiseburn,-0.801577468608643,11458.137069601502,115,-1.0000218021397542,13980.426075368689,115,-0.801577468608643,11458.137069601502,115,0.19844433353111124,-2522.2890057671866,0,0.19844433353111124,2522.2890057671866,0,False
2026-03-27,260327.02,2026 USA Jigsaw Nationals Individual Prelim B,22211710,Kim Bottorff,-0.2868965847204354,6848.428807609037,102,-0.3142200689795245,7041.74832301138,101,-0.2868965847204354,6848.428807609037,102,0.027323484259089093,-193.3195154023433,1,0.027323484259089093,193.3195154023433,1,False
2026-03-27,260327.02,2026 USA Jigsaw Nationals Individual Prelim B,22233683,Chris Morrissey,-0.2058579271578875,6315.333702558056,98,-0.1939926800485042,6244.050508488383,97,-0.2058579271578875,6315.333702558056,98,-0.011865247109383303,71.2831940696733,1,0.011865247109383303,71.2831940696733,1,False
2026-03-27,260327.02,2026 USA Jigsaw Nationals Individual Prelim B,22267923,Aria Collopy,0.0693180757487455,4796.107226224963,64,0.0759197972486261,4766.997322016224,63,0.0693180757487455,4796.107226224963,64,-0.0066017214998806,29.109904208738953,1,0.0066017214998806,29.109904208738953,1,False
2026-03-27,260327.02,2026 USA Jigsaw Nationals Individual Prelim B,22293191,Luann Thompson,0.1587325779770734,4385.879132801018,49,0.1738499663558423,4322.294715364465,47,0.1587325779770734,4385.879132801018,49,-0.015117388378768887,63.58441743655294,2,0.015117388378768887,63.58441743655294,2,False
2026-03-27,260327.02,2026 USA Jigsaw Nationals Individual Prelim B,22324939,Lindsey Anderson,0.1961201385415554,4224.92931947386,46,0.2147622136929289,4149.028448346699,43,0.1961201385415554,4224.92931947386,46,-0.018642075151373477,75.90087112716083,3,0.018642075151373477,75.90087112716083,3,False
2026-03-27,260327.02,2026 USA Jigsaw Nationals Individual Prelim B,22333204,Soon Kim,-0.0185050149427874,5236.365679234222,80,-0.0754546039509929,5546.078024189571,86,-0.0185050149427874,5236.365679234222,80,0.0569495890082055,-309.7123449553492,-6,0.0569495890082055,309.7123449553492,6,False
2026-03-27,260327.02,2026 USA Jigsaw Nationals Individual Prelim B,22344218,Amanda Van Straten,0.1403980337525106,4467.033922391246,52,0.1456290039621536,4446.011524898377,52,0.1403980337525106,4467.033922391246,52,-0.005230970209643027,21.02239749286946,0,0.005230970209643027,21.02239749286946,0,False
2026-03-27,260327.02,2026 USA Jigsaw Nationals Individual Prelim B,22386336,Jodi Green,0.0317928042222975,4979.501899581478,71,0.0255560143998129,5013.2298965109885,72,0.0317928042222975,4979.501899581478,71,0.006236789822484601,-33.72799692951048,-1,0.006236789822484601,33.72799692951048,1,False
2026-03-27,260327.02,2026 USA Jigsaw Nationals Individual Prelim B,22447425,Kevin Erickson,0.1502059588660581,4423.435741541979,50,0.1724743608391898,4328.24457921405,48,0.1502059588660581,4423.435741541979,50,-0.022268401973131707,95.1911623279293,2,0.022268401973131707,95.1911623279293,2,False
2026-03-27,260327.02,2026 USA Jigsaw Nationals Individual Prelim B,22453619,Jennifer waltman,-0.1641402138239355,6057.2922931433,94,-0.1606716024487668,6039.420201104312,92,-0.1641402138239355,6057.2922931433,94,-0.003468611375168712,17.87209203898874,2,0.003468611375168712,17.87209203898874,2,False
2026-03-27,260327.02,2026 USA Jigsaw Nationals Individual Prelim B,22489256,Alyssa Graham,0.1266704626622321,4528.778278521555,55,0.1187425400244067,4567.170523401601,56,0.1266704626622321,4528.778278521555,55,0.00792792263782538,-38.39224488004584,-1,0.00792792263782538,38.39224488004584,1,False
2026-03-27,260327.02,2026 USA Jigsaw Nationals Individual Prelim B,22490556,Cecilia Frew,-0.1352313388951088,5884.689681980338,90,-0.2086183072098353,6336.044760154529,98,-0.1352313388951088,5884.689681980338,90,0.07338696831472649,-451.3550781741915,-8,0.07338696831472649,451.3550781741915,8,False
2026-03-27,260327.02,2026 USA Jigsaw Nationals Individual Prelim B,22543407,Tulsi Mali,-0.0513556062442094,5411.240024706956,85,-0.070921536518185,5520.994174861903,84,-0.0513556062442094,5411.240024706956,85,0.0195659302739756,-109.75415015494673,1,0.0195659302739756,109.75415015494673,1,False
2026-03-27,260327.02,2026 USA Jigsaw Nationals Individual Prelim B,22555702,Rose Robbins,0.2489045123378848,4007.702593273386,35,0.2685474806478284,3931.766952402361,35,0.2489045123378848,4007.702593273386,35,-0.01964296830994361,75.93564087102504,0,0.01964296830994361,75.93564087102504,0,False
2026-03-27,260327.02,2026 USA Jigsaw Nationals Individual Prelim B,22629662,Kate Amey,-0.3874984980198089,7573.24141579249,106,-0.3912315073253299,7605.471473734515,106,-0.3874984980198089,7573.24141579249,106,0.0037330093055210067,-32.23005794202436,0,0.0037330093055210067,32.23005794202436,0,False
2026-03-27,260327.02,2026 USA Jigsaw Nationals Individual Prelim B,22639397,Lauren Turner,0.1242437666273139,4539.781592262239,57,0.1044547966880785,4632.893481943564,58,0.1242437666273139,4539.781592262239,57,0.0197889699392354,-93.11188968132501,-1,0.0197889699392354,93.11188968132501,1,False
2026-03-27,260327.02,2026 USA Jigsaw Nationals Individual Prelim B,22645517,Marguerite Byrnes,0.24159548793611,4037.102300027637,37,0.2213169645897005,4121.921536983375,40,0.24159548793611,4037.102300027637,37,0.020278523346409505,-84.81923695573778,-3,0.020278523346409505,84.81923695573778,3,False
2026-03-27,260327.02,2026 USA Jigsaw Nationals Individual Prelim B,22726262,Dana Saunders,-0.1435884802521615,5934.074937847845,92,-0.1572635736095102,6018.872715985158,91,-0.1435884802521615,5934.074937847845,92,0.013675093357348705,-84.79777813731289,1,0.013675093357348705,84.79777813731289,1,False
2026-03-27,260327.02,2026 USA Jigsaw Nationals Individual Prelim B,22730960,Angela Ott,-0.0569249494752209,5441.461155519598,86,-0.0500472777230982,5406.942031965907,82,-0.0569249494752209,5441.461155519598,86,-0.006877671752122699,34.519123553691315,4,0.006877671752122699,34.519123553691315,4,False
2026-03-27,260327.02,2026 USA Jigsaw Nationals Individual Prelim B,22732244,Amber Whitear,0.280134155858433,3884.477620781638,29,0.2944978170470641,3831.048764841529,28,0.280134155858433,3884.477620781638,29,-0.014363661188631138,53.42885594010886,1,0.014363661188631138,53.42885594010886,1,False
2026-03-27,260327.02,2026 USA Jigsaw Nationals Individual Prelim B,22746584,Cathy Cimaglia,-0.1672933542829206,6076.421929911161,95,-0.1672933542829206,6079.544442670764,93,-0.1672933542829206,6076.421929911161,95,0.0,-3.122512759602614,2,0.0,3.122512759602614,2,False
2026-03-27,260327.02,2026 USA Jigsaw Nationals Individual Prelim B,22814742,Grayson Shannon,0.6643422264163321,2645.289321599357,1,0.6901911946639664,2579.112163490678,1,0.6643422264163321,2645.289321599357,1,-0.025848968247634274,66.17715810867912,0,0.025848968247634274,66.17715810867912,0,False
2026-03-27,260327.02,2026 USA Jigsaw Nationals Individual Prelim B,22818857,Sami Heathcote,-0.0124511259625007,5204.761064690386,77,-0.1172149610754214,5782.588228020483,89,-0.0124511259625007,5204.761064690386,77,0.1047638351129207,-577.8271633300974,-12,0.1047638351129207,577.8271633300974,12,False
2026-03-27,260327.02,2026 USA Jigsaw Nationals Individual Prelim B,22820661,Joe Feehan,-0.0486610411094011,5396.678713012126,84,-0.0354637237515455,5328.661790467272,79,-0.0486610411094011,5396.678713012126,84,-0.0131973173578556,68.01692254485351,5,0.0131973173578556,68.01692254485351,5,False
2026-03-27,260327.02,2026 USA Jigsaw Nationals Individual Prelim B,22830270,Dessa Burt,-0.1727013489808863,6109.372204639854,96,-0.1761780339368248,6133.799911818059,95,-0.1727013489808863,6109.372204639854,96,0.0034766849559385027,-24.4277071782044,1,0.0034766849559385027,24.4277071782044,1,False
2026-03-27,260327.02,2026 USA Jigsaw Nationals Individual Prelim B,22860411,Danielle Dudley,-0.367260134174666,7421.511957412654,105,-0.3611353624399867,7379.986240174559,103,-0.367260134174666,7421.511957412654,105,-0.006124771734679346,41.52571723809524,2,0.006124771734679346,41.52571723809524,2,False
2026-03-27,260327.02,2026 USA Jigsaw Nationals Individual Prelim B,22862138,Michelle Bone,0.3023173115491243,3799.256381649065,26,0.3265689842113667,3710.131896053475,23,0.3023173115491243,3799.256381649065,26,-0.02425167266224243,89.12448559559016,3,0.02425167266224243,89.12448559559016,3,False
2026-03-27,260327.02,2026 USA Jigsaw Nationals Individual Prelim B,22862266,Kaitlyn McCluskie,0.4729620850831019,3203.232912633567,12,0.4857715215660387,3164.088087695614,10,0.4729620850831019,3203.232912633567,12,-0.012809436482936809,39.14482493795322,2,0.012809436482936809,39.14482493795322,2,False
2026-03-27,260327.02,2026 USA Jigsaw Nationals Individual Prelim B,22862335,Sarah Hosley,-0.0048218875643056,5165.203789533495,76,-0.0052811149513824,5170.231818312194,77,-0.0048218875643056,5165.203789533495,76,0.00045922738707679985,-5.028028778699081,-1,0.00045922738707679985,5.028028778699081,1,False
2026-03-27,260327.02,2026 USA Jigsaw Nationals Individual Prelim B,22862692,Jennifer Hancock,0.1744797888936365,4317.354719259345,48,0.1696457021539472,4340.505037986516,49,0.1744797888936365,4317.354719259345,48,0.004834086739689297,-23.150318727170998,-1,0.004834086739689297,23.150318727170998,1,False
2026-03-27,260327.02,2026 USA Jigsaw Nationals Individual Prelim B,22870980,Annabelle Platt,0.4118089747322527,3405.234121405919,17,0.4348993104576833,3329.216866929079,17,0.4118089747322527,3405.234121405919,17,-0.023090335725430622,76.01725447683975,0,0.023090335725430622,76.01725447683975,0,False
2026-03-27,260327.02,2026 USA Jigsaw Nationals Individual Prelim B,23741580,Lindsay Cooper,0.1390596352292537,4473.01659670448,53,0.110105627434409,4606.787614398245,57,0.1390596352292537,4473.01659670448,53,0.02895400779484468,-133.7710176937644,-4,0.02895400779484468,133.7710176937644,4,False
2026-03-27,260327.02,2026 USA Jigsaw Nationals Individual Prelim B,23741737,Christopher Nammour,0.4825643360521291,3172.621868958824,9,0.4789002272012621,3185.9043354351224,12,0.4825643360521291,3172.621868958824,9,0.0036641088508670427,-13.282466476298396,-3,0.0036641088508670427,13.282466476298396,3,False
2026-03-27,260327.02,2026 USA Jigsaw Nationals Individual Prelim B,23763890,Megan Barwegen,-0.0420774083397058,5361.2656633592005,83,-0.046084780562535,5385.559431741268,81,-0.0420774083397058,5361.2656633592005,83,0.004007372222829195,-24.293768382067356,2,0.004007372222829195,24.293768382067356,2,False
2026-03-27,260327.02,2026 USA Jigsaw Nationals Individual Prelim B,23764372,Amy Aldridge,0.0272116941410315,5002.365877146031,72,0.029803284059225,4991.982510904645,71,0.0272116941410315,5002.365877146031,72,-0.0025915899181934987,10.383366241386284,1,0.0025915899181934987,10.383366241386284,1,False
2026-03-27,260327.02,2026 USA Jigsaw Nationals Individual Prelim B,23764523,Aubrey Barrow,0.3097852811610135,3770.989330554768,22,0.352634133253409,3614.6761930390458,21,0.3097852811610135,3770.989330554768,22,-0.04284885209239547,156.31313751572225,1,0.04284885209239547,156.31313751572225,1,False
2026-03-27,260327.02,2026 USA Jigsaw Nationals Individual Prelim B,23764633,Danielle Swales,-0.3635828045232274,7394.270729618537,104,-0.3982097382873443,7658.729818648086,107,-0.3635828045232274,7394.270729618537,104,0.03462693376411691,-264.4590890295485,-3,0.03462693376411691,264.4590890295485,3,False
2026-03-27,260327.02,2026 USA Jigsaw Nationals Individual Prelim B,23764765,Timothy Miller,0.3141664403264918,3754.5041645231945,21,0.3039776430026631,3794.90268927096,27,0.3141664403264918,3754.5041645231945,21,0.010188797323828713,-40.39852474776535,-6,0.010188797323828713,40.39852474776535,6,False
2026-03-27,260327.02,2026 USA Jigsaw Nationals Individual Prelim B,23764843,Jason Fox,-0.4932035440482761,8417.61230776931,111,-0.4613177978529046,8157.6342740708815,111,-0.4932035440482761,8417.61230776931,111,-0.03188574619537149,259.9780336984286,0,0.03188574619537149,259.9780336984286,0,False
2026-03-27,260327.02,2026 USA Jigsaw Nationals Individual Prelim B,23765316,Katie Wren,0.2692370962329611,3927.038477968536,31,0.2733176428078079,3913.056448013092,31,0.2692370962329611,3927.038477968536,31,-0.0040805465748467995,13.982029955443977,0,0.0040805465748467995,13.982029955443977,0,False
2026-03-27,260327.02,2026 USA Jigsaw Nationals Individual Prelim B,23766473,Marisa Martin,0.0855452272114939,4718.908122608105,61,0.0936923917078267,4683.023835530528,60,0.0855452272114939,4718.908122608105,61,-0.008147164496332807,35.88428707757703,1,0.008147164496332807,35.88428707757703,1,False
2026-03-27,260327.02,2026 USA Jigsaw Nationals Individual Prelim B,23766491,Maggie Kirkland,0.1199069940728169,4559.512345445422,58,0.1610788016347639,4377.8494473725805,51,0.1199069940728169,4559.512345445422,58,-0.04117180756194701,181.66289807284193,7,0.04117180756194701,181.66289807284193,7,False
2026-03-27,260327.02,2026 USA Jigsaw Nationals Individual Prelim B,23767196,Emily English,-0.2327186139615115,6487.266684901758,99,-0.2548822914816555,6636.061919803652,99,-0.2327186139615115,6487.266684901758,99,0.022163677520143976,-148.79523490189422,0,0.022163677520143976,148.79523490189422,0,False
2026-03-27,260327.02,2026 USA Jigsaw Nationals Individual Prelim B,23839584,Jennifer Ferris,-0.3930425679264809,7615.344599275275,107,-0.388694473529123,7586.200591345997,105,-0.3930425679264809,7615.344599275275,107,-0.004348094397357893,29.144007929277905,2,0.004348094397357893,29.144007929277905,2,False
2026-03-27,260327.02,2026 USA Jigsaw Nationals Individual Prelim B,23846192,Kathy Johnson,-0.414324097160401,7779.147584805105,108,-0.4090544463872517,7742.238503164032,108,-0.414324097160401,7779.147584805105,108,-0.005269650773149281,36.90908164107259,0,0.005269650773149281,36.90908164107259,0,False
2026-03-27,260327.02,2026 USA Jigsaw Nationals Individual Prelim B,23887819,Chris Viox,0.4842259414735945,3167.354600533866,8,0.489291016163743,3152.971670324519,9,0.4842259414735945,3167.354600533866,8,-0.005065074690148497,14.382930209346796,-1,0.005065074690148497,14.382930209346796,1,False
2026-03-27,260327.02,2026 USA Jigsaw Nationals Individual Prelim B,23971363,Tim Bodway,0.0104621849769654,5086.8586814126265,73,0.0168896000510845,5056.865432728287,73,0.0104621849769654,5086.8586814126265,73,-0.006427415074119099,29.99324868433996,0,0.006427415074119099,29.99324868433996,0,False
2026-03-27,260327.02,2026 USA Jigsaw Nationals Individual Prelim B,23999262,Cami Pottle,0.1340595151210074,4495.438225639075,54,0.1398988096886671,4471.561166974119,54,0.1340595151210074,4495.438225639075,54,-0.00583929456765972,23.877058664956166,0,0.00583929456765972,23.877058664956166,0,False
2026-03-27,260327.02,2026 USA Jigsaw Nationals Individual Prelim B,24126099,Nicole Pichette,0.3709389636941153,3547.2892008506205,19,0.3767322837735376,3528.6103607268738,19,0.3709389636941153,3547.2892008506205,19,-0.005793320079422348,18.678840123746795,0,0.005793320079422348,18.678840123746795,0,False
2026-03-27,260327.02,2026 USA Jigsaw Nationals Individual Prelim B,24136720,Lisa Furbush,-0.6243873990789107,9597.57122598222,113,-0.6182103613046006,9543.370958556028,113,-0.6243873990789107,9597.57122598222,113,-0.006177037774310112,54.2002674261912,0,0.006177037774310112,54.2002674261912,0,False
2026-03-27,260327.02,2026 USA Jigsaw Nationals Individual Prelim B,24166515,Ezekiel Blain,0.0096855640034445,5090.810776995472,74,0.0164686709814254,5058.994462444096,74,0.0096855640034445,5090.810776995472,74,-0.0067831069779809,31.81631455137631,0,0.0067831069779809,31.81631455137631,0,False
2026-03-27,260327.02,2026 USA Jigsaw Nationals Individual Prelim B,24179977,Emily Howard,0.198770763880069,4213.745443446815,44,0.2024754433725749,4200.321073013559,46,0.198770763880069,4213.745443446815,44,-0.0037046794925058857,13.424370433256627,-2,0.0037046794925058857,13.424370433256627,2,False
2026-03-27,260327.02,2026 USA Jigsaw Nationals Individual Prelim B,24184564,Julie Kutchera,0.0790590851686151,4749.615108260367,62,0.0836861845523776,4730.118368025631,61,0.0790590851686151,4749.615108260367,62,-0.0046270993837625035,19.496740234736535,1,0.0046270993837625035,19.496740234736535,1,False
2026-03-27,260327.02,2026 USA Jigsaw Nationals Individual Prelim B,24186226,Kathy Tieu,-0.5545261223469211,8949.957578463654,112,-0.5495279786150953,8909.912226490196,112,-0.5545261223469211,8949.957578463654,112,-0.004998143731825833,40.04535197345831,0,0.004998143731825833,40.04535197345831,0,False
2026-03-27,260327.02,2026 USA Jigsaw Nationals Individual Prelim B,24193461,Shea Burkett,0.5328276149831358,3017.0968319640056,5,0.5435658945025903,2986.4055803171077,6,0.5328276149831358,3017.0968319640056,5,-0.010738279519454497,30.691251646897854,-1,0.010738279519454497,30.691251646897854,1,False
2026-03-27,260327.02,2026 USA Jigsaw Nationals Individual Prelim B,24244256,Kelsie Foster,0.2090789791174193,4170.532356012223,42,0.2140815331181232,4151.8535728103925,44,0.2090789791174193,4170.532356012223,42,-0.0050025540007039015,18.67878320183081,-2,0.0050025540007039015,18.67878320183081,2,False
2026-03-27,260327.02,2026 USA Jigsaw Nationals Individual Prelim B,24257674,Laura McDiarmid,-0.0039564134379904,5160.735373224776,75,0.0001241331368563,5142.360825334458,76,-0.0039564134379904,5160.735373224776,75,-0.0040805465748467,18.374547890317444,-1,0.0040805465748467,18.374547890317444,1,False
2026-03-27,260327.02,2026 USA Jigsaw Nationals Individual Prelim B,24475467,Katie Pribylshay,-0.0168950913033157,5227.942312650138,79,-0.0148593325435411,5219.991347046286,78,-0.0168950913033157,5227.942312650138,79,-0.0020357587597745995,7.950965603851728,1,0.0020357587597745995,7.950965603851728,1,False
2026-03-27,260327.02,2026 USA Jigsaw Nationals Individual Prelim B,24489863,Joelle Hershberger,0.0422453222768645,4927.724638859711,67,0.0483705231446342,4900.150351135438,66,0.0422453222768645,4927.724638859711,67,-0.006125200867769701,27.574287724273745,1,0.006125200867769701,27.574287724273745,1,False
2026-03-27,260327.02,2026 USA Jigsaw Nationals Individual Prelim B,24676109,Angela Bourgeois,-0.0831688140786491,5586.156503187005,89,-0.0794832459114913,5568.466253634313,87,-0.0831688140786491,5586.156503187005,89,-0.0036855681671578017,17.690249552691967,2,0.0036855681671578017,17.690249552691967,2,False
2026-03-27,260327.02,2026 USA Jigsaw Nationals Individual Prelim B,24712598,Julia Buck,0.0755528434299704,4766.297636392788,63,0.0788699540473141,4752.954656674603,62,0.0755528434299704,4766.297636392788,63,-0.003317110617343702,13.342979718185234,1,0.003317110617343702,13.342979718185234,1,False
2026-03-27,260327.02,2026 USA Jigsaw Nationals Individual Prelim B,24714921,Karen Kent,-0.1895551419739127,6213.210878915409,97,-0.1845569982420869,6185.410722953754,96,-0.1895551419739127,6213.210878915409,97,-0.004998143731825805,27.800155961655037,1,0.004998143731825805,27.800155961655037,1,False
2026-03-27,260327.02,2026 USA Jigsaw Nationals Individual Prelim B,24715625,Emily Ma,-0.076851975210423,5550.980869036283,87,-0.0736809682815637,5536.250020605682,85,-0.076851975210423,5550.980869036283,87,-0.003171006928859299,14.730848430601327,2,0.003171006928859299,14.730848430601327,2,False
2026-03-27,260327.02,2026 USA Jigsaw Nationals Individual Prelim B,24719111,Ben Weissmann,0.4770733407695499,3190.0906372450504,10,0.4802443476984092,3181.6249727497416,11,0.4770733407695499,3190.0906372450504,10,-0.003171006928859299,8.465664495308829,-1,0.003171006928859299,8.465664495308829,1,False
2026-03-27,260327.02,2026 USA Jigsaw Nationals Individual Prelim B,24728793,Jamie Marsigit,0.2472439114355373,4014.363316687141,36,0.2657265616728141,3942.873806806592,36,0.2472439114355373,4014.363316687141,36,-0.0184826502372768,71.48950988054912,0,0.0184826502372768,71.48950988054912,0,False
2026-03-27,260327.02,2026 USA Jigsaw Nationals Individual Prelim B,24825726,Sarah Fleming,-0.1430048890647281,5930.612874321696,91,-0.1512474763620319,5982.7712961180505,90,-0.1430048890647281,5930.612874321696,91,0.008242587297303788,-52.15842179635456,1,0.008242587297303788,52.15842179635456,1,False
2026-03-27,260327.02,2026 USA Jigsaw Nationals Individual Prelim B,24855268,Wendy Shieu,0.0454022789199031,4912.192555782299,65,0.0485732858487624,4899.156884122035,65,0.0454022789199031,4912.192555782299,65,-0.003171006928859299,13.035671660263688,0,0.003171006928859299,13.035671660263688,0,False
2026-03-27,260327.03,2026 USA Jigsaw Nationals Individual Prelim C,17731928,Kara Taylor,0.2470444865033716,3623.32268868009,39,0.2472501278267736,3625.891855664905,41,0.2470444865033716,3623.32268868009,39,-0.00020564132340200603,-2.5691669848151832,-2,0.00020564132340200603,2.5691669848151832,2,False
2026-03-27,260327.03,2026 USA Jigsaw Nationals Individual Prelim C,17731966,Melinda Whiting,0.3925166325540424,3132.7754240610457,19,0.4058755530588065,3094.0312799178787,19,0.3925166325540424,3132.7754240610457,19,-0.013358920504764116,38.74414414316698,0,0.013358920504764116,38.74414414316698,0,False
2026-03-27,260327.03,2026 USA Jigsaw Nationals Individual Prelim C,17731998,Liz Walters,0.311420865535965,3397.4158401366667,27,0.3427084759517463,3295.776957415441,25,0.311420865535965,3397.4158401366667,27,-0.03128761041578132,101.63888272122585,2,0.03128761041578132,101.63888272122585,2,False
2026-03-27,260327.03,2026 USA Jigsaw Nationals Individual Prelim C,18141625,Andrea Kyle,0.4752858160383821,2883.9190348443576,8,0.5134188489134919,2778.556549637761,7,0.4752858160383821,2883.9190348443576,8,-0.038133032875109774,105.36248520659683,1,0.038133032875109774,105.36248520659683,1,False
2026-03-27,260327.03,2026 USA Jigsaw Nationals Individual Prelim C,18619443,Lisa Weaver,-0.1901950527699014,5610.450469627214,89,-0.2083088673194158,5718.229802125811,88,-0.1901950527699014,5610.450469627214,89,0.018113814549514412,-107.77933249859689,1,0.018113814549514412,107.77933249859689,1,False
2026-03-27,260327.03,2026 USA Jigsaw Nationals Individual Prelim C,19526690,Heather Haynes-O'Brien,-0.2249074723238346,5808.622395153755,93,-0.2211985212949336,5792.412875620338,91,-0.2249074723238346,5808.622395153755,93,-0.0037089510289010086,16.209519533416824,2,0.0037089510289010086,16.209519533416824,2,False
2026-03-27,260327.03,2026 USA Jigsaw Nationals Individual Prelim C,19892655,Linda Hirschfeld,0.094273087428102,4221.383313450038,61,0.1021527815605959,4192.082526380568,59,0.094273087428102,4221.383313450038,61,-0.007879694132493897,29.30078706947006,2,0.007879694132493897,29.30078706947006,2,False
2026-03-27,260327.03,2026 USA Jigsaw Nationals Individual Prelim C,19958106,Taylor Reed,0.413657727024553,3067.2403057986203,16,0.4238493710857855,3038.91651982178,15,0.413657727024553,3067.2403057986203,16,-0.010191644061232519,28.3237859768401,1,0.010191644061232519,28.3237859768401,1,False
2026-03-27,260327.03,2026 USA Jigsaw Nationals Individual Prelim C,20341319,Hannah Scott,0.5686125460312627,2626.9498363971657,4,0.6118174213127529,2518.171376095357,2,0.5686125460312627,2626.9498363971657,4,-0.043204875281490196,108.77846030180854,2,0.043204875281490196,108.77846030180854,2,False
2026-03-27,260327.03,2026 USA Jigsaw Nationals Individual Prelim C,20696150,Tessa Melli,0.1974643793561667,3807.495339675912,48,0.1951877178562207,3819.6649034696775,48,0.1974643793561667,3807.495339675912,48,0.0022766614999460144,-12.16956379376552,0,0.0022766614999460144,12.16956379376552,0,False
2026-03-27,260327.03,2026 USA Jigsaw Nationals Individual Prelim C,20720345,Doug Ellwanger,0.3508094986056723,3266.197494469884,22,0.3798345348577405,3175.661255677836,23,0.3508094986056723,3266.197494469884,22,-0.029025036252068204,90.53623879204815,-1,0.029025036252068204,90.53623879204815,1,False
2026-03-27,260327.03,2026 USA Jigsaw Nationals Individual Prelim C,20722068,Elizabeth Nelson,0.435862614982125,2999.8831747958857,12,0.4483042160434848,2965.501621185958,12,0.435862614982125,2999.8831747958857,12,-0.01244160106135983,34.38155360992778,0,0.01244160106135983,34.38155360992778,0,False
2026-03-27,260327.03,2026 USA Jigsaw Nationals Individual Prelim C,20850953,Aimee Seligstein,0.2687622332044075,3545.4806210270094,34,0.3015497391689006,3434.257262175984,31,0.2687622332044075,3545.4806210270094,34,-0.03278750596449309,111.2233588510253,3,0.03278750596449309,111.2233588510253,3,False
2026-03-27,260327.03,2026 USA Jigsaw Nationals Individual Prelim C,20853119,Kevin Collins,0.3574123215938712,3244.702412773032,21,0.3879115797096588,3150.1146068808994,21,0.3574123215938712,3244.702412773032,21,-0.030499258115787575,94.58780589213256,0,0.030499258115787575,94.58780589213256,0,False
2026-03-27,260327.03,2026 USA Jigsaw Nationals Individual Prelim C,20895955,Susan Hann,-0.7249552422118756,9577.25678991241,113,-0.7939985986130065,10271.252910583937,113,-0.7249552422118756,9577.25678991241,113,0.0690433564011309,-693.996120671527,0,0.0690433564011309,693.996120671527,0,False
2026-03-27,260327.03,2026 USA Jigsaw Nationals Individual Prelim C,21130118,Tanya Vattanasil,-0.1561558701790145,5422.689072951618,86,-0.1389167120967217,5334.883924280837,85,-0.1561558701790145,5422.689072951618,86,-0.017239158082292788,87.80514867078091,1,0.017239158082292788,87.80514867078091,1,False
2026-03-27,260327.03,2026 USA Jigsaw Nationals Individual Prelim C,21169710,Rachel Shields,-0.1512919217387741,5396.377433994323,85,-0.1506222930468082,5397.69876477353,86,-0.1512919217387741,5396.377433994323,85,-0.0006696286919659067,-1.321330779206619,-1,0.0006696286919659067,1.321330779206619,1,False
2026-03-27,260327.03,2026 USA Jigsaw Nationals Individual Prelim C,21178628,Gretchen Etzold,0.2010674335385053,3793.801412463459,46,0.2042384404673646,3785.2501500792423,46,0.2010674335385053,3793.801412463459,46,-0.003171006928859299,8.551262384216898,0,0.003171006928859299,8.551262384216898,0,False
2026-03-27,260327.03,2026 USA Jigsaw Nationals Individual Prelim C,21178939,Karen Brownlow,-0.0764924011894414,5007.457805925616,81,-0.1135482532061794,5201.248371558104,81,-0.0764924011894414,5007.457805925616,81,0.037055852016738,-193.79056563248741,0,0.037055852016738,193.79056563248741,0,False
2026-03-27,260327.03,2026 USA Jigsaw Nationals Individual Prelim C,21181439,Chelsea Widmaier,0.2352310487465019,3666.380414869464,40,0.2563337569211138,3593.104737367484,40,0.2352310487465019,3666.380414869464,40,-0.021102708174611934,73.27567750197977,0,0.021102708174611934,73.27567750197977,0,False
2026-03-27,260327.03,2026 USA Jigsaw Nationals Individual Prelim C,21410956,Kori Klustaitis,0.098359645780781,4204.167584709133,60,0.1002961057748994,4199.873094540569,60,0.098359645780781,4204.167584709133,60,-0.0019364599941184002,4.2944901685641526,0,0.0019364599941184002,4.2944901685641526,0,False
2026-03-27,260327.03,2026 USA Jigsaw Nationals Individual Prelim C,21412436,Iryna Shvydchenko,0.40248535734295,3101.700792595217,17,0.4229911724565856,3041.5256332219788,16,0.40248535734295,3101.700792595217,17,-0.020505815113635584,60.17515937323833,1,0.020505815113635584,60.17515937323833,1,False
2026-03-27,260327.03,2026 USA Jigsaw Nationals Individual Prelim C,21428556,Caryn Knill,0.5985581002367126,2549.450538669201,2,0.6042833114532129,2537.215204955711,3,0.5985581002367126,2549.450538669201,2,-0.00572521121650027,12.235333713489581,-1,0.00572521121650027,12.235333713489581,1,False
2026-03-27,260327.03,2026 USA Jigsaw Nationals Individual Prelim C,21446122,Emilee Frost,-0.0372817174339033,4814.911565349502,77,-0.080209956850059,5030.706200005348,78,-0.0372817174339033,4814.911565349502,77,0.04292823941615569,-215.7946346558465,-1,0.04292823941615569,215.7946346558465,1,False
2026-03-27,260327.03,2026 USA Jigsaw Nationals Individual Prelim C,21564197,Rachel Wood,0.0134685730738782,4576.65045143557,70,0.0195933448085576,4552.866662161351,69,0.0134685730738782,4576.65045143557,70,-0.006124771734679402,23.78378927421909,1,0.006124771734679402,23.78378927421909,1,False
2026-03-27,260327.03,2026 USA Jigsaw Nationals Individual Prelim C,21602103,Asha Philip,-0.5159832387814017,7771.158092590767,108,-0.5651244996177257,8170.04906727156,110,-0.5159832387814017,7771.158092590767,108,0.049141260836323974,-398.89097468079217,-2,0.049141260836323974,398.89097468079217,2,False
2026-03-27,260327.03,2026 USA Jigsaw Nationals Individual Prelim C,21606421,Robin Patrick,0.1550794174297454,3972.3447748097815,51,0.1306599855798231,4074.265273448115,55,0.1550794174297454,3972.3447748097815,51,0.02441943184992229,-101.92049863833336,-4,0.02441943184992229,101.92049863833336,4,False
2026-03-27,260327.03,2026 USA Jigsaw Nationals Individual Prelim C,21616379,Debbie Dyson,-0.069726853968868,4973.693957926836,80,-0.0901828761965126,5081.128035735636,80,-0.069726853968868,4973.693957926836,80,0.020456022227644602,-107.43407780879988,0,0.020456022227644602,107.43407780879988,0,False
2026-03-27,260327.03,2026 USA Jigsaw Nationals Individual Prelim C,21654699,Kelsi Cook,0.4338296720281421,3005.9879694059337,13,0.4401808545873831,2989.689573481774,13,0.4338296720281421,3005.9879694059337,13,-0.006351182559240998,16.29839592415965,0,0.006351182559240998,16.29839592415965,0,False
2026-03-27,260327.03,2026 USA Jigsaw Nationals Individual Prelim C,21837736,Mollie Tessler,-0.1904810030091382,5612.055008679458,90,-0.2086061900268339,5719.9302144653,89,-0.1904810030091382,5612.055008679458,90,0.018125187017695693,-107.8752057858419,1,0.018125187017695693,107.8752057858419,1,False
2026-03-27,260327.03,2026 USA Jigsaw Nationals Individual Prelim C,21844431,Susie Peat,-0.4989180936200017,7639.667297459635,107,-0.4640831277541632,7384.871699980533,106,-0.4989180936200017,7639.667297459635,107,-0.03483496586583851,254.79559747910207,1,0.03483496586583851,254.79559747910207,1,False
2026-03-27,260327.03,2026 USA Jigsaw Nationals Individual Prelim C,21863873,Kristen Born,-0.0158476381256479,4712.806541642343,74,-0.0173569369947572,4724.24307344621,74,-0.0158476381256479,4712.806541642343,74,0.001509298869109301,-11.436531803866274,0,0.001509298869109301,11.436531803866274,0,False
2026-03-27,260327.03,2026 USA Jigsaw Nationals Individual Prelim C,21873336,Meg Craig,-0.2093564306164267,5718.991003108068,91,-0.2292951382941816,5839.502199038405,92,-0.2093564306164267,5718.991003108068,91,0.019938707677754908,-120.51119593033673,-1,0.019938707677754908,120.51119593033673,1,False
2026-03-27,260327.03,2026 USA Jigsaw Nationals Individual Prelim C,21906515,Elizabeth Sondag,0.0494960975389616,4414.699920716359,65,0.0532124082041576,4402.347876132832,65,0.0494960975389616,4414.699920716359,65,-0.003716310665196003,12.352044583526549,0,0.003716310665196003,12.352044583526549,0,False
2026-03-27,260327.03,2026 USA Jigsaw Nationals Individual Prelim C,21916024,Emmie Lee,0.277008074593893,3516.3653550805525,32,0.2773078443687815,3518.5274733606284,36,0.277008074593893,3516.3653550805525,32,-0.000299769774888492,-2.1621182800759016,-4,0.000299769774888492,2.1621182800759016,4,False
2026-03-27,260327.03,2026 USA Jigsaw Nationals Individual Prelim C,21921565,Michael Dickman,0.0348909922203027,4479.650226500076,67,-0.0087343373273301,4683.68293491172,73,0.0348909922203027,4479.650226500076,67,0.043625329547632805,-204.0327084116434,-6,0.043625329547632805,204.0327084116434,6,False
2026-03-27,260327.03,2026 USA Jigsaw Nationals Individual Prelim C,21923506,Linnea Shieh,0.3988118257197161,3113.115942662876,18,0.4019828326485754,3106.098951427978,20,0.3988118257197161,3113.115942662876,18,-0.0031710069288593545,7.016991234897887,-2,0.0031710069288593545,7.016991234897887,2,False
2026-03-27,260327.03,2026 USA Jigsaw Nationals Individual Prelim C,21924461,Jonathan Huang,-0.4031480845018967,6941.959238220025,105,-0.441543140168744,7220.278713885482,104,-0.4031480845018967,6941.959238220025,105,0.03839505566684731,-278.3194756654566,1,0.03839505566684731,278.3194756654566,1,False
2026-03-27,260327.03,2026 USA Jigsaw Nationals Individual Prelim C,21925368,Betsey English,0.2698703905210093,3541.553846879546,33,0.2975787904920335,3447.9216338109973,32,0.2698703905210093,3541.553846879546,33,-0.0277083999710242,93.63221306854894,1,0.0277083999710242,93.63221306854894,1,False
2026-03-27,260327.03,2026 USA Jigsaw Nationals Individual Prelim C,21926468,Meredith Yeager,0.1481086458201116,4000.1318190411057,52,0.1714579187317447,3911.3887747439567,51,0.1481086458201116,4000.1318190411057,52,-0.023349272911633107,88.74304429714903,1,0.023349272911633107,88.74304429714903,1,False
2026-03-27,260327.03,2026 USA Jigsaw Nationals Individual Prelim C,21935409,Darya Leylian,0.2546021114659605,3596.042192410207,36,0.2623256655293814,3571.639555088425,37,0.2546021114659605,3596.042192410207,36,-0.007723554063420901,24.402637321782095,-1,0.007723554063420901,24.402637321782095,1,False
2026-03-27,260327.03,2026 USA Jigsaw Nationals Individual Prelim C,21936039,Caroline Orsi,0.3506846349588365,3266.6053492629167,23,0.3645355181804736,3224.6193002373348,24,0.3506846349588365,3266.6053492629167,23,-0.013850883221637078,41.986049025581906,-1,0.013850883221637078,41.986049025581906,1,False
2026-03-27,260327.03,2026 USA Jigsaw Nationals Individual Prelim C,21968495,Jennifer Morrow,0.0990198947985362,4201.392703348,59,0.1144039790248766,4141.037813440164,58,0.0990198947985362,4201.392703348,59,-0.015384084226340397,60.35488990783597,1,0.015384084226340397,60.35488990783597,1,False
2026-03-27,260327.03,2026 USA Jigsaw Nationals Individual Prelim C,21968784,Cindy Grimley-Beason,-0.2766511805754852,6117.093966848027,98,-0.2826243059057194,6159.371363314606,97,-0.2766511805754852,6117.093966848027,98,0.005973125330234197,-42.277396466579376,1,0.005973125330234197,42.277396466579376,1,False
2026-03-27,260327.03,2026 USA Jigsaw Nationals Individual Prelim C,21984502,Shayla Jones,-0.3774046546793076,6765.530087023624,102,-0.413347955124956,7019.544782567958,103,-0.3774046546793076,6765.530087023624,102,0.03594330044564836,-254.01469554433334,-1,0.03594330044564836,254.01469554433334,1,False
2026-03-27,260327.03,2026 USA Jigsaw Nationals Individual Prelim C,22076476,Kylie Ledingham,0.5144861071556704,2773.0557028308403,6,0.5551070543520557,2665.104744692706,5,0.5144861071556704,2773.0557028308403,6,-0.040620947196385204,107.95095813813441,1,0.040620947196385204,107.95095813813441,1,False
2026-03-27,260327.03,2026 USA Jigsaw Nationals Individual Prelim C,22195650,Sarah Meyer,0.3276819054732032,3342.617075419526,25,0.3372891387564709,3313.686368805644,26,0.3276819054732032,3342.617075419526,25,-0.00960723328326768,28.93070661388174,-1,0.00960723328326768,28.93070661388174,1,False
2026-03-27,260327.03,2026 USA Jigsaw Nationals Individual Prelim C,22229044,Courtney Buhler,-0.05920287458619,4921.625370196499,78,-0.0648412435943986,4953.981806713012,77,-0.05920287458619,4921.625370196499,78,0.005638369008208605,-32.356436516512986,1,0.005638369008208605,32.356436516512986,1,False
2026-03-27,260327.03,2026 USA Jigsaw Nationals Individual Prelim C,22250420,Julie Headlee,-0.7088346941940099,9424.10393261109,112,-0.7024009262573502,9372.232621868234,112,-0.7088346941940099,9424.10393261109,112,-0.006433767936659729,51.87131074285571,0,0.006433767936659729,51.87131074285571,0,False
2026-03-27,260327.03,2026 USA Jigsaw Nationals Individual Prelim C,22251076,Jessica Henderson,0.1990668735100993,3801.3987368428175,47,0.2058089058265182,3779.31021129769,45,0.1990668735100993,3801.3987368428175,47,-0.0067420323164189,22.088525545127595,2,0.0067420323164189,22.088525545127595,2,False
2026-03-27,260327.03,2026 USA Jigsaw Nationals Individual Prelim C,22325363,Marianne Bruno,-0.3948710210876994,6884.737342703347,104,-0.4568018815899259,7331.2959171732255,105,-0.3948710210876994,6884.737342703347,104,0.061930860502226515,-446.5585744698783,-1,0.061930860502226515,446.5585744698783,1,False
2026-03-27,260327.03,2026 USA Jigsaw Nationals Individual Prelim C,22350095,Ashley Wu,0.0048495030381569,4616.267407609155,72,0.0053113604703623,4618.357186647627,71,0.0048495030381569,4616.267407609155,72,-0.0004618574322053995,-2.0897790384715336,1,0.0004618574322053995,2.0897790384715336,1,False
2026-03-27,260327.03,2026 USA Jigsaw Nationals Individual Prelim C,22407890,Selina Gilbertson,0.204251300752054,3781.741661042661,45,0.1993942568700015,3803.631081126443,47,0.204251300752054,3781.741661042661,45,0.004857043882052492,-21.88942008378217,-2,0.004857043882052492,21.88942008378217,2,False
2026-03-27,260327.03,2026 USA Jigsaw Nationals Individual Prelim C,22448265,Rachel Gaskin,-0.225850022134877,5814.099892096055,94,-0.2473595480524843,5945.947904341622,94,-0.225850022134877,5814.099892096055,94,0.021509525917607297,-131.8480122455676,0,0.021509525917607297,131.8480122455676,0,False
2026-03-27,260327.03,2026 USA Jigsaw Nationals Individual Prelim C,22561030,Allie Arendell,0.5185062326409804,2761.93004917346,5,0.5189791027814373,2763.149941853674,6,0.5185062326409804,2761.93004917346,5,-0.000472870140456938,-1.2198926802143433,-1,0.000472870140456938,1.2198926802143433,1,False
2026-03-27,260327.03,2026 USA Jigsaw Nationals Individual Prelim C,22607906,Jason Pipkin,0.1469158441912158,4004.906029567645,54,0.1819958062448209,3870.387413106937,49,0.1469158441912158,4004.906029567645,54,-0.035079962053605085,134.51861646070802,5,0.035079962053605085,134.51861646070802,5,False
2026-03-27,260327.03,2026 USA Jigsaw Nationals Individual Prelim C,22623572,Melissa Harlow,0.4230919713508786,3038.439282908748,14,0.4376587046724965,2997.2395358512827,14,0.4230919713508786,3038.439282908748,14,-0.014566733321617897,41.199747057465174,0,0.014566733321617897,41.199747057465174,0,False
2026-03-27,260327.03,2026 USA Jigsaw Nationals Individual Prelim C,22676681,Sarah Hauge,0.2629736636234363,3566.063397242811,35,0.2847626581935594,3492.3950333709317,34,0.2629736636234363,3566.063397242811,35,-0.021788994570123066,73.66836387187914,1,0.021788994570123066,73.66836387187914,1,False
2026-03-27,260327.03,2026 USA Jigsaw Nationals Individual Prelim C,22691193,Wendy Weigant,0.0250336372873605,4524.026083722189,69,0.0220178114097031,4541.841759154428,68,0.0250336372873605,4524.026083722189,69,0.0030158258776574014,-17.815675432239004,1,0.0030158258776574014,17.815675432239004,1,False
2026-03-27,260327.03,2026 USA Jigsaw Nationals Individual Prelim C,22695388,Micaela Newman,0.1476467480802088,4001.979897666442,53,0.1534860426478685,3982.319236723814,53,0.1476467480802088,4001.979897666442,53,-0.005839294567659692,19.660660942628056,0,0.005839294567659692,19.660660942628056,0,False
2026-03-27,260327.03,2026 USA Jigsaw Nationals Individual Prelim C,22703189,Beatrice Endler,0.4563205180460079,2939.1353607443784,10,0.4765842009420356,2882.812021335541,9,0.4563205180460079,2939.1353607443784,10,-0.0202636828960277,56.323339408837455,1,0.0202636828960277,56.323339408837455,1,False
2026-03-27,260327.03,2026 USA Jigsaw Nationals Individual Prelim C,22703407,Dave Harris,-0.543875358333428,7990.963330171328,109,-0.5477616587645199,8029.418214075448,108,-0.543875358333428,7990.963330171328,109,0.003886300431091838,-38.454883904119924,1,0.003886300431091838,38.454883904119924,1,False
2026-03-27,260327.03,2026 USA Jigsaw Nationals Individual Prelim C,22722527,June Huber,-0.0332084257855506,4795.338915899543,76,-0.0273393476421379,4771.638574908965,76,-0.0332084257855506,4795.338915899543,76,-0.005869078143412698,23.700340990578297,0,0.005869078143412698,23.700340990578297,0,False
2026-03-27,260327.03,2026 USA Jigsaw Nationals Individual Prelim C,22755027,Megan Chung,0.0762384585757733,4298.205038234965,63,0.084388864982163,4267.215684525112,62,0.0762384585757733,4298.205038234965,63,-0.008150406406389699,30.989353709853276,1,0.008150406406389699,30.989353709853276,1,False
2026-03-27,260327.03,2026 USA Jigsaw Nationals Individual Prelim C,22757315,Shalise Hassing,0.196488091089267,3811.214367828693,49,0.1790261495233029,3881.898218213679,50,0.196488091089267,3811.214367828693,49,0.01746194156596409,-70.68385038498582,-1,0.01746194156596409,70.68385038498582,1,False
2026-03-27,260327.03,2026 USA Jigsaw Nationals Individual Prelim C,22815809,Sarah Barcousky,-0.022621550300829,4744.839049464851,75,-0.0247759836628127,4759.422791901745,75,-0.022621550300829,4744.839049464851,75,0.0021544333619836972,-14.583742436893772,0,0.0021544333619836972,14.583742436893772,0,False
2026-03-27,260327.03,2026 USA Jigsaw Nationals Individual Prelim C,22816351,Michelle Malcom,0.0108961482263513,4588.438696461898,71,0.0164813045356653,4567.057436248445,70,0.0108961482263513,4588.438696461898,71,-0.005585156309313999,21.38126021345306,1,0.005585156309313999,21.38126021345306,1,False
2026-03-27,260327.03,2026 USA Jigsaw Nationals Individual Prelim C,22818396,Nicole Dominguez,-0.0659011079808943,4954.702220168263,79,-0.1152567598926568,5210.142334713253,82,-0.0659011079808943,4954.702220168263,79,0.0493556519117625,-255.44011454499014,-3,0.0493556519117625,255.44011454499014,3,False
2026-03-27,260327.03,2026 USA Jigsaw Nationals Individual Prelim C,22819700,Kristin Blair,0.2235062723297345,3709.6209026623255,43,0.2428531116489843,3641.870063288674,42,0.2235062723297345,3709.6209026623255,43,-0.019346839319249798,67.75083937365162,1,0.019346839319249798,67.75083937365162,1,False
2026-03-27,260327.03,2026 USA Jigsaw Nationals Individual Prelim C,22838801,Bonnie Smith,0.2172622336973782,3732.8563850226274,44,0.224058287542037,3710.9656563444255,44,0.2172622336973782,3732.8563850226274,44,-0.006796053844658784,21.890728678201867,0,0.006796053844658784,21.890728678201867,0,False
2026-03-27,260327.03,2026 USA Jigsaw Nationals Individual Prelim C,22858691,Chelsea Suedkamp,0.3083624070912989,3407.82260151437,28,0.3352384200634531,3320.4887799168346,27,0.3083624070912989,3407.82260151437,28,-0.026876012972154195,87.33382159753546,1,0.026876012972154195,87.33382159753546,1,False
2026-03-27,260327.03,2026 USA Jigsaw Nationals Individual Prelim C,22860511,Lydia Utkin,0.2474996300917116,3621.673931828868,38,0.261662993816275,3574.0071639780726,38,0.2474996300917116,3621.673931828868,38,-0.014163363724563394,47.66676785079517,0,0.014163363724563394,47.66676785079517,0,False
2026-03-27,260327.03,2026 USA Jigsaw Nationals Individual Prelim C,22862625,Angela Guglielmino,0.1227134611726099,4103.0167670447845,56,0.1275173800521689,4087.089221768951,56,0.1227134611726099,4103.0167670447845,56,-0.004803918879558999,15.927545275833381,0,0.004803918879558999,15.927545275833381,0,False
2026-03-27,260327.03,2026 USA Jigsaw Nationals Individual Prelim C,22870921,Abigail Ricketts-Savit,0.1065299622033461,4169.958146517289,57,0.116675672889379,4131.641320265603,57,0.1065299622033461,4169.958146517289,57,-0.0101457106860329,38.3168262516856,0,0.0101457106860329,38.3168262516856,0,False
2026-03-27,260327.03,2026 USA Jigsaw Nationals Individual Prelim C,22871519,Grace Byrnes,0.3072347510913171,3411.6676206398383,29,0.3187365127316025,3375.737781263839,29,0.3072347510913171,3411.6676206398383,29,-0.01150176164028538,35.92983937599911,0,0.01150176164028538,35.92983937599911,0,False
2026-03-27,260327.03,2026 USA Jigsaw Nationals Individual Prelim C,22874878,Kara Bancroft,-0.0991196282476334,5122.054301824317,83,-0.1189049334395901,5229.184551690958,83,-0.0991196282476334,5122.054301824317,83,0.019785305191956704,-107.13024986664095,0,0.019785305191956704,107.13024986664095,0,False
2026-03-27,260327.03,2026 USA Jigsaw Nationals Individual Prelim C,23741633,Kim Knaub,0.4841719653113057,2858.4056256766376,7,0.4999578552888009,2816.2115499139995,8,0.4841719653113057,2858.4056256766376,7,-0.015785889977495193,42.19407576263802,-1,0.015785889977495193,42.19407576263802,1,False
2026-03-27,260327.03,2026 USA Jigsaw Nationals Individual Prelim C,23742686,Jessica Bradley,0.1008876301316894,4193.552937330544,58,0.0806658283063369,4283.132295700829,63,0.1008876301316894,4193.552937330544,58,0.020221801825352506,-89.57935837028435,-5,0.020221801825352506,89.57935837028435,5,False
2026-03-27,260327.03,2026 USA Jigsaw Nationals Individual Prelim C,23743266,Jeff Amey,-0.1249569219534946,5256.118797078536,84,-0.1323446140526417,5299.9375055070095,84,-0.1249569219534946,5256.118797078536,84,0.007387692099147095,-43.818708428473656,0,0.007387692099147095,43.818708428473656,0,False
2026-03-27,260327.03,2026 USA Jigsaw Nationals Individual Prelim C,23751344,Lovesong Cahill,-0.2433605852642999,5916.804640020951,96,-0.2665377838608999,6061.081193177945,96,-0.2433605852642999,5916.804640020951,96,0.023177198596599974,-144.27655315699394,0,0.023177198596599974,144.27655315699394,0,False
2026-03-27,260327.03,2026 USA Jigsaw Nationals Individual Prelim C,23758655,Hannah Doyle,0.6621783353589763,2392.305692517893,1,0.6739280440335522,2366.524376553251,1,0.6621783353589763,2392.305692517893,1,-0.01174970867457592,25.78131596464209,0,0.01174970867457592,25.78131596464209,0,False
2026-03-27,260327.03,2026 USA Jigsaw Nationals Individual Prelim C,23763793,Michael Ha,0.2247544505487902,3704.993523148597,42,0.260819627289179,3577.02263338202,39,0.2247544505487902,3704.993523148597,42,-0.03606517674038881,127.97088976657687,3,0.03606517674038881,127.97088976657687,3,False
2026-03-27,260327.03,2026 USA Jigsaw Nationals Individual Prelim C,23764537,Soren Hansen,0.0710896347468526,4320.392810204748,64,0.0635182343841735,4357.211029881532,64,0.0710896347468526,4320.392810204748,64,0.007571400362679101,-36.81821967678479,0,0.007571400362679101,36.81821967678479,0,False
2026-03-27,260327.03,2026 USA Jigsaw Nationals Individual Prelim C,23764728,Caleb Pieplow,-0.2219281478062817,5791.3423782097225,92,-0.2430641618830704,5920.462535883326,93,-0.2219281478062817,5791.3423782097225,92,0.021136014076788695,-129.1201576736039,-1,0.021136014076788695,129.1201576736039,1,False
2026-03-27,260327.03,2026 USA Jigsaw Nationals Individual Prelim C,23764828,Kandace Gordon,-0.4983090641006433,7635.015931110884,106,-0.5134666655246213,7758.717737640894,107,-0.4983090641006433,7635.015931110884,106,0.015157601423977984,-123.70180653000989,-1,0.015157601423977984,123.70180653000989,1,False
2026-03-27,260327.03,2026 USA Jigsaw Nationals Individual Prelim C,23764863,Brian Wolfe,0.1272899790514043,4084.282139830575,55,0.139412834199157,4038.759461455066,54,0.1272899790514043,4084.282139830575,55,-0.012122855147752715,45.52267837550926,1,0.012122855147752715,45.52267837550926,1,False
2026-03-27,260327.03,2026 USA Jigsaw Nationals Individual Prelim C,23769192,Angela Harrow,0.3498722392284749,3269.260203751647,24,0.3824309605979635,3167.42658203679,22,0.3498722392284749,3269.260203751647,24,-0.03255872136948862,101.83362171485714,2,0.03255872136948862,101.83362171485714,2,False
2026-03-27,260327.03,2026 USA Jigsaw Nationals Individual Prelim C,23786476,Bethany Quinn,0.2968399208808796,3447.316286210392,30,0.3030876598716495,3428.979706105489,30,0.2968399208808796,3447.316286210392,30,-0.006247738990769858,18.336580104902623,0,0.006247738990769858,18.336580104902623,0,False
2026-03-27,260327.03,2026 USA Jigsaw Nationals Individual Prelim C,23786677,Danika Dorris,0.252889573788344,3602.20582637632,37,0.2809509019139742,3505.732595689647,35,0.252889573788344,3602.20582637632,37,-0.028061328125630225,96.4732306866731,2,0.028061328125630225,96.4732306866731,2,False
2026-03-27,260327.03,2026 USA Jigsaw Nationals Individual Prelim C,23820273,Ed Siegel,-0.566136144753425,8170.843163312191,110,-0.5613738968658496,8139.4638511084,109,-0.566136144753425,8170.843163312191,110,-0.004762247887575399,31.379312203790505,1,0.004762247887575399,31.379312203790505,1,False
2026-03-27,260327.03,2026 USA Jigsaw Nationals Individual Prelim C,23838242,Rose Barrett,0.384910561780295,3156.694384995738,20,0.4194197324750696,3052.4076801952187,18,0.384910561780295,3156.694384995738,20,-0.034509170694774605,104.28670480051915,2,0.034509170694774605,104.28670480051915,2,False
2026-03-27,260327.03,2026 USA Jigsaw Nationals Individual Prelim C,23848770,Emily Landgraf,-0.1607168395029776,5447.478279899981,87,-0.1760232051699279,5536.56138925191,87,-0.1607168395029776,5447.478279899981,87,0.015306365666950289,-89.08310935192912,0,0.015306365666950289,89.08310935192912,0,False
2026-03-27,260327.03,2026 USA Jigsaw Nationals Individual Prelim C,23887118,Sarah Stubeck,0.4435538692836184,2976.898813013443,11,0.4553981658230049,2944.538943615767,11,0.4435538692836184,2976.898813013443,11,-0.011844296539386512,32.35986939767599,0,0.011844296539386512,32.35986939767599,0,False
2026-03-27,260327.03,2026 USA Jigsaw Nationals Individual Prelim C,24108436,Nicole Norstrud,-0.0079280463388702,4675.630441736896,73,-0.0025461287709127,4654.788821703334,72,-0.0079280463388702,4675.630441736896,73,-0.0053819175679575,20.841620033561412,1,0.0053819175679575,20.841620033561412,1,False
2026-03-27,260327.03,2026 USA Jigsaw Nationals Individual Prelim C,24124042,Amber Whitmill,0.4585783790608991,2932.506687723108,9,0.4667797088418608,2911.215542543735,10,0.4585783790608991,2932.506687723108,9,-0.00820132978096172,21.29114517937296,-1,0.00820132978096172,21.29114517937296,1,False
2026-03-27,260327.03,2026 USA Jigsaw Nationals Individual Prelim C,24189640,Lizzy Klinnert,0.2263762006913416,3698.9898189442033,41,0.2284119594511162,3694.8444481006327,43,0.2263762006913416,3698.9898189442033,41,-0.002035758759774603,4.145370843570618,-2,0.002035758759774603,4.145370843570618,2,False
2026-03-27,260327.03,2026 USA Jigsaw Nationals Individual Prelim C,24196093,Barbara Harris,-0.3916418886375485,6862.541469932687,103,-0.3880548285092575,6844.22508576119,102,-0.3916418886375485,6862.541469932687,103,-0.0035870601282910197,18.316384171496793,1,0.0035870601282910197,18.316384171496793,1,False
2026-03-27,260327.03,2026 USA Jigsaw Nationals Individual Prelim C,24204399,Katie Hartzler,0.318411409875469,3373.7488729373777,26,0.3224919564503157,3363.084162864576,28,0.318411409875469,3373.7488729373777,26,-0.0040805465748466885,10.664710072801881,-2,0.0040805465748466885,10.664710072801881,2,False
2026-03-27,260327.03,2026 USA Jigsaw Nationals Individual Prelim C,24207911,Kristina Key,-0.0878698557206596,5064.755260946044,82,-0.0859642332234832,5059.737721425713,79,-0.0878698557206596,5064.755260946044,82,-0.001905622497176393,5.0175395203305015,3,0.001905622497176393,5.0175395203305015,3,False
2026-03-27,260327.03,2026 USA Jigsaw Nationals Individual Prelim C,24223848,Anne Khong,0.0394539942818963,4459.256137801141,66,0.0453849910782104,4436.942104392479,66,0.0394539942818963,4459.256137801141,66,-0.005930996796314106,22.314033408662,0,0.005930996796314106,22.314033408662,0,False
2026-03-27,260327.03,2026 USA Jigsaw Nationals Individual Prelim C,24511922,Carrie Grose,0.158315699176245,3959.509927717105,50,0.1596525261169862,3957.8378904665806,52,0.158315699176245,3959.509927717105,50,-0.0013368269407411926,1.6720372505242267,-2,0.0013368269407411926,1.6720372505242267,2,False
2026-03-27,260327.03,2026 USA Jigsaw Nationals Individual Prelim C,24557670,Monica Ganz,-0.6608655892684081,8982.709388289477,111,-0.6588298305086334,8972.642677263746,111,-0.6608655892684081,8982.709388289477,111,-0.0020357587597746862,10.06671102573091,0,0.0020357587597746862,10.06671102573091,0,False
2026-03-27,260327.03,2026 USA Jigsaw Nationals Individual Prelim C,24576206,Lisa Grow,0.0914126434707401,4233.475630292942,62,0.097394607575426,4212.076714591659,61,0.0914126434707401,4233.475630292942,62,-0.005981964104685905,21.39891570128293,1,0.005981964104685905,21.39891570128293,1,False
2026-03-27,260327.03,2026 USA Jigsaw Nationals Individual Prelim C,24581974,Jessica Rottenbacher,0.4165274384720082,3058.4508288442494,15,0.4217441042384815,3045.320989215766,17,0.4165274384720082,3058.4508288442494,15,-0.0052166657664733385,13.129839628483296,-2,0.0052166657664733385,13.129839628483296,2,False
2026-03-27,260327.03,2026 USA Jigsaw Nationals Individual Prelim C,24676248,Lewis Dracobly-Helsel,0.5891403972330183,2573.573921795929,3,0.5911761559927929,2570.689778064435,4,0.5891403972330183,2573.573921795929,3,-0.0020357587597746862,2.8841437314940777,-1,0.0020357587597746862,2.8841437314940777,1,False
2026-03-27,260327.03,2026 USA Jigsaw Nationals Individual Prelim C,24685819,Brandon Harrington,-0.2361683706168807,5874.402376893739,95,-0.31220247393072,6344.275364887299,99,-0.2361683706168807,5874.402376893739,95,0.07603410331383928,-469.87298799355995,-4,0.07603410331383928,469.87298799355995,4,False
2026-03-27,260327.03,2026 USA Jigsaw Nationals Individual Prelim C,24695473,Stephanie Gildenmeister,-0.3754781495760462,6752.508805594554,101,-0.3713976030011994,6731.1635450585945,101,-0.3754781495760462,6752.508805594554,101,-0.0040805465748467995,21.345260535959824,0,0.0040805465748467995,21.345260535959824,0,False
2026-03-27,260327.03,2026 USA Jigsaw Nationals Individual Prelim C,24714252,Beatrice Chau,-0.3000079309584189,6261.651023526786,99,-0.2968369240295596,6247.537206002055,98,-0.3000079309584189,6261.651023526786,99,-0.003171006928859299,14.11381752473062,1,0.003171006928859299,14.11381752473062,1,False
2026-03-27,260327.03,2026 USA Jigsaw Nationals Individual Prelim C,24717966,Gwendolyn Adams,0.0342092031155068,4482.705444606661,68,0.0375263137328505,4471.947970534675,67,0.0342092031155068,4482.705444606661,68,-0.003317110617343702,10.757474071986508,1,0.003317110617343702,10.757474071986508,1,False
2026-03-27,260327.03,2026 USA Jigsaw Nationals Individual Prelim C,24718041,Jennifer Fong,0.2910022040935058,3467.4995972739166,31,0.2930379628532805,3463.613652074232,33,0.2910022040935058,3467.4995972739166,31,-0.0020357587597746862,3.8859451996845564,-2,0.0020357587597746862,3.8859451996845564,2,False
2026-03-27,260327.03,2026 USA Jigsaw Nationals Individual Prelim C,24718079,India Eaford,-0.3203301912716397,6390.203742260315,100,-0.3164457531412384,6371.253093186989,100,-0.3203301912716397,6390.203742260315,100,-0.003884438130401291,18.95064907332653,0,0.003884438130401291,18.95064907332653,0,False
2026-03-27,260327.03,2026 USA Jigsaw Nationals Individual Prelim C,24718284,Gwen Guerra,-0.2609991194862499,6022.094248554307,97,-0.2545717044121308,5988.986022600334,95,-0.2609991194862499,6022.094248554307,97,-0.006427415074119092,33.10822595397349,2,0.006427415074119092,33.10822595397349,2,False
2026-03-27,260327.03,2026 USA Jigsaw Nationals Individual Prelim C,24718371,Shannon May,-0.1824820524548671,5567.343519053015,88,-0.2185766261337246,5777.245668432297,90,-0.1824820524548671,5567.343519053015,88,0.03609457367885752,-209.90214937928158,-2,0.03609457367885752,209.90214937928158,2,False
2026-03-27,260327.04,2026 USA Jigsaw Nationals Individual Prelim D,17593433,Tammy McLeod,0.4322922573827399,3084.885386005354,15,0.4456317401519844,3046.983404865236,15,0.4322922573827399,3084.885386005354,15,-0.013339482769244515,37.901981140118096,0,0.013339482769244515,37.901981140118096,0,False
2026-03-27,260327.04,2026 USA Jigsaw Nationals Individual Prelim D,17731892,Noelle Marshall,0.1163981651132678,4230.8740245889485,61,0.1118250447740805,4254.421303855551,64,0.1163981651132678,4230.8740245889485,61,0.004573120339187289,-23.547279266602345,-3,0.004573120339187289,23.547279266602345,3,False
2026-03-27,260327.04,2026 USA Jigsaw Nationals Individual Prelim D,17731902,EB Caron,0.3737165106862068,3270.9820186535576,19,0.3995452835985119,3190.694198343951,18,0.3737165106862068,3270.9820186535576,19,-0.025828772912305065,80.28782030960656,1,0.025828772912305065,80.28782030960656,1,False
2026-03-27,260327.04,2026 USA Jigsaw Nationals Individual Prelim D,17732010,Yvonne Feucht,0.4370133399114673,3070.355712387674,14,0.4579179071591213,3009.7766898701766,14,0.4370133399114673,3070.355712387674,14,-0.020904567247653993,60.57902251749738,0,0.020904567247653993,60.57902251749738,0,False
2026-03-27,260327.04,2026 USA Jigsaw Nationals Individual Prelim D,17732023,Andrew Bradburn,0.2861037593298166,3570.4905763521374,30,0.3134273106532667,3477.648973334267,29,0.2861037593298166,3570.4905763521374,30,-0.0273235513234501,92.84160301787051,1,0.0273235513234501,92.84160301787051,1,False
2026-03-27,260327.04,2026 USA Jigsaw Nationals Individual Prelim D,18497651,Lisa Schuler,-0.1255332224102969,5388.8930050791005,97,-0.1530909799835416,5544.878859359204,99,-0.1255332224102969,5388.8930050791005,97,0.02755775757324469,-155.98585428010392,-2,0.02755775757324469,155.98585428010392,2,False
2026-03-27,260327.04,2026 USA Jigsaw Nationals Individual Prelim D,18852026,Kimberly Kenne,0.2555958853309634,3681.0972617634775,35,0.2618948887803527,3661.558604447947,38,0.2555958853309634,3681.0972617634775,35,-0.006299003449389329,19.5386573155306,-3,0.006299003449389329,19.5386573155306,3,False
2026-03-27,260327.04,2026 USA Jigsaw Nationals Individual Prelim D,18980068,Tiffany Medeiros,0.6571210957046117,2463.7526776944787,2,0.6744884327851435,2423.7001522060746,2,0.6571210957046117,2463.7526776944787,2,-0.01736733708053173,40.05252548840417,0,0.01736733708053173,40.05252548840417,0,False
2026-03-27,260327.04,2026 USA Jigsaw Nationals Individual Prelim D,19556372,Katie Everson,0.0184349337490957,4666.325020044234,77,0.0001303774567287,4757.172201041223,80,0.0184349337490957,4666.325020044234,77,0.018304556292367,-90.84718099698875,-3,0.018304556292367,90.84718099698875,3,False
2026-03-27,260327.04,2026 USA Jigsaw Nationals Individual Prelim D,19573602,Isabel Urrutia,0.1884765480865853,3936.6504177069705,49,0.1830584592183844,3961.9064434710494,51,0.1884765480865853,3936.6504177069705,49,0.005418088868200888,-25.256025764078913,-2,0.005418088868200888,25.256025764078913,2,False
2026-03-27,260327.04,2026 USA Jigsaw Nationals Individual Prelim D,20503559,Mandi Schalon,0.2408190659029281,3735.896050071397,38,0.246556524173374,3718.153855076223,39,0.2408190659029281,3735.896050071397,38,-0.0057374582704459165,17.74219499517403,-1,0.0057374582704459165,17.74219499517403,1,False
2026-03-27,260327.04,2026 USA Jigsaw Nationals Individual Prelim D,20505809,Madeleine Pedrow,0.1009768266299337,4296.625449425783,65,0.0933155633264598,4333.901737698045,67,0.1009768266299337,4296.625449425783,65,0.0076612633034739,-37.27628827226181,-2,0.0076612633034739,37.27628827226181,2,False
2026-03-27,260327.04,2026 USA Jigsaw Nationals Individual Prelim D,20515638,Michelle Chan,0.1024101117529148,4290.471571274594,64,0.1121634557293829,4252.981804662739,63,0.1024101117529148,4290.471571274594,64,-0.009753343976468098,37.489766611854975,1,0.009753343976468098,37.489766611854975,1,False
2026-03-27,260327.04,2026 USA Jigsaw Nationals Individual Prelim D,20531734,Norah Molina,0.0649052944202495,4454.440516905916,70,0.0742791198660343,4417.194092877799,68,0.0649052944202495,4454.440516905916,70,-0.0093738254457848,37.24642402811696,2,0.0093738254457848,37.24642402811696,2,False
2026-03-27,260327.04,2026 USA Jigsaw Nationals Individual Prelim D,20563304,Jessica Derby,0.3658836193877214,3296.7038719736806,20,0.3803742766060161,3252.453117974455,20,0.3658836193877214,3296.7038719736806,20,-0.014490657218294678,44.25075399922571,0,0.014490657218294678,44.25075399922571,0,False
2026-03-27,260327.04,2026 USA Jigsaw Nationals Individual Prelim D,20568290,John Walczak,-0.1206296108927245,5362.532650561865,96,-0.1655343800978015,5614.307071258578,100,-0.1206296108927245,5362.532650561865,96,0.044904769205076994,-251.7744206967127,-4,0.044904769205076994,251.7744206967127,4,False
2026-03-27,260327.04,2026 USA Jigsaw Nationals Individual Prelim D,20620378,Jamie Ambabo,0.1384918053109258,4138.423659332076,57,0.1607939840504024,4051.105511633286,56,0.1384918053109258,4138.423659332076,57,-0.022302178739476597,87.31814769878974,1,0.022302178739476597,87.31814769878974,1,False
2026-03-27,260327.04,2026 USA Jigsaw Nationals Individual Prelim D,20719464,Deborah Wilson,-0.3223450460354294,6561.057590732157,110,-0.3823713822596515,6973.764476389476,110,-0.3223450460354294,6561.057590732157,110,0.0600263362242221,-412.7068856573187,0,0.0600263362242221,412.7068856573187,0,False
2026-03-27,260327.04,2026 USA Jigsaw Nationals Individual Prelim D,20725541,Rosemary Dabbs,0.0154257863066796,4680.387827963503,78,0.0496829971870053,4527.187096242775,72,0.0154257863066796,4680.387827963503,78,-0.0342572108803257,153.20073172072807,6,0.0342572108803257,153.20073172072807,6,False
2026-03-27,260327.04,2026 USA Jigsaw Nationals Individual Prelim D,20865039,Whitney Presley,0.2324827292540054,3767.1699108327225,39,0.2404548769405604,3740.910072862559,41,0.2324827292540054,3767.1699108327225,39,-0.007972147686554992,26.259837970163517,-2,0.007972147686554992,26.259837970163517,2,False
2026-03-27,260327.04,2026 USA Jigsaw Nationals Individual Prelim D,20866417,Felisa Lewis,0.0690935601348361,4435.823150864045,68,0.0727127641544144,4424.118411631912,69,0.0690935601348361,4435.823150864045,68,-0.003619204019578298,11.704739232132852,-1,0.003619204019578298,11.704739232132852,1,False
2026-03-27,260327.04,2026 USA Jigsaw Nationals Individual Prelim D,20866603,Cathy Roiter,0.6023379273256848,2602.4904051026488,4,0.6365963295883168,2517.30142379918,3,0.6023379273256848,2602.4904051026488,4,-0.03425840226263199,85.18898130346861,1,0.03425840226263199,85.18898130346861,1,False
2026-03-27,260327.04,2026 USA Jigsaw Nationals Individual Prelim D,20866882,Stephanie Thompson,0.1193799191498089,4218.2773882565525,60,0.1246967699618341,4200.010493732749,61,0.1193799191498089,4218.2773882565525,60,-0.005316850812025195,18.266894523803785,-1,0.005316850812025195,18.266894523803785,1,False
2026-03-27,260327.04,2026 USA Jigsaw Nationals Individual Prelim D,21103521,Erin Leidy,0.0511013968166922,4516.355508642538,71,0.0572261685513715,4493.166222132844,71,0.0511013968166922,4516.355508642538,71,-0.006124771734679298,23.189286509693375,0,0.006124771734679298,23.189286509693375,0,False
2026-03-27,260327.04,2026 USA Jigsaw Nationals Individual Prelim D,21125653,Frank Lieu,-0.2068023391887469,5845.131550748064,103,-0.2264978000638657,5967.222604756437,104,-0.2068023391887469,5845.131550748064,103,0.01969546087511878,-122.09105400837325,-1,0.01969546087511878,122.09105400837325,1,False
2026-03-27,260327.04,2026 USA Jigsaw Nationals Individual Prelim D,21169712,Rob Shields,-0.5481840226828415,8223.457858859489,119,-0.600392024843112,8672.662339767567,119,-0.5481840226828415,8223.457858859489,119,0.05220800216027055,-449.20448090807804,0,0.05220800216027055,449.20448090807804,0,False
2026-03-27,260327.04,2026 USA Jigsaw Nationals Individual Prelim D,21181014,Emily Chandran,0.4607193299949513,2998.42584322749,13,0.4865315136890465,2924.8765657996983,12,0.4607193299949513,2998.42584322749,13,-0.025812183694095214,73.54927742779182,1,0.025812183694095214,73.54927742779182,1,False
2026-03-27,260327.04,2026 USA Jigsaw Nationals Individual Prelim D,21198876,Angie Gazdic,0.3413979665928271,3378.422198847828,24,0.3489209847037778,3356.379318055399,24,0.3413979665928271,3378.422198847828,24,-0.0075230181109506855,22.04288079242906,0,0.0075230181109506855,22.04288079242906,0,False
2026-03-27,260327.04,2026 USA Jigsaw Nationals Individual Prelim D,21213018,Jennifer Hill,0.0305139674486878,4610.299371910904,74,0.0334200595866581,4601.41439850458,75,0.0305139674486878,4610.299371910904,74,-0.0029060921379702974,8.884973406323297,-1,0.0029060921379702974,8.884973406323297,1,False
2026-03-27,260327.04,2026 USA Jigsaw Nationals Individual Prelim D,21213678,Mary Ann Alwan,-0.1022687356879637,5264.970264036661,92,-0.1120086152772936,5321.697913107784,94,-0.1022687356879637,5264.970264036661,92,0.009739879589329897,-56.72764907112287,-2,0.009739879589329897,56.72764907112287,2,False
2026-03-27,260327.04,2026 USA Jigsaw Nationals Individual Prelim D,21249910,Lena Nguyen-Vo,0.2294698156846714,3778.537183881657,41,0.2749774954545365,3613.967857701312,36,0.2294698156846714,3778.537183881657,41,-0.045507679769865084,164.5693261803449,5,0.045507679769865084,164.5693261803449,5,False
2026-03-27,260327.04,2026 USA Jigsaw Nationals Individual Prelim D,21469145,Shannon O’Hara,0.2704192449681653,3626.933469667143,32,0.2990957148854637,3527.848090151297,32,0.2704192449681653,3626.933469667143,32,-0.02867646991729844,99.08537951584594,0,0.02867646991729844,99.08537951584594,0,False
2026-03-27,260327.04,2026 USA Jigsaw Nationals Individual Prelim D,21529071,Jane Davis,-0.3143616908222714,6508.886863223036,109,-0.3104772526918701,6489.990367105913,108,-0.3143616908222714,6508.886863223036,109,-0.003884438130401291,18.896496117123206,1,0.003884438130401291,18.896496117123206,1,False
2026-03-27,260327.04,2026 USA Jigsaw Nationals Individual Prelim D,21566454,Alice Rowe,0.7745037230049753,2190.8794510071216,1,0.7931274116431678,2152.556880118273,1,0.7745037230049753,2190.8794510071216,1,-0.018623688638192526,38.32257088884853,0,0.018623688638192526,38.32257088884853,0,False
2026-03-27,260327.04,2026 USA Jigsaw Nationals Individual Prelim D,21583590,Lindsay Wang,0.416143164366593,3135.1079197627973,16,0.4229204179338146,3116.976233080374,16,0.416143164366593,3135.1079197627973,16,-0.006777253567221586,18.13168668242315,0,0.006777253567221586,18.13168668242315,0,False
2026-03-27,260327.04,2026 USA Jigsaw Nationals Individual Prelim D,21641657,Karen May,-0.225850022134877,5957.534876319009,105,-0.2473595480524843,6093.016880935553,105,-0.225850022134877,5957.534876319009,105,0.021509525917607297,-135.48200461654415,0,0.021509525917607297,135.48200461654415,0,False
2026-03-27,260327.04,2026 USA Jigsaw Nationals Individual Prelim D,21659764,Sandra Kopec,-0.1348651721786956,5439.41726216496,98,-0.1316941652498363,5427.496397418613,97,-0.1348651721786956,5439.41726216496,98,-0.003171006928859299,11.920864746347434,1,0.003171006928859299,11.920864746347434,1,False
2026-03-27,260327.04,2026 USA Jigsaw Nationals Individual Prelim D,21691159,Luanne Hill,-0.014059703643448,4820.4460519021695,82,-0.0153987230380621,4831.6233900492025,82,-0.014059703643448,4820.4460519021695,82,0.0013390193946141004,-11.17733814703297,0,0.0013390193946141004,11.17733814703297,0,False
2026-03-27,260327.04,2026 USA Jigsaw Nationals Individual Prelim D,21856865,Aloysia Larson,0.3581860984125348,3322.178238127636,22,0.3995199891496688,3190.774906215851,19,0.3581860984125348,3322.178238127636,22,-0.041333890737134005,131.40333191178524,3,0.041333890737134005,131.40333191178524,3,False
2026-03-27,260327.04,2026 USA Jigsaw Nationals Individual Prelim D,21906042,Erin Sweeney,-0.0250299991508091,4873.618897215181,85,-0.0274138085937433,4890.025911507729,85,-0.0250299991508091,4873.618897215181,85,0.0023838094429342004,-16.4070142925475,0,0.0023838094429342004,16.4070142925475,0,False
2026-03-27,260327.04,2026 USA Jigsaw Nationals Individual Prelim D,21922205,Maria Seitz,0.0735624227222626,4416.044294153607,67,0.1083260517765904,4269.333567945757,65,0.0735624227222626,4416.044294153607,67,-0.034763629054327796,146.7107262078498,2,0.034763629054327796,146.7107262078498,2,False
2026-03-27,260327.04,2026 USA Jigsaw Nationals Individual Prelim D,21922695,Mathew Nettlow,0.4673083442795263,2978.734118286833,12,0.5054976451292311,2869.925722075262,8,0.4673083442795263,2978.734118286833,12,-0.038189300849704844,108.80839621157111,4,0.038189300849704844,108.80839621157111,4,False
2026-03-27,260327.04,2026 USA Jigsaw Nationals Individual Prelim D,21924024,Jasper Lee,0.4919244793618158,2906.3043250348146,9,0.5175200130283446,2835.628996224735,7,0.4919244793618158,2906.3043250348146,9,-0.02559553366652878,70.67532881007946,2,0.02559553366652878,70.67532881007946,2,False
2026-03-27,260327.04,2026 USA Jigsaw Nationals Individual Prelim D,21925090,Emma Pan,0.5953294396840485,2620.793992255524,5,0.6190980620876821,2561.737480682671,5,0.5953294396840485,2620.793992255524,5,-0.023768622403633644,59.05651157285274,0,0.023768622403633644,59.05651157285274,0,False
2026-03-27,260327.04,2026 USA Jigsaw Nationals Individual Prelim D,21926706,Stephanie Ho,0.0007809523245358,4749.43569388241,80,0.0039519592533951,4739.026972175757,79,0.0007809523245358,4749.43569388241,80,-0.0031710069288593,10.408721706653523,1,0.0031710069288593,10.408721706653523,1,False
2026-03-27,260327.04,2026 USA Jigsaw Nationals Individual Prelim D,21927214,Cindy Koster,0.1627418149800735,4039.273895752072,54,0.1691692300541926,4017.3181924410783,54,0.1627418149800735,4039.273895752072,54,-0.006427415074119092,21.955703310993613,0,0.006427415074119092,21.955703310993613,0,False
2026-03-27,260327.04,2026 USA Jigsaw Nationals Individual Prelim D,21927294,Lori Nussbaum,0.0946537798945975,4323.879285784515,66,0.1036684255988448,4289.264908067438,66,0.0946537798945975,4323.879285784515,66,-0.009014645704247301,34.61437771707642,0,0.009014645704247301,34.61437771707642,0,False
2026-03-27,260327.04,2026 USA Jigsaw Nationals Individual Prelim D,21933468,Laurie Marcey,0.2081421372516662,3859.990123420347,43,0.2284371852631102,3786.138402431053,42,0.2081421372516662,3859.990123420347,43,-0.020295048011443995,73.85172098929434,1,0.020295048011443995,73.85172098929434,1,False
2026-03-27,260327.04,2026 USA Jigsaw Nationals Individual Prelim D,21942386,Megan Bailey,0.1870662847853937,3942.2060478505664,50,0.1917128264012364,3927.766592850382,50,0.1870662847853937,3942.2060478505664,50,-0.004646541615842714,14.439455000184353,0,0.004646541615842714,14.439455000184353,0,False
2026-03-27,260327.04,2026 USA Jigsaw Nationals Individual Prelim D,21964658,Cosmo Smith,0.3468255495924699,3360.1352039395906,23,0.3660821160453252,3299.2714709148504,23,0.3468255495924699,3360.1352039395906,23,-0.019256566452855284,60.86373302474021,0,0.019256566452855284,60.86373302474021,0,False
2026-03-27,260327.04,2026 USA Jigsaw Nationals Individual Prelim D,21968785,Audrey Talish,-0.0470358224651134,4982.055637547283,90,-0.051515424604648,5009.315196157472,89,-0.0470358224651134,4982.055637547283,90,0.004479602139534605,-27.259558610188833,1,0.004479602139534605,27.259558610188833,1,False
2026-03-27,260327.04,2026 USA Jigsaw Nationals Individual Prelim D,21976246,Edith Lewis,0.3742258648168491,3269.3163546935207,18,0.4004681021159245,3187.7511248245464,17,0.3742258648168491,3269.3163546935207,18,-0.026242237299075377,81.56522986897426,1,0.026242237299075377,81.56522986897426,1,False
2026-03-27,260327.04,2026 USA Jigsaw Nationals Individual Prelim D,21992691,Claire Bailey,0.3295720344415372,3418.6123652495744,25,0.3327430413703965,3411.1202362838862,26,0.3295720344415372,3418.6123652495744,25,-0.003171006928859299,7.492128965688153,-1,0.003171006928859299,7.492128965688153,1,False
2026-03-27,260327.04,2026 USA Jigsaw Nationals Individual Prelim D,22035057,alison satinoff,-0.5176313612377347,7976.008698661752,116,-0.5669295861175189,8387.255739221697,117,-0.5176313612377347,7976.008698661752,116,0.04929822487978419,-411.24704055994516,-1,0.04929822487978419,411.24704055994516,1,False
2026-03-27,260327.04,2026 USA Jigsaw Nationals Individual Prelim D,22035203,Jessica Streitz,0.487442941058874,2919.358268212497,10,0.4986704072151831,2889.586425558315,10,0.487442941058874,2919.358268212497,10,-0.011227466156309096,29.77184265418191,0,0.011227466156309096,29.77184265418191,0,False
2026-03-27,260327.04,2026 USA Jigsaw Nationals Individual Prelim D,22048522,CHARESE GAINOR,0.265285486995946,3645.60114494555,33,0.2822264050401269,3587.865253464985,34,0.265285486995946,3645.60114494555,33,-0.016940918044180908,57.73589148056499,-1,0.016940918044180908,57.73589148056499,1,False
2026-03-27,260327.04,2026 USA Jigsaw Nationals Individual Prelim D,22195550,Carmen Dueñas,0.3207398665685956,3448.9398551463373,27,0.3361922630098466,3399.3747945108407,25,0.3207398665685956,3448.9398551463373,27,-0.015452396441251015,49.56506063549659,2,0.015452396441251015,49.56506063549659,2,False
2026-03-27,260327.04,2026 USA Jigsaw Nationals Individual Prelim D,22197641,Marissa Belau,-0.0312315802272455,4903.93695271323,86,-0.0601850257693071,5052.932761264628,90,-0.0312315802272455,4903.93695271323,86,0.0289534455420616,-148.9958085513981,-4,0.0289534455420616,148.9958085513981,4,False
2026-03-27,260327.04,2026 USA Jigsaw Nationals Individual Prelim D,22233166,Mallory Roy,-0.1561983732901471,5556.704047718729,102,-0.1710744088415897,5645.496810061839,101,-0.1561983732901471,5556.704047718729,102,0.014876035551442596,-88.79276234310964,1,0.014876035551442596,88.79276234310964,1,False
2026-03-27,260327.04,2026 USA Jigsaw Nationals Individual Prelim D,22332246,Laura Ghantous,-0.0429985760092661,4961.982398653119,88,-0.0470936784863391,4987.214174696027,87,-0.0429985760092661,4961.982398653119,88,0.004095102477073002,-25.231776042907768,1,0.004095102477073002,25.231776042907768,1,False
2026-03-27,260327.04,2026 USA Jigsaw Nationals Individual Prelim D,22383450,Annabella Roiger,-0.518024210227859,7979.142681174871,117,-0.5159884514680845,7970.6994174890415,116,-0.518024210227859,7979.142681174871,117,-0.002035758759774575,8.443263685829152,1,0.002035758759774575,8.443263685829152,1,False
2026-03-27,260327.04,2026 USA Jigsaw Nationals Individual Prelim D,22389912,Tazia Statucki,0.1049141136728901,4279.741661686028,63,0.1271161677019421,4189.861280278522,60,0.1049141136728901,4279.741661686028,63,-0.022202054029051996,89.88038140750632,3,0.022202054029051996,89.88038140750632,3,False
2026-03-27,260327.04,2026 USA Jigsaw Nationals Individual Prelim D,22392412,Elizabeth Alvarez,0.2295572439398251,3778.2068474092216,40,0.2409674472087625,3738.9930849206776,40,0.2295572439398251,3778.2068474092216,40,-0.011410203268937408,39.213762488544035,0,0.011410203268937408,39.213762488544035,0,False
2026-03-27,260327.04,2026 USA Jigsaw Nationals Individual Prelim D,22438220,Maria Grant,0.3219566859962409,3444.7456704260508,26,0.3294637822644619,3422.3245442541283,28,0.3219566859962409,3444.7456704260508,26,-0.007507096268220992,22.421126171922424,-2,0.007507096268220992,22.421126171922424,2,False
2026-03-27,260327.04,2026 USA Jigsaw Nationals Individual Prelim D,22465006,Calie Curran,0.2902703998896163,3555.6445759503554,29,0.3296337283417966,3421.742983040888,27,0.2902703998896163,3555.6445759503554,29,-0.039363328452180324,133.90159290946758,2,0.039363328452180324,133.90159290946758,2,False
2026-03-27,260327.04,2026 USA Jigsaw Nationals Individual Prelim D,22473728,Leila Beikmohamadi,-0.0465417636502808,4979.594816988662,89,-0.0509743125693551,5006.605328653336,88,-0.0465417636502808,4979.594816988662,89,0.004432548919074297,-27.010511664673686,1,0.004432548919074297,27.010511664673686,1,False
2026-03-27,260327.04,2026 USA Jigsaw Nationals Individual Prelim D,22477088,Samantha Saake,0.3636353034435403,3304.1242423950625,21,0.3728095974003234,3277.1501773364907,22,0.3636353034435403,3304.1242423950625,21,-0.009174293956783097,26.974065058571796,-1,0.009174293956783097,26.974065058571796,1,False
2026-03-27,260327.04,2026 USA Jigsaw Nationals Individual Prelim D,22549913,Sabrina Monserate-Lindsay,0.3120727190250142,3478.9622420296723,28,0.3043997283247072,3509.1858725473217,31,0.3120727190250142,3478.9622420296723,28,0.007672990700307025,-30.223630517649326,-3,0.007672990700307025,30.223630517649326,3,False
2026-03-27,260327.04,2026 USA Jigsaw Nationals Individual Prelim D,22608003,Rushing Smith III,0.1052603678434579,4278.260039810397,62,0.1170142774810027,4232.401304539992,62,0.1052603678434579,4278.260039810397,62,-0.011753909637544802,45.858735270404395,0,0.011753909637544802,45.858735270404395,0,False
2026-03-27,260327.04,2026 USA Jigsaw Nationals Individual Prelim D,22630517,Manja Wurschke,0.0244244773554639,4638.459397342037,75,0.0168439269691894,4678.323722366588,77,0.0244244773554639,4638.459397342037,75,0.0075805503862745,-39.86432502455136,-2,0.0075805503862745,39.86432502455136,2,False
2026-03-27,260327.04,2026 USA Jigsaw Nationals Individual Prelim D,22639767,Sola Grantham,0.1747512095038734,3991.054782658972,51,0.1779222164327327,3982.308105953313,52,0.1747512095038734,3991.054782658972,51,-0.003171006928859299,8.746676705658956,-1,0.003171006928859299,8.746676705658956,1,False
2026-03-27,260327.04,2026 USA Jigsaw Nationals Individual Prelim D,22641588,Davey Black,0.160777014856346,4047.218063397332,55,0.1954898007280744,3912.959499874973,49,0.160777014856346,4047.218063397332,55,-0.03471278587172841,134.25856352235905,6,0.03471278587172841,134.25856352235905,6,False
2026-03-27,260327.04,2026 USA Jigsaw Nationals Individual Prelim D,22703414,Heather Harris,-0.3306805843381365,6615.976107301834,111,-0.3466580816505644,6729.1031644370805,109,-0.3306805843381365,6615.976107301834,111,0.01597749731242787,-113.1270571352461,2,0.01597749731242787,113.1270571352461,2,False
2026-03-27,260327.04,2026 USA Jigsaw Nationals Individual Prelim D,22704198,Sarah Goodman,0.203909043815667,3876.364454861219,45,0.2111701255969887,3852.081563970391,45,0.203909043815667,3876.364454861219,45,-0.007261081781321704,24.282890890828185,0,0.007261081781321704,24.282890890828185,0,False
2026-03-27,260327.04,2026 USA Jigsaw Nationals Individual Prelim D,22710362,Loretta Nowak,-0.5109395493663287,7922.812935495587,115,-0.5076224387489849,7904.294603846541,115,-0.5109395493663287,7922.812935495587,115,-0.0033171106173437437,18.51833164904656,0,0.0033171106173437437,18.51833164904656,0,False
2026-03-27,260327.04,2026 USA Jigsaw Nationals Individual Prelim D,22736994,Brooke Ouro-Djobo,0.259937900034565,3665.148533191392,34,0.2803942630777623,3594.444757403325,35,0.259937900034565,3665.148533191392,34,-0.020456363043197257,70.70377578806665,-1,0.020456363043197257,70.70377578806665,1,False
2026-03-27,260327.04,2026 USA Jigsaw Nationals Individual Prelim D,22814478,Irene Ho,0.1539190593641375,4075.069096158564,56,0.1592493353197864,4057.3678819554657,57,0.1539190593641375,4075.069096158564,56,-0.0053302759556489165,17.701214203098516,-1,0.0053302759556489165,17.701214203098516,1,False
2026-03-27,260327.04,2026 USA Jigsaw Nationals Individual Prelim D,22857066,Nathan Biberdorf,0.5368192550654938,2778.711988805013,6,0.5328132027594554,2792.59310080762,6,0.5368192550654938,2778.711988805013,6,0.0040060523060383435,-13.881112002607097,0,0.0040060523060383435,13.881112002607097,0,False
2026-03-27,260327.04,2026 USA Jigsaw Nationals Individual Prelim D,22861788,Xin Li Phuah,0.5173379921236358,2833.375536357148,7,0.4948601249447408,2900.6175680217343,11,0.5173379921236358,2833.375536357148,7,0.02247786717889505,-67.2420316645862,-4,0.02247786717889505,67.2420316645862,4,False
2026-03-27,260327.04,2026 USA Jigsaw Nationals Individual Prelim D,22861870,Jenna Wyly,0.376091420867219,3263.2229473511543,17,0.3778672412601111,3260.617362650929,21,0.376091420867219,3263.2229473511543,17,-0.0017758203928921468,2.605584700225336,-4,0.0017758203928921468,2.605584700225336,4,False
2026-03-27,260327.04,2026 USA Jigsaw Nationals Individual Prelim D,22862046,Emma Williamson,0.6050496698766267,2595.442681257848,3,0.6210097767775862,2556.8448476584567,4,0.6050496698766267,2595.442681257848,3,-0.015960106900959503,38.59783359939138,-1,0.015960106900959503,38.59783359939138,1,False
2026-03-27,260327.04,2026 USA Jigsaw Nationals Individual Prelim D,22862686,Clare Kay,-0.1471121738701779,5506.443411493865,100,-0.1430673294169612,5489.576559736625,98,-0.1471121738701779,5506.443411493865,100,-0.004044844453216678,16.8668517572396,2,0.004044844453216678,16.8668517572396,2,False
2026-03-27,260327.04,2026 USA Jigsaw Nationals Individual Prelim D,22871065,Cathy Luers,-0.2309734710610416,5988.136327529895,106,-0.3010146738086854,6428.867965157393,107,-0.2309734710610416,5988.136327529895,106,0.0700412027476438,-440.73163762749755,-1,0.0700412027476438,440.73163762749755,1,False
2026-03-27,260327.04,2026 USA Jigsaw Nationals Individual Prelim D,22871573,Carley Lauer,0.1890538359032294,3934.378493222703,48,0.209055286691981,3860.2367163043273,48,0.1890538359032294,3934.378493222703,48,-0.020001450788751596,74.14177691837585,0,0.020001450788751596,74.14177691837585,0,False
2026-03-27,260327.04,2026 USA Jigsaw Nationals Individual Prelim D,23526167,Mathew Murillo,-0.0650604770403849,5072.669659438943,91,-0.071256712948993,5109.188098226171,91,-0.0650604770403849,5072.669659438943,91,0.0061962359086081,-36.51843878722775,0,0.0061962359086081,36.51843878722775,0,False
2026-03-27,260327.04,2026 USA Jigsaw Nationals Individual Prelim D,23740970,Rebecca Widmayer,0.189812821066208,3931.393491250198,47,0.2129876320554627,3845.0867393442895,44,0.189812821066208,3931.393491250198,47,-0.023174810989254696,86.30675190590864,3,0.023174810989254696,86.30675190590864,3,False
2026-03-27,260327.04,2026 USA Jigsaw Nationals Individual Prelim D,23743070,Maggie Horne,-0.0079437100356097,4791.054206448961,81,-0.0256597284784204,4881.4559327049765,83,-0.0079437100356097,4791.054206448961,81,0.017716018442810698,-90.40172625601554,-2,0.017716018442810698,90.40172625601554,2,False
2026-03-27,260327.04,2026 USA Jigsaw Nationals Individual Prelim D,23744904,Brenna Kitchen,0.1913933253557069,3925.1848146859807,46,0.2105817027354745,3854.348883833046,46,0.1913933253557069,3925.1848146859807,46,-0.019188377379767585,70.83593085293478,0,0.019188377379767585,70.83593085293478,0,False
2026-03-27,260327.04,2026 USA Jigsaw Nationals Individual Prelim D,23750128,Jasmine Lambert,0.4964649029247696,2893.1383844881275,8,0.5052290129504802,2870.6967800356906,9,0.4964649029247696,2893.1383844881275,8,-0.008764110025710592,22.441604452436877,-1,0.008764110025710592,22.441604452436877,1,False
2026-03-27,260327.04,2026 USA Jigsaw Nationals Individual Prelim D,23751126,Faye Alleman,-0.1493519002231121,5518.790159420548,101,-0.2048575087373751,5839.477376400221,102,-0.1493519002231121,5518.790159420548,101,0.055505608514263005,-320.6872169796734,-1,0.055505608514263005,320.6872169796734,1,False
2026-03-27,260327.04,2026 USA Jigsaw Nationals Individual Prelim D,23763803,Kate Pieplow,-0.5359451388479626,8123.425305459811,118,-0.586987533023959,8557.185392355832,118,-0.5359451388479626,8123.425305459811,118,0.05104239417599643,-433.76008689602077,0,0.05104239417599643,433.76008689602077,0,False
2026-03-27,260327.04,2026 USA Jigsaw Nationals Individual Prelim D,23764078,Nailun Chen,-0.109429556210322,5302.80708079913,94,-0.1198514187065432,5363.599040125014,95,-0.109429556210322,5302.80708079913,94,0.010421862496221207,-60.79195932588391,-1,0.010421862496221207,60.79195932588391,1,False
2026-03-27,260327.04,2026 USA Jigsaw Nationals Individual Prelim D,23764862,Jessica Cutshall,-0.2718738365913891,6238.1308773047385,107,-0.2921273349372883,6371.985577920294,106,-0.2718738365913891,6238.1308773047385,107,0.020253498345899235,-133.85470061555588,1,0.020253498345899235,133.85470061555588,1,False
2026-03-27,260327.04,2026 USA Jigsaw Nationals Individual Prelim D,23765860,Kate Yee,0.4675522514907916,2978.00767215127,11,0.4685965572259138,2977.8073363869253,13,0.4675522514907916,2978.00767215127,11,-0.0010443057351222085,0.20033576434479983,-2,0.0010443057351222085,0.20033576434479983,2,False
2026-03-27,260327.04,2026 USA Jigsaw Nationals Individual Prelim D,23766346,Robyn Curtis,0.2831831556206364,3580.9338072191017,31,0.3087468186887981,3493.964233346033,30,0.2831831556206364,3580.9338072191017,31,-0.025563663068161713,86.96957387306884,1,0.025563663068161713,86.96957387306884,1,False
2026-03-27,260327.04,2026 USA Jigsaw Nationals Individual Prelim D,23767732,Curt Schieler,-0.0234386305783103,4865.869341103293,84,-0.0256708811095779,4881.51037408609,84,-0.0234386305783103,4865.869341103293,84,0.0022322505312675975,-15.641032982797697,0,0.0022322505312675975,15.641032982797697,0,False
2026-03-27,260327.04,2026 USA Jigsaw Nationals Individual Prelim D,23839230,Ann Mortimer,0.1710042396531162,4006.0371963994494,52,0.175084786227963,3993.623673232221,53,0.1710042396531162,4006.0371963994494,52,-0.0040805465748467995,12.413523167228504,-1,0.0040805465748467995,12.413523167228504,1,False
2026-03-27,260327.04,2026 USA Jigsaw Nationals Individual Prelim D,23846517,Karla Matute,-0.8410145947964232,11021.207341266076,123,-0.9081200239228484,11797.690803221538,123,-0.8410145947964232,11021.207341266076,123,0.06710542912642525,-776.4834619554622,0,0.06710542912642525,776.4834619554622,0,False
2026-03-27,260327.04,2026 USA Jigsaw Nationals Individual Prelim D,23848515,Laura Schaefer,0.1243938912909709,4197.17999801048,59,0.1275648982198302,4187.981583426554,59,0.1243938912909709,4197.17999801048,59,-0.003171006928859285,9.198414583926024,0,0.003171006928859285,9.198414583926024,0,False
2026-03-27,260327.04,2026 USA Jigsaw Nationals Individual Prelim D,23848898,Nikki Hall,0.0372257915605016,4579.459465212941,73,0.0425663530000072,4559.520391790368,74,0.0372257915605016,4579.459465212941,73,-0.005340561439505599,19.93907342257262,-1,0.005340561439505599,19.93907342257262,1,False
2026-03-27,260327.04,2026 USA Jigsaw Nationals Individual Prelim D,23971267,Jean Doroff,-0.6708168560080209,9296.366436245446,121,-0.6646915292972774,9248.628988255188,121,-0.6708168560080209,9296.366436245446,121,-0.006125326710743506,47.73744799025735,0,0.006125326710743506,47.73744799025735,0,False
2026-03-27,260327.04,2026 USA Jigsaw Nationals Individual Prelim D,23973497,Erin Manthey,-0.1359308016282615,5445.216754894309,99,-0.1300256762327432,5418.448229772441,96,-0.1359308016282615,5445.216754894309,99,-0.005905125395518296,26.76852512186815,3,0.005905125395518296,26.76852512186815,3,False
2026-03-27,260327.04,2026 USA Jigsaw Nationals Individual Prelim D,23994944,Cassie VonRueden,0.1292808542432411,4176.718572692259,58,0.1351108153398723,4156.498355800964,58,0.1292808542432411,4176.718572692259,58,-0.005829961096631198,20.220216891294513,0,0.005829961096631198,20.220216891294513,0,False
2026-03-27,260327.04,2026 USA Jigsaw Nationals Individual Prelim D,24117467,Lea Campbell,0.0409528756121037,4562.423202388032,72,0.0467921701797635,4540.29334579023,73,0.0409528756121037,4562.423202388032,72,-0.005839294567659796,22.129856597802245,-1,0.005839294567659796,22.129856597802245,1,False
2026-03-27,260327.04,2026 USA Jigsaw Nationals Individual Prelim D,24123556,Caleigh Shaw,-0.1098245547902894,5304.902095802622,95,-0.1043243532283491,5280.961307624569,93,-0.1098245547902894,5304.902095802622,95,-0.005500201561940296,23.94078817805348,2,0.005500201561940296,23.94078817805348,2,False
2026-03-27,260327.04,2026 USA Jigsaw Nationals Individual Prelim D,24191389,Bethany Litus,0.2460477169862568,3716.413331696403,37,0.2735919708454236,3618.978569535397,37,0.2460477169862568,3716.413331696403,37,-0.027544253859166784,97.43476216100589,0,0.027544253859166784,97.43476216100589,0,False
2026-03-27,260327.04,2026 USA Jigsaw Nationals Individual Prelim D,24208744,Melissa Reilly,0.0056595165765942,4726.321694098818,79,0.011498811144254,4703.396854230666,78,0.0056595165765942,4726.321694098818,79,-0.0058392945676598,22.92483986815205,1,0.0058392945676598,22.92483986815205,1,False
2026-03-27,260327.04,2026 USA Jigsaw Nationals Individual Prelim D,24211524,Michelle McCrea,0.0657294345417694,4450.770946084982,69,0.0719893806886045,4427.319903555223,70,0.0657294345417694,4450.770946084982,69,-0.006259946146835102,23.451042529758524,-1,0.006259946146835102,23.451042529758524,1,False
2026-03-27,260327.04,2026 USA Jigsaw Nationals Individual Prelim D,24211940,Jordan Halperin,-0.2215716057232972,5932.1005095354085,104,-0.2171806618645396,5911.883369063532,103,-0.2215716057232972,5932.1005095354085,104,-0.004390943858757601,20.21714047187652,1,0.004390943858757601,20.21714047187652,1,False
2026-03-27,260327.04,2026 USA Jigsaw Nationals Individual Prelim D,24223016,Rebecca Watson,0.2041187506310439,3875.551640045529,44,0.2102435223657233,3855.652569391735,47,0.2041187506310439,3875.551640045529,44,-0.006124771734679402,19.899070653793842,-3,0.006124771734679402,19.899070653793842,3,False
2026-03-27,260327.04,2026 USA Jigsaw Nationals Individual Prelim D,24242274,Erika Hunter,-0.7245013750245562,9809.076564135574,122,-0.7185194109198704,9760.10545005652,122,-0.7245013750245562,9809.076564135574,122,-0.005981964104685877,48.97111407905322,0,0.005981964104685877,48.97111407905322,0,False
2026-03-27,260327.04,2026 USA Jigsaw Nationals Individual Prelim D,24243631,Jiamei Qian,-0.1051009295259906,5279.902816335595,93,-0.1019299225971313,5268.331538694294,92,-0.1051009295259906,5279.902816335595,93,-0.003171006928859299,11.571277641301094,1,0.003171006928859299,11.571277641301094,1,False
2026-03-27,260327.04,2026 USA Jigsaw Nationals Individual Prelim D,24493679,Elizabeth Gray,-0.6174925064756209,8813.628956757055,120,-0.6130224862410402,8782.896756985412,120,-0.6174925064756209,8813.628956757055,120,-0.004470020234580763,30.732199771642627,0,0.004470020234580763,30.732199771642627,0,False
2026-03-27,260327.04,2026 USA Jigsaw Nationals Individual Prelim D,24600486,Amber Eskridge,-0.0190552276006074,4844.586953661658,83,-0.0145041344614654,4827.303007728507,81,-0.0190552276006074,4844.586953661658,83,-0.004551093139142001,17.2839459331517,2,0.004551093139142001,17.2839459331517,2,False
2026-03-27,260327.04,2026 USA Jigsaw Nationals Individual Prelim D,24605598,Cassie Sands,0.2240154578250706,3799.2029859744175,42,0.2240154578250706,3802.916741773981,43,0.2240154578250706,3799.2029859744175,42,0.0,-3.713755799563387,-1,0.0,3.713755799563387,1,False
2026-03-27,260327.04,2026 USA Jigsaw Nationals Individual Prelim D,24673353,Kate McCrea,0.0215413602901571,4651.851915609267,76,0.0235929184130292,4646.856062519331,76,0.0215413602901571,4651.851915609267,76,-0.0020515581228721,4.995853089935736,0,0.0020515581228721,4.995853089935736,0,False
2026-03-27,260327.04,2026 USA Jigsaw Nationals Individual Prelim D,24675976,Cierra McPeak,-0.4266076450385307,7282.064499224569,113,-0.422527098463684,7259.499537409519,112,-0.4266076450385307,7282.064499224569,113,-0.0040805465748466885,22.564961815050083,1,0.0040805465748466885,22.564961815050083,1,False
2026-03-27,260327.04,2026 USA Jigsaw Nationals Individual Prelim D,24689138,Courtney Wong,-0.0356279649861937,4925.544008053262,87,-0.0324569580573344,4914.749332614295,86,-0.0356279649861937,4925.544008053262,87,-0.003171006928859299,10.794675438966806,1,0.003171006928859299,10.794675438966806,1,False
2026-03-27,260327.04,2026 USA Jigsaw Nationals Individual Prelim D,24700469,Lucy Cruz,-0.4393779753097557,7375.65518803481,114,-0.4812234967678277,7698.359779534108,114,-0.4393779753097557,7375.65518803481,114,0.04184552145807202,-322.70459149929866,0,0.04184552145807202,322.70459149929866,0,False
2026-03-27,260327.04,2026 USA Jigsaw Nationals Individual Prelim D,24716027,Christian Cimaglia,0.1672933542829206,4020.930758283294,53,0.1672933542829206,4024.861255015987,55,0.1672933542829206,4020.930758283294,53,0.0,-3.9304967326929727,-2,0.0,3.9304967326929727,2,False
2026-03-27,260327.04,2026 USA Jigsaw Nationals Individual Prelim D,24718209,Max Schooley,-0.3045608645032813,6445.40598422495,108,-0.3868700268932682,7005.207637302479,111,-0.3045608645032813,6445.40598422495,108,0.08230916238998692,-559.8016530775294,-3,0.08230916238998692,559.8016530775294,3,False
2026-03-27,260327.04,2026 USA Jigsaw Nationals Individual Prelim D,24718323,Jenna Mikish,-0.4031480845018967,7113.218733634631,112,-0.441543140168744,7398.867396170895,113,-0.4031480845018967,7113.218733634631,112,0.03839505566684731,-285.64866253626406,-1,0.03839505566684731,285.64866253626406,1,False
2026-03-27,260327.04,2026 USA Jigsaw Nationals Individual Prelim D,24719281,Caitlyn McMahan,0.2487020240102895,3706.561909818898,36,0.2975172944434416,3533.4209146661938,33,0.2487020240102895,3706.561909818898,36,-0.04881527043315209,173.14099515270436,3,0.04881527043315209,173.14099515270436,3,False
2026-03-27,260327.04,2026 USA Jigsaw Nationals Individual Prelim D,24720693,Susan Dias,-0.9152073146611543,11869.998433935434,124,-1.0023699160574546,12963.707334962137,124,-0.9152073146611543,11869.998433935434,124,0.08716260139630028,-1093.7089010267027,0,0.08716260139630028,1093.7089010267027,0,False
2026-03-29,260329.02,2026 USA Jigsaw Nationals Individual Final,2368819,Meagan Brucker-Hahn,0.3351010276538686,3797.659236514629,123,0.3669956127598286,3803.119551871392,125,0.3351010276538686,3797.659236514629,123,-0.031894585105959994,-5.4603153567632035,-2,0.031894585105959994,5.4603153567632035,2,False
2026-03-29,260329.02,2026 USA Jigsaw Nationals Individual Final,17593433,Tammy McLeod,0.4300437114825592,3453.686470432259,69,0.4353997122143788,3551.668756168643,80,0.4300437114825592,3453.686470432259,69,-0.005356000731819577,-97.98228573638426,-11,0.005356000731819577,97.98228573638426,11,False
2026-03-29,260329.02,2026 USA Jigsaw Nationals Individual Final,17731902,EB Caron,0.4012647949904599,3554.523860789649,80,0.4274484332892241,3580.0216365498445,84,0.4012647949904599,3554.523860789649,80,-0.02618363829876419,-25.49777576019551,-4,0.02618363829876419,25.49777576019551,4,False
2026-03-29,260329.02,2026 USA Jigsaw Nationals Individual Final,17731966,Melinda Whiting,0.3896246384653219,3596.140818954821,85,0.3943793529465721,3700.3889082562655,104,0.3896246384653219,3596.140818954821,85,-0.0047547144812502,-104.24808930144445,-19,0.0047547144812502,104.24808930144445,19,False
2026-03-29,260329.02,2026 USA Jigsaw Nationals Individual Final,17731998,Liz Walters,0.314444722385796,3876.920650720994,135,0.3329379151197846,3934.875972420845,149,0.314444722385796,3876.920650720994,135,-0.018493192733988584,-57.95532169985063,-14,0.018493192733988584,57.95532169985063,14,False
2026-03-29,260329.02,2026 USA Jigsaw Nationals Individual Final,17732010,Yvonne Feucht,0.4365023376681756,3431.4522790123065,62,0.447249407114184,3509.830937272045,73,0.4365023376681756,3431.4522790123065,62,-0.010747069446008395,-78.37865825973859,-11,0.010747069446008395,78.37865825973859,11,False
2026-03-29,260329.02,2026 USA Jigsaw Nationals Individual Final,17732023,Andrew Bradburn,0.3106580194503965,3891.6292284609726,140,0.3467433307705586,3880.926627498204,138,0.3106580194503965,3891.6292284609726,140,-0.03608531132016207,10.702600962768429,2,0.03608531132016207,10.702600962768429,2,False
2026-03-29,260329.02,2026 USA Jigsaw Nationals Individual Final,17915498,Melynda Owens,0.2907506479769708,3969.877612817832,155,0.3280262831649965,3954.250175513818,151,0.2907506479769708,3969.877612817832,155,-0.03727563518802568,15.627437304014165,4,0.03727563518802568,15.627437304014165,4,False
2026-03-29,260329.02,2026 USA Jigsaw Nationals Individual Final,18141625,Andrea Kyle,0.4674169728419415,3326.993160749727,52,0.4803787675461617,3395.457503188617,57,0.4674169728419415,3326.993160749727,52,-0.012961794704220209,-68.46434243889007,-5,0.012961794704220209,68.46434243889007,5,False
2026-03-29,260329.02,2026 USA Jigsaw Nationals Individual Final,18141627,Alyssa Zackler,0.3997904433396271,3559.768344068019,82,0.4307176800896152,3568.3367730278624,82,0.3997904433396271,3559.768344068019,82,-0.030927236749988096,-8.568428959843459,0,0.030927236749988096,8.568428959843459,0,False
2026-03-29,260329.02,2026 USA Jigsaw Nationals Individual Final,18405080,Kelly Walter,0.6898308783228068,2663.537258623872,4,0.7217687814230859,2667.2513787020357,5,0.6898308783228068,2663.537258623872,4,-0.03193790310027911,-3.7141200781638872,-1,0.03193790310027911,3.7141200781638872,1,False
2026-03-29,260329.02,2026 USA Jigsaw Nationals Individual Final,18475588,Dawne Rasmusson,0.4960180559255336,3233.1854486676293,43,0.5444573457956224,3184.70585524159,33,0.4960180559255336,3233.1854486676293,43,-0.04843928987008883,48.47959342603917,10,0.04843928987008883,48.47959342603917,10,False
2026-03-29,260329.02,2026 USA Jigsaw Nationals Individual Final,18495081,Trisha Siedlecki,0.4506878570952874,3383.118973072721,57,0.4574023180773299,3474.3762250983714,69,0.4506878570952874,3383.118973072721,57,-0.0067144609820424805,-91.25725202565036,-12,0.0067144609820424805,91.25725202565036,12,False
2026-03-29,260329.02,2026 USA Jigsaw Nationals Individual Final,18518434,Elizabeth McElveen,0.3536098581929193,3728.015505451664,109,0.3610542521773444,3825.782514216532,129,0.3536098581929193,3728.015505451664,109,-0.007444393984425091,-97.76700876486802,-20,0.007444393984425091,97.76700876486802,20,False
2026-03-29,260329.02,2026 USA Jigsaw Nationals Individual Final,18542626,Jeanne Roiter,0.6093518648334147,2886.757931391307,17,0.6217730736592713,2947.756002446532,17,0.6093518648334147,2886.757931391307,17,-0.012421208825856511,-60.998071055224955,0,0.012421208825856511,60.998071055224955,0,False
2026-03-29,260329.02,2026 USA Jigsaw Nationals Individual Final,18852026,Kimberly Kenne,0.2806769836692663,4010.070934349656,162,0.3081236897926873,4033.738395869325,160,0.2806769836692663,4010.070934349656,162,-0.027446706123420983,-23.667461519668905,2,0.027446706123420983,23.667461519668905,2,False
2026-03-29,260329.02,2026 USA Jigsaw Nationals Individual Final,18859031,Michelle Micheli,0.3698779654643938,3667.8583971603007,98,0.4048032762907201,3662.01667997024,94,0.3698779654643938,3667.8583971603007,98,-0.03492531082632633,5.841717190060535,4,0.03492531082632633,5.841717190060535,4,False
2026-03-29,260329.02,2026 USA Jigsaw Nationals Individual Final,18956787,Kelly Buhr,0.4845716383468454,3270.4064566303828,46,0.4954124341779375,3344.7931169920867,52,0.4845716383468454,3270.4064566303828,46,-0.010840795831092098,-74.38666036170389,-6,0.010840795831092098,74.38666036170389,6,False
2026-03-29,260329.02,2026 USA Jigsaw Nationals Individual Final,18980068,Tiffany Medeiros,0.6599985434598933,2744.193900282615,6,0.6694466754740293,2810.523041918435,11,0.6599985434598933,2744.193900282615,6,-0.009448132014135968,-66.32914163582018,-5,0.009448132014135968,66.32914163582018,5,False
2026-03-29,260329.02,2026 USA Jigsaw Nationals Individual Final,19326944,Min-Yee Deng,0.5029702924360132,3210.7855337218034,42,0.5033941469437236,3318.20220076946,49,0.5029702924360132,3210.7855337218034,42,-0.00042385450771043054,-107.41666704765657,-7,0.00042385450771043054,107.41666704765657,7,False
2026-03-29,260329.02,2026 USA Jigsaw Nationals Individual Final,19369070,Amanda Messinger,0.2641399429457137,4076.937000287365,170,0.2888484031865833,4112.244038294,177,0.2641399429457137,4076.937000287365,170,-0.02470846024086959,-35.30703800663514,-7,0.02470846024086959,35.30703800663514,7,False
2026-03-29,260329.02,2026 USA Jigsaw Nationals Individual Final,19573602,Isabel Urrutia,0.2259056828441774,4235.83396735421,188,0.267543099676281,4200.796615814971,190,0.2259056828441774,4235.83396735421,188,-0.04163741683210359,35.03735153923844,-2,0.04163741683210359,35.03735153923844,2,False
2026-03-29,260329.02,2026 USA Jigsaw Nationals Individual Final,19958106,Taylor Reed,0.4639286483614354,3338.619058100968,53,0.518803342464145,3267.4633010582857,46,0.4639286483614354,3338.619058100968,53,-0.054874694102709565,71.15575704268213,7,0.054874694102709565,71.15575704268213,7,False
2026-03-29,260329.02,2026 USA Jigsaw Nationals Individual Final,20341319,Hannah Scott,0.6152709949807601,2869.7213062336937,15,0.6488678329569507,2868.9595687772994,15,0.6152709949807601,2869.7213062336937,15,-0.03359683797619062,0.7617374563942576,0,0.03359683797619062,0.7617374563942576,0,False
2026-03-29,260329.02,2026 USA Jigsaw Nationals Individual Final,20453946,Sammy Brownlow,0.5035999175846682,3208.7645786916546,40,0.5407549470961076,3196.518760607073,38,0.5035999175846682,3208.7645786916546,40,-0.03715502951143945,12.245818084581515,2,0.03715502951143945,12.245818084581515,2,False
2026-03-29,260329.02,2026 USA Jigsaw Nationals Individual Final,20508154,Meri Cartee,0.3008569824632601,3929.9587582102895,147,0.3578129141373314,3838.203287700801,133,0.3008569824632601,3929.9587582102895,147,-0.056955931674071314,91.75547050948853,14,0.056955931674071314,91.75547050948853,14,False
2026-03-29,260329.02,2026 USA Jigsaw Nationals Individual Final,20533269,Elizaveta Gallagher,0.3579815989750253,3711.75316130736,107,0.4233741019128806,3594.637585923256,86,0.3579815989750253,3711.75316130736,107,-0.06539250293785531,117.11557538410398,21,0.06539250293785531,117.11557538410398,21,False
2026-03-29,260329.02,2026 USA Jigsaw Nationals Individual Final,20539458,Kyle Kossin,0.5277890512592319,3132.078566602516,29,0.5695618875576842,3105.750489911118,29,0.5277890512592319,3132.078566602516,29,-0.0417728362984523,26.328076691397655,0,0.0417728362984523,26.328076691397655,0,False
2026-03-29,260329.02,2026 USA Jigsaw Nationals Individual Final,20563304,Jessica Derby,0.3793587901710947,3633.2483995539305,91,0.4001214683481961,3679.201735923513,98,0.3793587901710947,3633.2483995539305,91,-0.020762678177101423,-45.9533363695823,-7,0.020762678177101423,45.9533363695823,7,False
2026-03-29,260329.02,2026 USA Jigsaw Nationals Individual Final,20720345,Doug Ellwanger,0.3782999487789249,3637.097470765756,95,0.4075162255001895,3652.095278927007,92,0.3782999487789249,3637.097470765756,95,-0.02921627672126459,-14.99780816125076,3,0.02921627672126459,14.99780816125076,3,False
2026-03-29,260329.02,2026 USA Jigsaw Nationals Individual Final,20722068,Elizabeth Nelson,0.4359498563112105,3433.348616221014,64,0.4425593122322223,3526.3310406666983,76,0.4359498563112105,3433.348616221014,64,-0.006609455921011753,-92.9824244456845,-12,0.006609455921011753,92.9824244456845,12,False
2026-03-29,260329.02,2026 USA Jigsaw Nationals Individual Final,20722129,Karen Kavett,0.4405144754345423,3417.7124013025104,61,0.4311366635090009,3566.8420122470343,81,0.4405144754345423,3417.7124013025104,61,0.009377811925541435,-149.12961094452385,-20,0.009377811925541435,149.12961094452385,20,False
2026-03-29,260329.02,2026 USA Jigsaw Nationals Individual Final,20729491,Simmie Berman,0.5350054272606882,3109.557667371444,27,0.5484450570397585,3172.031455611855,32,0.5350054272606882,3109.557667371444,27,-0.013439629779070317,-62.47378824041107,-5,0.013439629779070317,62.47378824041107,5,False
2026-03-29,260329.02,2026 USA Jigsaw Nationals Individual Final,20737327,Amy Paull,0.3857095527278215,3610.2476152246422,88,0.4194009518555063,3608.948030400365,88,0.3857095527278215,3610.2476152246422,88,-0.03369139912768482,1.29958482427719,0,0.03369139912768482,1.29958482427719,0,False
2026-03-29,260329.02,2026 USA Jigsaw Nationals Individual Final,20739624,Mari Black,0.6627790076512294,2736.5743652398382,5,0.6900397487206703,2753.237601121689,7,0.6627790076512294,2736.5743652398382,5,-0.027260741069440875,-16.663235881850596,-2,0.027260741069440875,16.663235881850596,2,False
2026-03-29,260329.02,2026 USA Jigsaw Nationals Individual Final,20850953,Aimee Seligstein,0.3185550880859263,3861.017794723088,130,0.3671989398210983,3802.346353358007,124,0.3185550880859263,3861.017794723088,130,-0.048643851735171995,58.67144136508114,6,0.048643851735171995,58.67144136508114,6,False
2026-03-29,260329.02,2026 USA Jigsaw Nationals Individual Final,20853119,Kevin Collins,0.4059000107675308,3538.086001653061,77,0.4464254881579278,3512.7239451528744,75,0.4059000107675308,3538.086001653061,77,-0.040525477390397024,25.362056500186554,2,0.040525477390397024,25.362056500186554,2,False
2026-03-29,260329.02,2026 USA Jigsaw Nationals Individual Final,20859985,Jessa Douglas,0.567673321089758,3009.616292636811,21,0.5982834195801909,3017.817408938613,21,0.567673321089758,3009.616292636811,21,-0.030610098490432947,-8.201116301801903,0,0.030610098490432947,8.201116301801903,0,False
2026-03-29,260329.02,2026 USA Jigsaw Nationals Individual Final,20860009,Andrea Heistand,0.5030346448345859,3210.578918619566,41,0.5248603307617818,3247.73213013975,44,0.5030346448345859,3210.578918619566,41,-0.021825685927195915,-37.15321152018396,-3,0.021825685927195915,37.15321152018396,3,False
2026-03-29,260329.02,2026 USA Jigsaw Nationals Individual Final,20865039,Whitney Presley,0.2977318363596934,3942.259664564034,148,0.3337073687990928,3931.8494321668313,148,0.2977318363596934,3942.259664564034,148,-0.03597553243939938,10.41023239720289,0,0.03597553243939938,10.41023239720289,0,False
2026-03-29,260329.02,2026 USA Jigsaw Nationals Individual Final,20866417,Felisa Lewis,0.1315713865139262,4654.872533658346,198,0.1890611912439247,4543.765557231223,198,0.1315713865139262,4654.872533658346,198,-0.05748980472999851,111.10697642712239,0,0.05748980472999851,111.10697642712239,0,False
2026-03-29,260329.02,2026 USA Jigsaw Nationals Individual Final,20866603,Cathy Roiter,0.6380217288311285,2805.1701182810384,9,0.6811027107683139,2777.9536697693884,9,0.6380217288311285,2805.1701182810384,9,-0.04308098193718535,27.216448511650015,0,0.04308098193718535,27.216448511650015,0,False
2026-03-29,260329.02,2026 USA Jigsaw Nationals Individual Final,21113122,Jeremy Seidling,0.3109643015714494,3890.4374745223104,139,0.3647090654444699,3811.825514176961,126,0.3109643015714494,3890.4374745223104,139,-0.05374476387302052,78.61196034534942,13,0.05374476387302052,78.61196034534942,13,False
2026-03-29,260329.02,2026 USA Jigsaw Nationals Individual Final,21178749,Yuewen Chun,0.3054159944236312,3912.0828085240696,145,0.3284426288800757,3952.6041830716185,150,0.3054159944236312,3912.0828085240696,145,-0.023026634456444484,-40.52137454754893,-5,0.023026634456444484,40.52137454754893,5,False
2026-03-29,260329.02,2026 USA Jigsaw Nationals Individual Final,21181014,Emily Chandran,0.4580567249244061,3358.2808433503656,54,0.4692950205040366,3433.3012329877056,60,0.4580567249244061,3358.2808433503656,54,-0.01123829557963052,-75.02038963734003,-6,0.01123829557963052,75.02038963734003,6,False
2026-03-29,260329.02,2026 USA Jigsaw Nationals Individual Final,21181439,Chelsea Widmaier,0.2933883086360547,3959.420220406296,151,0.3502313060980752,3867.413631372025,137,0.2933883086360547,3959.420220406296,151,-0.056842997462020484,92.00658903427075,14,0.056842997462020484,92.00658903427075,14,False
2026-03-29,260329.02,2026 USA Jigsaw Nationals Individual Final,21187349,Alison Filley,0.2610266031202097,4089.649669778008,172,0.3009955895118097,4062.594008332636,163,0.2610266031202097,4089.649669778008,172,-0.039968986391600014,27.055661445372152,9,0.039968986391600014,27.055661445372152,9,False
2026-03-29,260329.02,2026 USA Jigsaw Nationals Individual Final,21198876,Angie Gazdic,0.3586714600450149,3709.1934503239568,106,0.3799557781326499,3754.148515365697,115,0.3586714600450149,3709.1934503239568,106,-0.021284318087635035,-44.955065041740454,-9,0.021284318087635035,44.955065041740454,9,False
2026-03-29,260329.02,2026 USA Jigsaw Nationals Individual Final,21249910,Lena Nguyen-Vo,0.308363882995142,3900.5674057232895,142,0.3691523600100047,3794.92602309718,121,0.308363882995142,3900.5674057232895,142,-0.060788477014862674,105.64138262610959,21,0.060788477014862674,105.64138262610959,21,False
2026-03-29,260329.02,2026 USA Jigsaw Nationals Individual Final,21259768,Melissa Germait,0.3348006636087166,3798.8000881318458,125,0.3833151031285314,3741.558269623537,112,0.3348006636087166,3798.8000881318458,125,-0.04851443951981482,57.241818508308825,13,0.04851443951981482,57.241818508308825,13,False
2026-03-29,260329.02,2026 USA Jigsaw Nationals Individual Final,21394027,Elizabeth Tashiro,0.2318173626879298,4210.866944303549,185,0.2717022519936007,4183.361146356337,186,0.2318173626879298,4210.866944303549,185,-0.03988488930567091,27.50579794721216,-1,0.03988488930567091,27.50579794721216,1,False
2026-03-29,260329.02,2026 USA Jigsaw Nationals Individual Final,21412436,Iryna Shvydchenko,0.6486140557919764,2775.6136514337536,7,0.6982318382761948,2730.7749657089066,6,0.6486140557919764,2775.6136514337536,7,-0.04961778248421844,44.83868572484698,1,0.04961778248421844,44.83868572484698,1,False
2026-03-29,260329.02,2026 USA Jigsaw Nationals Individual Final,21423906,Gail McCormick,0.4547525069743521,3369.395688016395,55,0.4999871948929628,3329.5264361720533,51,0.4547525069743521,3369.395688016395,55,-0.04523468791861068,39.86925184434176,4,0.04523468791861068,39.86925184434176,4,False
2026-03-29,260329.02,2026 USA Jigsaw Nationals Individual Final,21428556,Caryn Knill,0.6256727009931969,2840.026017441482,12,0.6554553695617917,2850.1223062994272,13,0.6256727009931969,2840.026017441482,12,-0.029782668568594795,-10.096288857945183,-1,0.029782668568594795,10.096288857945183,1,False
2026-03-29,260329.02,2026 USA Jigsaw Nationals Individual Final,21469145,Shannon O’Hara,0.34569902155496,3757.6241874096777,116,0.3839134013307275,3739.3203715693526,111,0.34569902155496,3757.6241874096777,116,-0.03821437977576747,18.303815840325115,5,0.03821437977576747,18.303815840325115,5,False
2026-03-29,260329.02,2026 USA Jigsaw Nationals Individual Final,21538991,Natalie Schimmelbusch,0.2676901209524542,4062.4888102125337,166,0.3028648586797065,4055.007019882158,162,0.2676901209524542,4062.4888102125337,166,-0.03517473772725227,7.481790330375588,4,0.03517473772725227,7.481790330375588,4,False
2026-03-29,260329.02,2026 USA Jigsaw Nationals Individual Final,21556752,Hanna Sigler,0.6403145036125847,2798.7458624762608,8,0.6495261055292696,2867.0716328384783,14,0.6403145036125847,2798.7458624762608,8,-0.009211601916684908,-68.32577036221755,-6,0.009211601916684908,68.32577036221755,6,False
2026-03-29,260329.02,2026 USA Jigsaw Nationals Individual Final,21566454,Alice Rowe,0.8320903731475203,2310.341943453519,1,0.8792333251903772,2278.6517998665977,1,0.8320903731475203,2310.341943453519,1,-0.0471429520428569,31.690143586921295,0,0.0471429520428569,31.690143586921295,0,False
2026-03-29,260329.02,2026 USA Jigsaw Nationals Individual Final,21576268,Lauren Kautz,0.5909393119981285,2940.4028688890176,19,0.6115454452067538,2978.059256666793,18,0.5909393119981285,2940.4028688890176,19,-0.020606133208625255,-37.65638777777531,1,0.020606133208625255,37.65638777777531,1,False
2026-03-29,260329.02,2026 USA Jigsaw Nationals Individual Final,21581068,Andrea Peng,0.5611099452639285,3029.4345014895234,24,0.5927846809192848,3034.457305490794,23,0.5611099452639285,3029.4345014895234,24,-0.03167473565535628,-5.0228040012707424,1,0.03167473565535628,5.0228040012707424,1,False
2026-03-29,260329.02,2026 USA Jigsaw Nationals Individual Final,21583590,Lindsay Wang,0.4018972632894924,3552.27644791316,79,0.3945221729003884,3699.860456620907,103,0.4018972632894924,3552.27644791316,79,0.007375090389104,-147.58400870774676,-24,0.007375090389104,147.58400870774676,24,False
2026-03-29,260329.02,2026 USA Jigsaw Nationals Individual Final,21594891,Kinsey Keltz,0.2474979239690863,4145.353175838805,181,0.2900249101289499,4107.40879953795,175,0.2474979239690863,4145.353175838805,181,-0.04252698615986358,37.944376300855765,6,0.04252698615986358,37.944376300855765,6,False
2026-03-29,260329.02,2026 USA Jigsaw Nationals Individual Final,21617866,Margaret Long,0.3756732704416758,3646.663513861745,96,0.4020278521546537,3672.194446727002,95,0.3756732704416758,3646.663513861745,96,-0.026354581712977887,-25.530932865257,1,0.026354581712977887,25.530932865257,1,False
2026-03-29,260329.02,2026 USA Jigsaw Nationals Individual Final,21654699,Kelsi Cook,0.4896879131547458,3253.7168890776043,44,0.5258301795077444,3244.5838481315677,43,0.4896879131547458,3253.7168890776043,44,-0.03614226635299855,9.133040946036544,1,0.03614226635299855,9.133040946036544,1,False
2026-03-29,260329.02,2026 USA Jigsaw Nationals Individual Final,21848873,Eric Goulet,0.43613907059301,3432.699039085006,63,0.4789429975793834,3400.336100528864,58,0.43613907059301,3432.699039085006,63,-0.04280392698637342,32.362938556142126,5,0.04280392698637342,32.362938556142126,5,False
2026-03-29,260329.02,2026 USA Jigsaw Nationals Individual Final,21851725,Maud Dias,0.487053542977677,3262.299683980634,45,0.5057122012422308,3310.519335983762,48,0.487053542977677,3262.299683980634,45,-0.018658658264553818,-48.219652003127976,-3,0.018658658264553818,48.219652003127976,3,False
2026-03-29,260329.02,2026 USA Jigsaw Nationals Individual Final,21856865,Aloysia Larson,0.3981988659921512,3565.438501777051,84,0.4469415391458335,3510.9116681446308,74,0.3981988659921512,3565.438501777051,84,-0.0487426731536823,54.52683363242022,10,0.0487426731536823,54.52683363242022,10,False
2026-03-29,260329.02,2026 USA Jigsaw Nationals Individual Final,21857882,Hope Thompson,0.3449450501343315,3760.4583969786913,117,0.3749789744177358,3772.878745322247,118,0.3449450501343315,3760.4583969786913,117,-0.03003392428340429,-12.420348343555816,-1,0.03003392428340429,12.420348343555816,1,False
2026-03-29,260329.02,2026 USA Jigsaw Nationals Individual Final,21890972,Kamila Lin,0.2588244770656445,4098.665517242747,174,0.2834546287822498,4134.484480977656,180,0.2588244770656445,4098.665517242747,174,-0.02463015171660532,-35.81896373490872,-6,0.02463015171660532,35.81896373490872,6,False
2026-03-29,260329.02,2026 USA Jigsaw Nationals Individual Final,21892775,Andrea Reynolds,0.2853240635794134,3991.479046724299,158,0.3207315314846904,3983.200914471328,156,0.2853240635794134,3991.479046724299,158,-0.03540746790527699,8.278132252971318,2,0.03540746790527699,8.278132252971318,2,False
2026-03-29,260329.02,2026 USA Jigsaw Nationals Individual Final,21896776,Tally Klinefelter,0.4450918147953138,3402.104121253635,59,0.4601279426653891,3464.91927373532,66,0.4450918147953138,3402.104121253635,59,-0.0150361278700753,-62.81515248168489,-7,0.0150361278700753,62.81515248168489,7,False
2026-03-29,260329.02,2026 USA Jigsaw Nationals Individual Final,21916024,Emmie Lee,0.281803263968757,4005.557012904302,160,0.2862323074068181,4123.0161468581655,179,0.281803263968757,4005.557012904302,160,-0.004429043438061109,-117.45913395386333,-19,0.004429043438061109,117.45913395386333,19,False
2026-03-29,260329.02,2026 USA Jigsaw Nationals Individual Final,21918754,Karen Ni,0.3181723795491771,3862.495721983321,131,0.3379759812348758,3915.101661087167,142,0.3181723795491771,3862.495721983321,131,-0.019803601685698724,-52.60593910384614,-11,0.019803601685698724,52.60593910384614,11,False
2026-03-29,260329.02,2026 USA Jigsaw Nationals Individual Final,21922695,Mathew Nettlow,0.4815667552190425,3280.248425390379,47,0.50209836998439,3322.5046376249024,50,0.4815667552190425,3280.248425390379,47,-0.020531614765347428,-42.256212234523446,-3,0.020531614765347428,42.256212234523446,3,False
2026-03-29,260329.02,2026 USA Jigsaw Nationals Individual Final,21923506,Linnea Shieh,0.4524940847807512,3377.013805241742,56,0.480736003035625,3394.2447418990955,56,0.4524940847807512,3377.013805241742,56,-0.02824191825487382,-17.230936657353595,0,0.02824191825487382,17.230936657353595,0,False
2026-03-29,260329.02,2026 USA Jigsaw Nationals Individual Final,21924024,Jasper Lee,0.544931773611284,3078.84381134626,26,0.5915338425841894,3038.2552958554934,24,0.544931773611284,3078.84381134626,26,-0.04660206897290542,40.58851549076644,2,0.04660206897290542,40.58851549076644,2,False
2026-03-29,260329.02,2026 USA Jigsaw Nationals Individual Final,21924776,Nicholas Mueller,0.3611343061480544,3700.069517722184,104,0.4164565610295319,3619.5898430119946,90,0.3611343061480544,3700.069517722184,104,-0.05532225488147746,80.47967471018956,14,0.05532225488147746,80.47967471018956,14,False
2026-03-29,260329.02,2026 USA Jigsaw Nationals Individual Final,21925090,Emma Pan,0.5965450253562952,2923.965926684615,18,0.6099106840308465,2982.9316538369035,19,0.5965450253562952,2923.965926684615,18,-0.013365658674551306,-58.96572715228831,-1,0.013365658674551306,58.96572715228831,1,False
2026-03-29,260329.02,2026 USA Jigsaw Nationals Individual Final,21925368,Betsey English,0.2927205916986998,3962.064875191707,153,0.3181524435290349,3993.487198889157,157,0.2927205916986998,3962.064875191707,153,-0.025431851830335084,-31.422323697449883,-4,0.025431851830335084,31.422323697449883,4,False
2026-03-29,260329.02,2026 USA Jigsaw Nationals Individual Final,21926468,Meredith Yeager,0.2192243191198726,4264.229870811352,191,0.2916382658510264,4100.787430796121,171,0.2192243191198726,4264.229870811352,191,-0.07241394673115381,163.4424400152311,20,0.07241394673115381,163.4424400152311,20,False
2026-03-29,260329.02,2026 USA Jigsaw Nationals Individual Final,21927536,Skye Vandeleest,0.5060898053438547,3200.785053228892,38,0.5436935050866021,3187.139392519182,34,0.5060898053438547,3200.785053228892,38,-0.037603699742747354,13.645660709710228,4,0.037603699742747354,13.645660709710228,4,False
2026-03-29,260329.02,2026 USA Jigsaw Nationals Individual Final,21927541,Chloe Glikbarg,0.4811197507612509,3281.715038826144,48,0.5304204180780476,3229.724564127348,42,0.4811197507612509,3281.715038826144,48,-0.04930066731679672,51.99047469879588,6,0.04930066731679672,51.99047469879588,6,False
2026-03-29,260329.02,2026 USA Jigsaw Nationals Individual Final,21935409,Darya Leylian,0.2668013483527775,4066.101043942944,168,0.2808282754256245,4145.357369946551,183,0.2668013483527775,4066.101043942944,168,-0.014026927072846973,-79.25632600360723,-15,0.014026927072846973,79.25632600360723,15,False
2026-03-29,260329.02,2026 USA Jigsaw Nationals Individual Final,21936039,Caroline Orsi,0.3735788007471095,3654.309344262776,97,0.4010757927925951,3675.692258627383,97,0.3735788007471095,3654.309344262776,97,-0.027496992045485613,-21.38291436460713,0,0.027496992045485613,21.38291436460713,0,False
2026-03-29,260329.02,2026 USA Jigsaw Nationals Individual Final,21939662,Scott Eng,0.2886111784717338,3978.380137112461,157,0.3249790660535508,3966.3180116319177,154,0.2886111784717338,3978.380137112461,157,-0.03636788758181703,12.062125480543273,3,0.03636788758181703,12.062125480543273,3,False
2026-03-29,260329.02,2026 USA Jigsaw Nationals Individual Final,21942386,Megan Bailey,0.2474682820179785,4145.476054016138,182,0.2912388587570433,4102.425641521612,173,0.2474682820179785,4145.476054016138,182,-0.043770576739064815,43.05041249452552,9,0.043770576739064815,43.05041249452552,9,False
2026-03-29,260329.02,2026 USA Jigsaw Nationals Individual Final,21964658,Cosmo Smith,0.3667550866040788,3679.3305784041536,100,0.397231464014449,3689.85002427348,100,0.3667550866040788,3679.3305784041536,100,-0.03047637741037018,-10.519445869326319,0,0.03047637741037018,10.519445869326319,0,False
2026-03-29,260329.02,2026 USA Jigsaw Nationals Individual Final,21976246,Edith Lewis,0.3787114889120778,3635.6009671451206,94,0.3959093291964477,3694.731729889143,102,0.3787114889120778,3635.6009671451206,94,-0.017197840284369936,-59.13076274402238,-8,0.017197840284369936,59.13076274402238,8,False
2026-03-29,260329.02,2026 USA Jigsaw Nationals Individual Final,21988310,Ashley Bromiley,0.4087687925405887,3527.9505501704034,76,0.4395296328364085,3537.0308935408584,78,0.4087687925405887,3527.9505501704034,76,-0.030760840295819825,-9.080343370455012,-2,0.030760840295819825,9.080343370455012,2,False
2026-03-29,260329.02,2026 USA Jigsaw Nationals Individual Final,21992691,Claire Bailey,0.3328928831916492,3806.0542820526753,126,0.3360762147698335,3922.546509427631,145,0.3328928831916492,3806.0542820526753,126,-0.0031833315781842897,-116.49222737495575,-19,0.0031833315781842897,116.49222737495575,19,False
2026-03-29,260329.02,2026 USA Jigsaw Nationals Individual Final,22035202,Rebecca Streitz,0.448483984080546,3390.583159721737,58,0.4575947999659123,3473.7075349583533,68,0.448483984080546,3390.583159721737,58,-0.009110815885366275,-83.12437523661629,-10,0.009110815885366275,83.12437523661629,10,False
2026-03-29,260329.02,2026 USA Jigsaw Nationals Individual Final,22035203,Jessica Streitz,0.5111546635649621,3184.6145160454107,34,0.5414918326694598,3194.164159689704,37,0.5111546635649621,3184.6145160454107,34,-0.030337169104497685,-9.549643644293155,-3,0.030337169104497685,9.549643644293155,3,False
2026-03-29,260329.02,2026 USA Jigsaw Nationals Individual Final,22048522,CHARESE GAINOR,0.2914981806070846,3966.9111086821567,154,0.3227293833417276,3975.251013134257,155,0.2914981806070846,3966.9111086821567,154,-0.031231202734643027,-8.3399044521002,-1,0.031231202734643027,8.3399044521002,1,False
2026-03-29,260329.02,2026 USA Jigsaw Nationals Individual Final,22060891,Kirsty Weitzel,0.2578227776921089,4102.773204914313,175,0.2969264561221302,4079.158924831466,165,0.2578227776921089,4102.773204914313,175,-0.03910367843002133,23.614280082847472,10,0.03910367843002133,23.614280082847472,10,False
2026-03-29,260329.02,2026 USA Jigsaw Nationals Individual Final,22074241,Josh Nelson,0.2600037056803203,4093.835102224391,173,0.3030936367953613,4054.0794291274574,161,0.2600037056803203,4093.835102224391,173,-0.043089931115041,39.755673096933606,12,0.043089931115041,39.755673096933606,12,False
2026-03-29,260329.02,2026 USA Jigsaw Nationals Individual Final,22076476,Kylie Ledingham,0.6173363567699023,2863.800410003465,13,0.6695645494349735,2810.1917739594764,10,0.6173363567699023,2863.800410003465,13,-0.05222819266507117,53.608636043988554,3,0.05222819266507117,53.608636043988554,3,False
2026-03-29,260329.02,2026 USA Jigsaw Nationals Individual Final,22077461,Jessica Musser,0.3564008128086187,3717.625289424499,108,0.401385345126012,3674.5546156009104,96,0.3564008128086187,3717.625289424499,108,-0.0449845323173933,43.07067382358855,12,0.0449845323173933,43.07067382358855,12,False
2026-03-29,260329.02,2026 USA Jigsaw Nationals Individual Final,22195550,Carmen Dueñas,0.3206247102262194,3853.035210127311,129,0.3276823829910762,3955.610276693013,153,0.3206247102262194,3853.035210127311,129,-0.007057672764856804,-102.57506656570195,-24,0.007057672764856804,102.57506656570195,24,False
2026-03-29,260329.02,2026 USA Jigsaw Nationals Individual Final,22195650,Sarah Meyer,0.4003791340732696,3557.67335813986,81,0.4421078593336477,3527.923372440691,77,0.4003791340732696,3557.67335813986,81,-0.04172872526037813,29.749985699168974,4,0.04172872526037813,29.749985699168974,4,False
2026-03-29,260329.02,2026 USA Jigsaw Nationals Individual Final,22200681,Terri Gomez-Ferree,0.2701093069873743,4052.6727722142,164,0.2967645093005495,4079.819585148536,166,0.2701093069873743,4052.6727722142,164,-0.026655202313175197,-27.14681293433614,-2,0.026655202313175197,27.14681293433614,2,False
2026-03-29,260329.02,2026 USA Jigsaw Nationals Individual Final,22227286,Jennifer Knight,0.2678408417404515,4061.876554838791,165,0.2942204017775025,4090.212299333402,169,0.2678408417404515,4061.876554838791,165,-0.026379560037051053,-28.335744494610935,-4,0.026379560037051053,28.335744494610935,4,False
2026-03-29,260329.02,2026 USA Jigsaw Nationals Individual Final,22251076,Jessica Henderson,0.2360536823316231,4193.066097610435,184,0.2688476933572509,4195.319856344607,189,0.2360536823316231,4193.066097610435,184,-0.03279401102562779,-2.253758734172152,-5,0.03279401102562779,2.253758734172152,5,False
2026-03-29,260329.02,2026 USA Jigsaw Nationals Individual Final,22324939,Lindsey Anderson,0.2376695539260763,4186.296112396096,183,0.2828717564091494,4136.895060220409,181,0.2376695539260763,4186.296112396096,183,-0.045202202483073106,49.401052175687255,2,0.045202202483073106,49.401052175687255,2,False
2026-03-29,260329.02,2026 USA Jigsaw Nationals Individual Final,22389912,Tazia Statucki,0.1579373909212596,4533.745972486043,196,0.2199133350148542,4405.721082670079,196,0.1579373909212596,4533.745972486043,196,-0.06197594409359458,128.02488981596343,0,0.06197594409359458,128.02488981596343,0,False
2026-03-29,260329.02,2026 USA Jigsaw Nationals Individual Final,22392412,Elizabeth Alvarez,0.3043279548788787,3916.341625782744,146,0.3630596064931052,3818.118152189709,127,0.3043279548788787,3916.341625782744,146,-0.0587316516142265,98.22347359303512,19,0.0587316516142265,98.22347359303512,19,False
2026-03-29,260329.02,2026 USA Jigsaw Nationals Individual Final,22408132,Jen Lunsford,0.4416363107421852,3413.8804406756058,60,0.4782578312527696,3402.666694655248,59,0.4416363107421852,3413.8804406756058,60,-0.03662152051058443,11.213746020357576,1,0.03662152051058443,11.213746020357576,1,False
2026-03-29,260329.02,2026 USA Jigsaw Nationals Individual Final,22423946,Jennifer Sipple,0.5665049318920329,3013.1347508664594,22,0.5836721186482647,3062.235359046162,26,0.5665049318920329,3013.1347508664594,22,-0.017167186756231856,-49.100608179702704,-4,0.017167186756231856,49.100608179702704,4,False
2026-03-29,260329.02,2026 USA Jigsaw Nationals Individual Final,22465006,Calie Curran,0.3893231761576801,3597.225083288916,86,0.4572209445915984,3475.006441975646,70,0.3893231761576801,3597.225083288916,86,-0.06789776843391832,122.21864131326993,16,0.06789776843391832,122.21864131326993,16,False
2026-03-29,260329.02,2026 USA Jigsaw Nationals Individual Final,22477088,Samantha Saake,0.3491808035966916,3744.563709058004,111,0.3423137226720341,3898.155742459086,141,0.3491808035966916,3744.563709058004,111,0.006867080924657543,-153.59203340108206,-30,0.006867080924657543,153.59203340108206,30,False
2026-03-29,260329.02,2026 USA Jigsaw Nationals Individual Final,22549913,Sabrina Monserate-Lindsay,0.3388346728992157,3783.5065611381447,120,0.3624179815087357,3820.568738283984,128,0.3388346728992157,3783.5065611381447,120,-0.023583308609520015,-37.06217714583954,-8,0.023583308609520015,37.06217714583954,8,False
2026-03-29,260329.02,2026 USA Jigsaw Nationals Individual Final,22555702,Rose Robbins,0.3386307520244293,3784.278175777347,121,0.3970809043560021,3690.405608656105,101,0.3386307520244293,3784.278175777347,121,-0.05845015233157275,93.8725671212419,20,0.05845015233157275,93.8725671212419,20,False
2026-03-29,260329.02,2026 USA Jigsaw Nationals Individual Final,22561030,Allie Arendell,0.5657968538442428,3015.269040971393,23,0.6028165293148553,3004.168271357032,20,0.5657968538442428,3015.269040971393,23,-0.03701967547061247,11.10076961436107,3,0.03701967547061247,11.10076961436107,3,False
2026-03-29,260329.02,2026 USA Jigsaw Nationals Individual Final,22623572,Melissa Harlow,0.4355185744064659,3434.8296767062097,65,0.4496306466875529,3501.483131955112,72,0.4355185744064659,3434.8296767062097,65,-0.014112072281087018,-66.65345524890245,-7,0.014112072281087018,66.65345524890245,7,False
2026-03-29,260329.02,2026 USA Jigsaw Nationals Individual Final,22630517,Manja Wurschke,0.1486925775258762,4575.853948271435,197,0.2055745986732695,4469.348634871659,197,0.1486925775258762,4575.853948271435,197,-0.0568820211473933,106.50531339977624,0,0.0568820211473933,106.50531339977624,0,False
2026-03-29,260329.02,2026 USA Jigsaw Nationals Individual Final,22640026,Leslie Richardson,0.4350223253057166,3436.5346308504927,66,0.4669989329390382,3441.1934503994657,62,0.4350223253057166,3436.5346308504927,66,-0.03197660763332161,-4.658819548973042,4,0.03197660763332161,4.658819548973042,4,False
2026-03-29,260329.02,2026 USA Jigsaw Nationals Individual Final,22676681,Sarah Hauge,0.2801219064327888,4012.297451329249,163,0.2979339665930151,4075.051199138084,164,0.2801219064327888,4012.297451329249,163,-0.017812060160226295,-62.753747808835215,-1,0.017812060160226295,62.753747808835215,1,False
2026-03-29,260329.02,2026 USA Jigsaw Nationals Individual Final,22690548,Melanie Palmiero,0.348503900639789,3747.09927337365,112,0.3821840260374016,3745.79265472399,114,0.348503900639789,3747.09927337365,112,-0.033680125397612615,1.3066186496598675,-2,0.033680125397612615,1.3066186496598675,2,False
2026-03-29,260329.02,2026 USA Jigsaw Nationals Individual Final,22703189,Beatrice Endler,0.506193823899053,3200.452129507576,37,0.5696065592415642,3105.611753905834,27,0.506193823899053,3200.452129507576,37,-0.06341273534251124,94.84037560174193,10,0.06341273534251124,94.84037560174193,10,False
2026-03-29,260329.02,2026 USA Jigsaw Nationals Individual Final,22713270,Christina Harwell,0.4277687733088425,3461.552337412044,70,0.3827873299099725,3743.533485060979,113,0.4277687733088425,3461.552337412044,70,0.04498144339887,-281.9811476489349,-43,0.04498144339887,281.9811476489349,43,False
2026-03-29,260329.02,2026 USA Jigsaw Nationals Individual Final,22729973,Ashley Tucker,0.2256789632102266,4236.794422953719,189,0.2638444412320866,4216.362696753329,192,0.2256789632102266,4236.794422953719,189,-0.038165478021860016,20.431726200389676,-3,0.038165478021860016,20.431726200389676,3,False
2026-03-29,260329.02,2026 USA Jigsaw Nationals Individual Final,22732244,Amber Whitear,0.3348356194126448,3798.667300341663,124,0.3929633453635381,3705.632398545402,105,0.3348356194126448,3798.667300341663,124,-0.05812772595089333,93.03490179626124,19,0.05812772595089333,93.03490179626124,19,False
2026-03-29,260329.02,2026 USA Jigsaw Nationals Individual Final,22736994,Brooke Ouro-Djobo,0.2927676673369921,3961.87836284888,152,0.3279872623156433,3954.404476724685,152,0.2927676673369921,3961.87836284888,152,-0.03521959497865118,7.473886124194905,0,0.03521959497865118,7.473886124194905,0,False
2026-03-29,260329.02,2026 USA Jigsaw Nationals Individual Final,22755028,Jarom Chung,0.3853772137730824,3611.4476405399673,89,0.4236548947717083,3593.6283790547272,85,0.3853772137730824,3611.4476405399673,89,-0.038277680998625885,17.819261485240077,4,0.038277680998625885,17.819261485240077,4,False
2026-03-29,260329.02,2026 USA Jigsaw Nationals Individual Final,22814742,Grayson Shannon,0.7252412563055983,2570.8707580654263,2,0.7808167810618946,2514.3152406261206,2,0.7252412563055983,2570.8707580654263,2,-0.055575524756296235,56.55551743930573,0,0.055575524756296235,56.55551743930573,0,False
2026-03-29,260329.02,2026 USA Jigsaw Nationals Individual Final,22857066,Nathan Biberdorf,0.5704238405086591,3001.3496585609178,20,0.5940301300827462,3030.6803956409294,22,0.5704238405086591,3001.3496585609178,20,-0.023606289574087058,-29.33073708001166,-2,0.023606289574087058,29.33073708001166,2,False
2026-03-29,260329.02,2026 USA Jigsaw Nationals Individual Final,22858691,Chelsea Suedkamp,0.3357778062125742,3795.08993169336,122,0.3679664368526448,3799.429183421717,123,0.3357778062125742,3795.08993169336,122,-0.032188630640070603,-4.339251728356885,-1,0.032188630640070603,4.339251728356885,1,False
2026-03-29,260329.02,2026 USA Jigsaw Nationals Individual Final,22860511,Lydia Utkin,0.2964764790296247,3947.211716778163,149,0.3509142467425048,3864.773319105244,136,0.2964764790296247,3947.211716778163,149,-0.054437767712880114,82.43839767291911,13,0.054437767712880114,82.43839767291911,13,False
2026-03-29,260329.02,2026 USA Jigsaw Nationals Individual Final,22861788,Xin Li Phuah,0.5462527836978819,3074.7793128292465,25,0.5572258695687257,3144.300370970032,30,0.5462527836978819,3074.7793128292465,25,-0.01097308587084378,-69.5210581407855,-5,0.01097308587084378,69.5210581407855,5,False
2026-03-29,260329.02,2026 USA Jigsaw Nationals Individual Final,22861870,Jenna Wyly,0.4036008805898206,3546.229880281981,78,0.4278466547783169,3578.5962788256284,83,0.4036008805898206,3546.229880281981,78,-0.024245774188496327,-32.36639854364739,-5,0.024245774188496327,32.36639854364739,5,False
2026-03-29,260329.02,2026 USA Jigsaw Nationals Individual Final,22861932,Trish Doty,0.2499228433885322,4135.313206400468,180,0.2890235024604548,4111.524050385426,176,0.2499228433885322,4135.313206400468,180,-0.03910065907192256,23.789156015041954,4,0.03910065907192256,23.789156015041954,4,False
2026-03-29,260329.02,2026 USA Jigsaw Nationals Individual Final,22862046,Emma Williamson,0.6301693403874921,2827.2841139131647,11,0.6593266213169277,2839.1100945937155,12,0.6301693403874921,2827.2841139131647,11,-0.02915728092943559,-11.825980680550856,-1,0.02915728092943559,11.825980680550856,1,False
2026-03-29,260329.02,2026 USA Jigsaw Nationals Individual Final,22862138,Michelle Bone,0.360101539487367,3703.892800101773,105,0.3993167790228351,3682.163541793226,99,0.360101539487367,3703.892800101773,105,-0.03921523953546807,21.729258308546832,6,0.03921523953546807,21.729258308546832,6,False
2026-03-29,260329.02,2026 USA Jigsaw Nationals Individual Final,22862145,Katie Ruberg,0.3623696387675286,3695.501523229834,101,0.4060263338251445,3657.5405607122793,93,0.3623696387675286,3695.501523229834,101,-0.043656695057615935,37.96096251755489,8,0.043656695057615935,37.96096251755489,8,False
2026-03-29,260329.02,2026 USA Jigsaw Nationals Individual Final,22862266,Kaitlyn McCluskie,0.5307394606228272,3122.8512715145757,28,0.5695652726562209,3105.7399766574767,28,0.5307394606228272,3122.8512715145757,28,-0.03882581203339375,17.111294857098983,0,0.03882581203339375,17.111294857098983,0,False
2026-03-29,260329.02,2026 USA Jigsaw Nationals Individual Final,22862692,Jennifer Hancock,0.2566463743960002,4107.602560913963,176,0.2963042474565996,4081.697802636543,167,0.2566463743960002,4107.602560913963,176,-0.039657873060599425,25.904758277420115,9,0.039657873060599425,25.904758277420115,9,False
2026-03-29,260329.02,2026 USA Jigsaw Nationals Individual Final,22870921,Abigail Ricketts-Savit,0.2523234671617266,4125.397781571737,177,0.2883193284527214,4114.420298365473,178,0.2523234671617266,4125.397781571737,177,-0.0359958612909948,10.977483206263969,-1,0.0359958612909948,10.977483206263969,1,False
2026-03-29,260329.02,2026 USA Jigsaw Nationals Individual Final,22870980,Annabelle Platt,0.4331553396549771,3442.9565846769992,67,0.4546559192716813,3483.931362916934,71,0.4331553396549771,3442.9565846769992,67,-0.021500579616704207,-40.97477823993495,-4,0.021500579616704207,40.97477823993495,4,False
2026-03-29,260329.02,2026 USA Jigsaw Nationals Individual Final,22871012,Chelsea Fedie,0.3505267342763759,3739.5271760524174,110,0.3843995104965206,3737.5030953959895,110,0.3505267342763759,3739.5271760524174,110,-0.03387277622014473,2.024080656427941,0,0.03387277622014473,2.024080656427941,0,False
2026-03-29,260329.02,2026 USA Jigsaw Nationals Individual Final,22871519,Grace Byrnes,0.3312342781306451,3812.3722610149,127,0.3548020003239213,3849.777202284357,134,0.3312342781306451,3812.3722610149,127,-0.023567722193276186,-37.40494126945714,-7,0.023567722193276186,37.40494126945714,7,False
2026-03-29,260329.02,2026 USA Jigsaw Nationals Individual Final,23740970,Rebecca Widmayer,0.2288326056904427,4223.454134388184,187,0.2585462998799851,4238.760864247577,193,0.2288326056904427,4223.454134388184,187,-0.029713694189542422,-15.306729859393272,-6,0.029713694189542422,15.306729859393272,6,False
2026-03-29,260329.02,2026 USA Jigsaw Nationals Individual Final,23741633,Kim Knaub,0.5068312165555358,3198.4128348075783,36,0.5356627611026066,3212.8375425415584,39,0.5068312165555358,3198.4128348075783,36,-0.02883154454707082,-14.424707733980085,-3,0.02883154454707082,14.424707733980085,3,False
2026-03-29,260329.02,2026 USA Jigsaw Nationals Individual Final,23741737,Christopher Nammour,0.5218281853071363,3150.804222204406,31,0.5431513148885285,3188.8678968043905,35,0.5218281853071363,3150.804222204406,31,-0.021323129581392264,-38.06367459998455,-4,0.021323129581392264,38.06367459998455,4,False
2026-03-29,260329.02,2026 USA Jigsaw Nationals Individual Final,23742686,Jessica Bradley,0.1935761603386748,4375.014148978686,195,0.2277669613385822,4371.255711822327,195,0.1935761603386748,4375.014148978686,195,-0.0341908009999074,3.758437156358923,0,0.0341908009999074,3.758437156358923,0,False
2026-03-29,260329.02,2026 USA Jigsaw Nationals Individual Final,23742868,Katie Erickson,0.3620684623890141,3696.614688616539,102,0.392653091312522,3706.782264374674,106,0.3620684623890141,3696.614688616539,102,-0.03058462892350794,-10.167575758135172,-4,0.03058462892350794,10.167575758135172,4,False
2026-03-29,260329.02,2026 USA Jigsaw Nationals Individual Final,23750128,Jasmine Lambert,0.5100110490775143,3188.258570642556,35,0.5308133023882854,3228.455905254117,40,0.5100110490775143,3188.258570642556,35,-0.020802253310771124,-40.19733461156102,-5,0.020802253310771124,40.19733461156102,5,False
2026-03-29,260329.02,2026 USA Jigsaw Nationals Individual Final,23758655,Hannah Doyle,0.7079118468785525,2615.81069666587,3,0.7570941688441817,2574.674474793478,3,0.7079118468785525,2615.81069666587,3,-0.04918232196562922,41.13622187239207,0,0.04918232196562922,41.13622187239207,0,False
2026-03-29,260329.02,2026 USA Jigsaw Nationals Individual Final,23763793,Michael Ha,0.2888004294373529,3977.627296070108,156,0.3363273689280698,3921.561469264562,143,0.2888004294373529,3977.627296070108,156,-0.0475269394907169,56.06582680554584,13,0.0475269394907169,56.06582680554584,13,False
2026-03-29,260329.02,2026 USA Jigsaw Nationals Individual Final,23764523,Aubrey Barrow,0.3993978812508985,3561.166048489492,83,0.4861950576427896,3375.765859009542,53,0.3993978812508985,3561.166048489492,83,-0.0867971763918911,185.40018947994986,30,0.0867971763918911,185.40018947994986,30,False
2026-03-29,260329.02,2026 USA Jigsaw Nationals Individual Final,23764765,Timothy Miller,0.3862075635473564,3608.450120474125,87,0.421287982110884,3602.1442577582766,87,0.3862075635473564,3608.450120474125,87,-0.03508041856352756,6.305862715848434,0,0.03508041856352756,6.305862715848434,0,False
2026-03-29,260329.02,2026 USA Jigsaw Nationals Individual Final,23764984,Helen Hu,0.3618947761843449,3697.256795352859,103,0.3893797043891402,3718.93587785419,108,0.3618947761843449,3697.256795352859,103,-0.02748492820479531,-21.679082501330868,-5,0.02748492820479531,21.679082501330868,5,False
2026-03-29,260329.02,2026 USA Jigsaw Nationals Individual Final,23765316,Katie Wren,0.3441612566191905,3763.406975271526,118,0.379052811913262,3757.5399155871287,117,0.3441612566191905,3763.406975271526,118,-0.03489155529407151,5.867059684397191,1,0.03489155529407151,5.867059684397191,1,False
2026-03-29,260329.02,2026 USA Jigsaw Nationals Individual Final,23765860,Kate Yee,0.4778701109009209,3292.39677732809,49,0.485228771030927,3379.0293928644905,54,0.4778701109009209,3292.39677732809,49,-0.007358660130006078,-86.63261553640041,-5,0.007358660130006078,86.63261553640041,5,False
2026-03-29,260329.02,2026 USA Jigsaw Nationals Individual Final,23766346,Robyn Curtis,0.3471746378557817,3752.0834649019857,113,0.3918121859506089,3709.900628396984,107,0.3471746378557817,3752.0834649019857,113,-0.04463754809482723,42.18283650500189,6,0.04463754809482723,42.18283650500189,6,False
2026-03-29,260329.02,2026 USA Jigsaw Nationals Individual Final,23766473,Marisa Martin,0.2189258691048262,4265.502720211971,192,0.2511877733986772,4270.066940346984,194,0.2189258691048262,4265.502720211971,192,-0.03226190429385101,-4.564220135012874,-2,0.03226190429385101,4.564220135012874,2,False
2026-03-29,260329.02,2026 USA Jigsaw Nationals Individual Final,23766491,Maggie Kirkland,0.2004884704135265,4344.876973346621,194,0.2698605679645323,4191.072674687028,188,0.2004884704135265,4344.876973346621,194,-0.06937209755100579,153.80429865959286,6,0.06937209755100579,153.80429865959286,6,False
2026-03-29,260329.02,2026 USA Jigsaw Nationals Individual Final,23769192,Angela Harrow,0.347157704741515,3752.146999897958,114,0.3595073259668687,3831.705297336488,132,0.347157704741515,3752.146999897958,114,-0.012349621225353657,-79.55829743853019,-18,0.012349621225353657,79.55829743853019,18,False
2026-03-29,260329.02,2026 USA Jigsaw Nationals Individual Final,23786476,Bethany Quinn,0.3163901776557248,3869.385606931826,132,0.3341281749960662,3930.195233633121,146,0.3163901776557248,3869.385606931826,132,-0.01773799734034137,-60.8096267012952,-14,0.01773799734034137,60.8096267012952,14,False
2026-03-29,260329.02,2026 USA Jigsaw Nationals Individual Final,23820090,Matthew Swanson,0.2671796411432471,4064.563158136592,167,0.2914306486843551,4101.638913051739,172,0.2671796411432471,4064.563158136592,167,-0.024251007541107983,-37.07575491514717,-5,0.024251007541107983,37.07575491514717,5,False
2026-03-29,260329.02,2026 USA Jigsaw Nationals Individual Final,23838242,Rose Barrett,0.4216149986737244,3482.9196276989574,73,0.460486197906512,3463.678170574567,65,0.4216149986737244,3482.9196276989574,73,-0.038871199232787645,19.24145712439031,8,0.038871199232787645,19.24145712439031,8,False
2026-03-29,260329.02,2026 USA Jigsaw Nationals Individual Final,23848490,Ryder Jackson,0.3079593077156621,3902.145798139341,143,0.3737437719719729,3777.541893749316,119,0.3079593077156621,3902.145798139341,143,-0.06578446425631079,124.60390439002504,24,0.06578446425631079,124.60390439002504,24,False
2026-03-29,260329.02,2026 USA Jigsaw Nationals Individual Final,23887118,Sarah Stubeck,0.5255394665316775,3139.132373805195,30,0.5850904354602524,3057.895217729423,25,0.5255394665316775,3139.132373805195,30,-0.05955096892857492,81.23715607577196,5,0.05955096892857492,81.23715607577196,5,False
2026-03-29,260329.02,2026 USA Jigsaw Nationals Individual Final,23887819,Chris Viox,0.5124876018194172,3180.37244936584,32,0.5415223177611794,3194.0667867865445,36,0.5124876018194172,3180.37244936584,32,-0.029034715941762212,-13.694337420704414,-4,0.029034715941762212,13.694337420704414,4,False
2026-03-29,260329.02,2026 USA Jigsaw Nationals Individual Final,23888265,Feifei Xue,0.4213113332752659,3483.9774304764246,74,0.4686562854775526,3435.4949032541235,61,0.4213113332752659,3483.9774304764246,74,-0.04734495220228674,48.48252722230109,13,0.04734495220228674,48.48252722230109,13,False
2026-03-29,260329.02,2026 USA Jigsaw Nationals Individual Final,23984023,Dakota Scully,0.3087652037404783,3899.002341172233,141,0.3155156807388041,4004.03097194387,158,0.3087652037404783,3899.002341172233,141,-0.006750476998325816,-105.02863077163693,-17,0.006750476998325816,105.02863077163693,17,False
2026-03-29,260329.02,2026 USA Jigsaw Nationals Individual Final,24108422,Melinda Shokler,0.5051113217344396,3203.9185017047207,39,0.5524126192119236,3159.4711569591004,31,0.5051113217344396,3203.9185017047207,39,-0.04730129747748402,44.447344745620285,8,0.04730129747748402,44.447344745620285,8,False
2026-03-29,260329.02,2026 USA Jigsaw Nationals Individual Final,24124042,Amber Whitmill,0.613135222597215,2875.856927560996,16,0.682063352890267,2775.286331845082,8,0.613135222597215,2875.856927560996,16,-0.068928130293052,100.57059571591435,8,0.068928130293052,100.57059571591435,8,False
2026-03-29,260329.02,2026 USA Jigsaw Nationals Individual Final,24126099,Nicole Pichette,0.3791594081065422,3633.9728763423054,93,0.387039465232022,3727.6492689511456,109,0.3791594081065422,3633.9728763423054,93,-0.007880057125479789,-93.67639260884016,-16,0.007880057125479789,93.67639260884016,16,False
2026-03-29,260329.02,2026 USA Jigsaw Nationals Individual Final,24179977,Emily Howard,0.2504815355773859,4133.003484485464,179,0.2906629022096308,4104.789141001287,174,0.2504815355773859,4133.003484485464,179,-0.04018136663224492,28.214343484176425,5,0.04018136663224492,28.214343484176425,5,False
2026-03-29,260329.02,2026 USA Jigsaw Nationals Individual Final,24184814,Alexandra Michonski,0.2813667234054838,4007.305982739301,161,0.29577710954413,4083.8499874948416,168,0.2813667234054838,4007.305982739301,161,-0.014410386138646203,-76.54400475554075,-7,0.014410386138646203,76.54400475554075,7,False
2026-03-29,260329.02,2026 USA Jigsaw Nationals Individual Final,24189640,Lizzy Klinnert,0.2621475318476536,4085.068032302228,171,0.2811936744342257,4143.842937176242,182,0.2621475318476536,4085.068032302228,171,-0.019046142586572112,-58.77490487401428,-11,0.019046142586572112,58.77490487401428,11,False
2026-03-29,260329.02,2026 USA Jigsaw Nationals Individual Final,24191389,Bethany Litus,0.3158643829678775,3871.420644288217,133,0.3517685733980486,3861.472950238384,135,0.3158643829678775,3871.420644288217,133,-0.03590419043017112,9.94769404983299,-2,0.03590419043017112,9.94769404983299,2,False
2026-03-29,260329.02,2026 USA Jigsaw Nationals Individual Final,24193461,Shea Burkett,0.6371521922473732,2807.610377115953,10,0.7227566337021554,2664.6178293417665,4,0.6371521922473732,2807.610377115953,10,-0.08560444145478219,142.99254777418628,6,0.08560444145478219,142.99254777418628,6,False
2026-03-29,260329.02,2026 USA Jigsaw Nationals Individual Final,24204399,Katie Hartzler,0.4309701165876519,3450.4884392196027,68,0.4828579895643314,3387.0498367273617,55,0.4309701165876519,3450.4884392196027,68,-0.05188787297667952,63.43860249224099,13,0.05188787297667952,63.43860249224099,13,False
2026-03-29,260329.02,2026 USA Jigsaw Nationals Individual Final,24223016,Rebecca Watson,0.3120781977942326,3886.106343577492,138,0.3606695995604,3827.2543945356506,131,0.3120781977942326,3886.106343577492,138,-0.048591401766167386,58.851949041841635,7,0.048591401766167386,58.851949041841635,7,False
2026-03-29,260329.02,2026 USA Jigsaw Nationals Individual Final,24242286,Brittany Houghton,0.3288555591676186,3821.4516175439257,128,0.3610460446739237,3825.8139144684665,130,0.3288555591676186,3821.4516175439257,128,-0.0321904855063051,-4.362296924540715,-2,0.0321904855063051,4.362296924540715,2,False
2026-03-29,260329.02,2026 USA Jigsaw Nationals Individual Final,24244256,Kelsie Foster,0.2958976697853848,3949.4970607341097,150,0.3686886114962453,3796.686322536794,122,0.2958976697853848,3949.4970607341097,150,-0.07279094171086053,152.8107381973159,28,0.07279094171086053,152.8107381973159,28,False
2026-03-29,260329.02,2026 USA Jigsaw Nationals Individual Final,24495053,Nicole Zern,0.2070464280677743,4316.476679887192,193,0.2717186480227951,4183.292556407156,185,0.2070464280677743,4316.476679887192,193,-0.06467221995502082,133.18412348003676,8,0.06467221995502082,133.18412348003676,8,False
2026-03-29,260329.02,2026 USA Jigsaw Nationals Individual Final,24511922,Carrie Grose,0.2308418195875103,4214.976830857637,186,0.2674237733329127,4201.29791142266,191,0.2308418195875103,4214.976830857637,186,-0.03658195374540238,13.678919434976706,-5,0.03658195374540238,13.678919434976706,5,False
2026-03-29,260329.02,2026 USA Jigsaw Nationals Individual Final,24575932,Katie Motondo,0.3152810528257239,3873.6796194430817,134,0.3461787282042294,3883.118427321506,139,0.3152810528257239,3873.6796194430817,134,-0.030897675378505518,-9.438807878424086,-5,0.030897675378505518,9.438807878424086,5,False
2026-03-29,260329.02,2026 USA Jigsaw Nationals Individual Final,24581974,Jessica Rottenbacher,0.4761017898059404,3298.223942633714,50,0.523801747950974,3251.1719438894584,45,0.4761017898059404,3298.223942633714,50,-0.04769995814503358,47.0519987442558,5,0.04769995814503358,47.0519987442558,5,False
2026-03-29,260329.02,2026 USA Jigsaw Nationals Individual Final,24673353,Kate McCrea,0.2235064323591897,4246.008995394229,190,0.2705376758239327,4188.2358269740025,187,0.2235064323591897,4246.008995394229,190,-0.04703124346474297,57.773168420226284,3,0.04703124346474297,57.773168420226284,3,False
2026-03-29,260329.02,2026 USA Jigsaw Nationals Individual Final,24675996,Taylor Puch,0.4195175282531191,3490.2326153019453,75,0.4599608562805727,3465.49826293971,67,0.4195175282531191,3490.2326153019453,75,-0.040443328027453596,24.734352362235313,8,0.040443328027453596,24.734352362235313,8,False
2026-03-29,260329.02,2026 USA Jigsaw Nationals Individual Final,24676248,Lewis Dracobly-Helsel,0.6170564120064009,2864.602228159119,14,0.6321861156696461,2917.220156798488,16,0.6170564120064009,2864.602228159119,14,-0.015129703663245175,-52.617928639368984,-2,0.015129703663245175,52.617928639368984,2,False
2026-03-29,260329.02,2026 USA Jigsaw Nationals Individual Final,24687010,Lindsey Niedzwiecki,0.3806790248006317,3628.454824217484,90,0.4178646764293552,3614.496629570712,89,0.3806790248006317,3628.454824217484,90,-0.037185651628723504,13.958194646772426,1,0.037185651628723504,13.958194646772426,1,False
2026-03-29,260329.02,2026 USA Jigsaw Nationals Individual Final,24699469,Sara Pierce,0.346233823366055,3755.615140457699,115,0.379697750928074,3755.117312795355,116,0.346233823366055,3755.615140457699,115,-0.03346392756201899,0.49782766234420706,-1,0.03346392756201899,0.49782766234420706,1,False
2026-03-29,260329.02,2026 USA Jigsaw Nationals Individual Final,24701381,Audrey Beasley,0.3793306723589797,3633.3505599860505,92,0.4154376045797123,3623.279927126466,91,0.3793306723589797,3633.3505599860505,92,-0.03610693222073258,10.070632859584293,1,0.03610693222073258,10.070632859584293,1,False
2026-03-29,260329.02,2026 USA Jigsaw Nationals Individual Final,24712137,Karina Krajec,0.306908512809829,3906.248308136657,144,0.336118096502071,3922.382229825217,144,0.306908512809829,3906.248308136657,144,-0.02920958369224197,-16.133921688559894,0,0.02920958369224197,16.133921688559894,0,False
2026-03-29,260329.02,2026 USA Jigsaw Nationals Individual Final,24712164,Elena Christenfeld,0.4227793703448937,3478.8665748393846,72,0.4639745786921184,3451.61659211732,64,0.4227793703448937,3478.8665748393846,72,-0.04119520834722468,27.249982722064487,8,0.04119520834722468,27.249982722064487,8,False
2026-03-29,260329.02,2026 USA Jigsaw Nationals Individual Final,24714504,Melanie Buhlmann,0.2658766261332253,4069.862796945452,169,0.2921287159841006,4098.776692178799,170,0.2658766261332253,4069.862796945452,169,-0.026252089850875293,-28.91389523334692,-1,0.026252089850875293,28.91389523334692,1,False
2026-03-29,260329.02,2026 USA Jigsaw Nationals Individual Final,24718041,Jennifer Fong,0.3432971155330476,3766.660495410483,119,0.3705693046141692,3789.5526309440847,120,0.3432971155330476,3766.660495410483,119,-0.02727218908112161,-22.89213553360196,-1,0.02727218908112161,22.89213553360196,1,False
2026-03-29,260329.02,2026 USA Jigsaw Nationals Individual Final,24718370,Casey Abbott,0.4243578416935286,3473.379615268782,71,0.4647530757556468,3448.9305644039314,63,0.4243578416935286,3473.379615268782,71,-0.0403952340621182,24.449050864850506,8,0.0403952340621182,24.449050864850506,8,False
2026-03-29,260329.02,2026 USA Jigsaw Nationals Individual Final,24718378,Arabella Etzold-Erickson,0.3138861744767267,3879.086701509338,136,0.3340604329899853,3930.4614819605263,147,0.3138861744767267,3879.086701509338,136,-0.020174258513258603,-51.374780451188144,-11,0.020174258513258603,51.374780451188144,11,False
2026-03-29,260329.02,2026 USA Jigsaw Nationals Individual Final,24718500,Angela Kwon,0.3138022005509687,3879.412457325325,137,0.3436683259328431,3892.878862825295,140,0.3138022005509687,3879.412457325325,137,-0.029866125381874387,-13.466405499970278,-3,0.029866125381874387,13.466405499970278,3,False
2026-03-29,260329.02,2026 USA Jigsaw Nationals Individual Final,24718537,Hali Simmons,0.2521680211109874,4126.039108209165,178,0.2770549315642799,4161.02877694093,184,0.2521680211109874,4126.039108209165,178,-0.0248869104532925,-34.98966873176505,-6,0.0248869104532925,34.98966873176505,6,False
2026-03-29,260329.02,2026 USA Jigsaw Nationals Individual Final,24719111,Ben Weissmann,0.5120315799952523,3181.823099350612,33,0.5306533304223288,3228.972409004243,41,0.5120315799952523,3181.823099350612,33,-0.018621750427076478,-47.14930965363101,-8,0.018621750427076478,47.14930965363101,8,False
2026-03-29,260329.02,2026 USA Jigsaw Nationals Individual Final,24728793,Jamie Marsigit,0.3693907224931942,3669.645970839658,99,0.4386814072738155,3540.0323663434624,79,0.3693907224931942,3669.645970839658,99,-0.06929068478062128,129.61360449619542,20,0.06929068478062128,129.61360449619542,20,False
2026-03-29,260329.02,2026 USA Jigsaw Nationals Individual Final,24826347,Kallen O'Connor,0.2837916274649489,3997.600422476332,159,0.3113086792268624,4020.911419433704,159,0.2837916274649489,3997.600422476332,159,-0.02751705176191349,-23.310996957372026,0,0.02751705176191349,23.310996957372026,0,False
2026-03-29,260329.02,2026 USA Jigsaw Nationals Individual Final,24858852,Emily Russell,0.4698546566491625,3318.8928803673857,51,0.5145829207070554,3281.2825152083237,47,0.4698546566491625,3318.8928803673857,51,-0.044728264057892875,37.610365159061985,4,0.044728264057892875,37.610365159061985,4,False
