event_date,event_id,event_name,member_key,full_name,external_combined_incoming_score,external_combined_predicted_time,external_combined_predicted_rank,external_nationals_soft_incoming_score,external_nationals_soft_predicted_time,external_nationals_soft_predicted_rank,time_diff,rank_diff,same_time,rank_flip_same_time
2025-04-06,250406.0,2025 USA Jigsaw Nationals Finals,17593433,Tammy McLeod,0.3990045367597817,3337.6979850063417,55,0.3990045367597817,3337.6979850063417,55,0.0,0,True,False
2025-04-06,250406.0,2025 USA Jigsaw Nationals Finals,17731877,Josh Trauger,0.4205746709057238,3266.474305395678,47,0.4205746709057238,3266.474305395678,47,0.0,0,True,False
2025-04-06,250406.0,2025 USA Jigsaw Nationals Finals,17731902,EB Caron,0.3705254845458907,3434.118931972916,72,0.3705254845458907,3434.118931972916,72,0.0,0,True,False
2025-04-06,250406.0,2025 USA Jigsaw Nationals Finals,17731928,Kara Taylor,0.1884318883422168,4120.003412899286,181,0.1884318883422168,4120.003412899286,181,0.0,0,True,False
2025-04-06,250406.0,2025 USA Jigsaw Nationals Finals,17731966,Melinda Whiting,0.3573965741460305,3479.5024378364137,77,0.3573965741460305,3479.5024378364137,77,0.0,0,True,False
2025-04-06,250406.0,2025 USA Jigsaw Nationals Finals,17731998,Liz Walters,0.3720707016757854,3428.816570278231,70,0.3720707016757854,3428.816570278231,70,0.0,0,True,False
2025-04-06,250406.0,2025 USA Jigsaw Nationals Finals,17732004,Grey Rogers,0.2992943664146893,3687.65779886258,106,0.2992943664146893,3687.65779886258,106,0.0,0,True,False
2025-04-06,250406.0,2025 USA Jigsaw Nationals Finals,17732010,Yvonne Feucht,0.3989021418166308,3338.039765899788,56,0.3989021418166308,3338.039765899788,56,0.0,0,True,False
2025-04-06,250406.0,2025 USA Jigsaw Nationals Finals,17732023,Andrew Bradburn,0.4504555360308561,3170.31307247596,32,0.4504555360308561,3170.31307247596,32,0.0,0,True,False
2025-04-06,250406.0,2025 USA Jigsaw Nationals Finals,17915498,Melynda Owens,0.3398215542623701,3541.1953010424645,87,0.3398215542623701,3541.1953010424645,87,0.0,0,True,False
2025-04-06,250406.0,2025 USA Jigsaw Nationals Finals,18141625,Andrea Kyle,0.4595979348477116,3141.460896008537,28,0.4595979348477116,3141.460896008537,28,0.0,0,True,False
2025-04-06,250406.0,2025 USA Jigsaw Nationals Finals,18141627,Alyssa Zackler,0.3900301850893197,3367.786470879229,58,0.3900301850893197,3367.786470879229,58,0.0,0,True,False
2025-04-06,250406.0,2025 USA Jigsaw Nationals Finals,18385375,Michaela Keener,0.6102568387297727,2702.099440318084,6,0.6102568387297727,2702.099440318084,6,0.0,0,True,False
2025-04-06,250406.0,2025 USA Jigsaw Nationals Finals,18405080,Kelly Walter,0.6959214676700599,2480.26252742464,2,0.6959214676700599,2480.26252742464,2,0.0,0,True,False
2025-04-06,250406.0,2025 USA Jigsaw Nationals Finals,18475588,Dawne Rasmusson,0.6063734141591736,2712.613241240029,7,0.6063734141591736,2712.613241240029,7,0.0,0,True,False
2025-04-06,250406.0,2025 USA Jigsaw Nationals Finals,18495081,Trisha Siedlecki,0.3292698208512821,3578.7588817364963,90,0.3292698208512821,3578.7588817364963,90,0.0,0,True,False
2025-04-06,250406.0,2025 USA Jigsaw Nationals Finals,18495082,Sarah Oman,0.4426693888091123,3195.09394536656,38,0.4426693888091123,3195.09394536656,38,0.0,0,True,False
2025-04-06,250406.0,2025 USA Jigsaw Nationals Finals,18542626,Jeanne Roiter,0.5908017436078802,2755.1837477231275,9,0.5908017436078802,2755.1837477231275,9,0.0,0,True,False
2025-04-06,250406.0,2025 USA Jigsaw Nationals Finals,18624739,Katherine Dilks,0.4636560635283028,3128.738275922323,27,0.4636560635283028,3128.738275922323,27,0.0,0,True,False
2025-04-06,250406.0,2025 USA Jigsaw Nationals Finals,18641580,Jennifer Luscher,0.21208854907851,4023.681706949661,163,0.21208854907851,4023.681706949661,163,0.0,0,True,False
2025-04-06,250406.0,2025 USA Jigsaw Nationals Finals,18852026,Kimberly Kenne,0.1720179674115485,4188.1868712929,187,0.1720179674115485,4188.1868712929,187,0.0,0,True,False
2025-04-06,250406.0,2025 USA Jigsaw Nationals Finals,18859031,Michelle Micheli,0.2616786713554414,3829.0135402345295,127,0.2616786713554414,3829.0135402345295,127,0.0,0,True,False
2025-04-06,250406.0,2025 USA Jigsaw Nationals Finals,18956787,Kelly Buhr,0.3873527386644125,3376.815620864253,61,0.3873527386644125,3376.815620864253,61,0.0,0,True,False
2025-04-06,250406.0,2025 USA Jigsaw Nationals Finals,18980068,Tiffany Medeiros,0.5891177796951869,2759.827286405597,10,0.5891177796951869,2759.827286405597,10,0.0,0,True,False
2025-04-06,250406.0,2025 USA Jigsaw Nationals Finals,19326944,Min-Yee Deng,0.4553348017751276,3154.881949392297,30,0.4553348017751276,3154.881949392297,30,0.0,0,True,False
2025-04-06,250406.0,2025 USA Jigsaw Nationals Finals,19369070,Amanda Messinger,0.199943253438096,4072.848478960659,174,0.199943253438096,4072.848478960659,174,0.0,0,True,False
2025-04-06,250406.0,2025 USA Jigsaw Nationals Finals,19515336,Stephanie Owen,0.1189471308428711,4416.461232270068,197,0.1189471308428711,4416.461232270068,197,0.0,0,True,False
2025-04-06,250406.0,2025 USA Jigsaw Nationals Finals,19548766,Lindsay Steenstra,0.2224700196334957,3982.126051414317,154,0.2224700196334957,3982.126051414317,154,0.0,0,True,False
2025-04-06,250406.0,2025 USA Jigsaw Nationals Finals,19701994,Megan Jones,0.309695669229161,3649.500142105006,100,0.309695669229161,3649.500142105006,100,0.0,0,True,False
2025-04-06,250406.0,2025 USA Jigsaw Nationals Finals,19892601,Max Figura,0.2519023919870362,3866.6306242646,137,0.2519023919870362,3866.6306242646,137,0.0,0,True,False
2025-04-06,250406.0,2025 USA Jigsaw Nationals Finals,19958106,Taylor Reed,0.3407699295525707,3537.838510921182,86,0.3407699295525707,3537.838510921182,86,0.0,0,True,False
2025-04-06,250406.0,2025 USA Jigsaw Nationals Finals,20341319,Hannah Scott,0.533503262521789,2917.662020207254,17,0.533503262521789,2917.662020207254,17,0.0,0,True,False
2025-04-06,250406.0,2025 USA Jigsaw Nationals Finals,20453946,Sammy Brownlow,0.4061756696351599,3313.848525285389,53,0.4061756696351599,3313.848525285389,53,0.0,0,True,False
2025-04-06,250406.0,2025 USA Jigsaw Nationals Finals,20496112,Chloe Muellers,0.3248472412744896,3594.621278177743,95,0.3248472412744896,3594.621278177743,95,0.0,0,True,False
2025-04-06,250406.0,2025 USA Jigsaw Nationals Finals,20527721,Alexx Cisotto,0.2142890242775021,4014.837429520184,162,0.2142890242775021,4014.837429520184,162,0.0,0,True,False
2025-04-06,250406.0,2025 USA Jigsaw Nationals Finals,20531734,Norah Molina,0.1624348303706754,4228.515770076843,190,0.1624348303706754,4228.515770076843,190,0.0,0,True,False
2025-04-06,250406.0,2025 USA Jigsaw Nationals Finals,20533147,Abby Patnoe,0.5399469770600417,2898.921881923799,14,0.5399469770600417,2898.921881923799,14,0.0,0,True,False
2025-04-06,250406.0,2025 USA Jigsaw Nationals Finals,20533269,Elizaveta Gallagher,0.3486724362206765,3509.990896400241,80,0.3486724362206765,3509.990896400241,80,0.0,0,True,False
2025-04-06,250406.0,2025 USA Jigsaw Nationals Finals,20539458,Kyle Kossin,0.533342684607886,2918.130569906292,18,0.533342684607886,2918.130569906292,18,0.0,0,True,False
2025-04-06,250406.0,2025 USA Jigsaw Nationals Finals,20563304,Jessica Derby,0.3123828321135521,3639.706505218524,97,0.3123828321135521,3639.706505218524,97,0.0,0,True,False
2025-04-06,250406.0,2025 USA Jigsaw Nationals Finals,20620378,Jamie Ambabo,0.1189471308428711,4416.461232270068,198,0.1189471308428711,4416.461232270068,198,0.0,0,True,False
2025-04-06,250406.0,2025 USA Jigsaw Nationals Finals,20701996,Agnes Roche,0.2006740551634261,4069.873121595794,172,0.2006740551634261,4069.873121595794,172,0.0,0,True,False
2025-04-06,250406.0,2025 USA Jigsaw Nationals Finals,20720345,Doug Ellwanger,0.3110868012393861,3644.426735343469,99,0.3110868012393861,3644.426735343469,99,0.0,0,True,False
2025-04-06,250406.0,2025 USA Jigsaw Nationals Finals,20722068,Elizabeth Nelson,0.3542338590349419,3490.524533462203,78,0.3542338590349419,3490.524533462203,78,0.0,0,True,False
2025-04-06,250406.0,2025 USA Jigsaw Nationals Finals,20729491,Simmie Berman,0.4710848104264905,3105.5817894914644,24,0.4710848104264905,3105.5817894914644,24,0.0,0,True,False
2025-04-06,250406.0,2025 USA Jigsaw Nationals Finals,20737327,Amy Paull,0.3287085496503217,3580.768099837376,91,0.3287085496503217,3580.768099837376,91,0.0,0,True,False
2025-04-06,250406.0,2025 USA Jigsaw Nationals Finals,20739624,Mari Black,0.5633967321606038,2831.733725463096,12,0.5633967321606038,2831.733725463096,12,0.0,0,True,False
2025-04-06,250406.0,2025 USA Jigsaw Nationals Finals,20850953,Aimee Seligstein,0.3425030265080903,3531.712403870897,85,0.3425030265080903,3531.712403870897,85,0.0,0,True,False
2025-04-06,250406.0,2025 USA Jigsaw Nationals Finals,20853119,Kevin Collins,0.3150783247164204,3629.908913856797,96,0.3150783247164204,3629.908913856797,96,0.0,0,True,False
2025-04-06,250406.0,2025 USA Jigsaw Nationals Finals,20859985,Jessa Douglas,0.6616700252735488,2566.6867242487733,4,0.6616700252735488,2566.6867242487733,4,0.0,0,True,False
2025-04-06,250406.0,2025 USA Jigsaw Nationals Finals,20860009,Andrea Heistand,0.4386943615457932,3207.819806975074,39,0.4386943615457932,3207.819806975074,39,0.0,0,True,False
2025-04-06,250406.0,2025 USA Jigsaw Nationals Finals,20865039,Whitney Presley,0.2171392809008989,4003.410405256688,159,0.2171392809008989,4003.410405256688,159,0.0,0,True,False
2025-04-06,250406.0,2025 USA Jigsaw Nationals Finals,20866603,Cathy Roiter,0.5976597493228992,2736.3533252109423,8,0.5976597493228992,2736.3533252109423,8,0.0,0,True,False
2025-04-06,250406.0,2025 USA Jigsaw Nationals Finals,21085430,Kristen Sweeney,0.1954941389352063,4091.009418288353,177,0.1954941389352063,4091.009418288353,177,0.0,0,True,False
2025-04-06,250406.0,2025 USA Jigsaw Nationals Finals,21088908,Elizabeth Forsyth,0.2091149262401182,4035.6644259816567,165,0.2091149262401182,4035.6644259816567,165,0.0,0,True,False
2025-04-06,250406.0,2025 USA Jigsaw Nationals Finals,21108114,Madeleine Bouchie,0.2536755680039735,3859.780482623556,134,0.2536755680039735,3859.780482623556,134,0.0,0,True,False
2025-04-06,250406.0,2025 USA Jigsaw Nationals Finals,21113122,Jeremy Seidling,0.2796185303162207,3760.9340712727394,115,0.2796185303162207,3760.9340712727394,115,0.0,0,True,False
2025-04-06,250406.0,2025 USA Jigsaw Nationals Finals,21178749,Yuewen Chun,0.3485858703486484,3510.2947549747,81,0.3485858703486484,3510.2947549747,81,0.0,0,True,False
2025-04-06,250406.0,2025 USA Jigsaw Nationals Finals,21181014,Emily Chandran,0.4475359583118578,3179.582572813553,35,0.4475359583118578,3179.582572813553,35,0.0,0,True,False
2025-04-06,250406.0,2025 USA Jigsaw Nationals Finals,21181439,Chelsea Widmaier,0.2476351854665034,3883.165589642496,140,0.2476351854665034,3883.165589642496,140,0.0,0,True,False
2025-04-06,250406.0,2025 USA Jigsaw Nationals Finals,21187349,Alison Filley,0.2212495648490407,3986.989023120992,155,0.2212495648490407,3986.989023120992,155,0.0,0,True,False
2025-04-06,250406.0,2025 USA Jigsaw Nationals Finals,21198876,Angie Gazdic,0.2981009522886764,3692.061328866458,107,0.2981009522886764,3692.061328866458,107,0.0,0,True,False
2025-04-06,250406.0,2025 USA Jigsaw Nationals Finals,21249910,Lena Nguyen-Vo,0.3000900643967542,3684.7247040770326,103,0.3000900643967542,3684.7247040770326,103,0.0,0,True,False
2025-04-06,250406.0,2025 USA Jigsaw Nationals Finals,21394027,Elizabeth Tashiro,0.2152117318325592,4011.134617260773,161,0.2152117318325592,4011.134617260773,161,0.0,0,True,False
2025-04-06,250406.0,2025 USA Jigsaw Nationals Finals,21410220,Ashlyn Koga,0.2352767060829409,3931.4533787588193,147,0.2352767060829409,3931.4533787588193,147,0.0,0,True,False
2025-04-06,250406.0,2025 USA Jigsaw Nationals Finals,21412436,Iryna Shvydchenko,0.4210333390281623,3264.976421301135,46,0.4210333390281623,3264.976421301135,46,0.0,0,True,False
2025-04-06,250406.0,2025 USA Jigsaw Nationals Finals,21414212,Kelley Vallecillo,0.2836510912494754,3745.7984137058384,113,0.2836510912494754,3745.7984137058384,113,0.0,0,True,False
2025-04-06,250406.0,2025 USA Jigsaw Nationals Finals,21423906,Gail McCormick,0.4539928798770353,3159.118396420868,31,0.4539928798770353,3159.118396420868,31,0.0,0,True,False
2025-04-06,250406.0,2025 USA Jigsaw Nationals Finals,21428256,Sarah Rowe,0.4269989286447585,3245.556893921465,41,0.4269989286447585,3245.556893921465,41,0.0,0,True,False
2025-04-06,250406.0,2025 USA Jigsaw Nationals Finals,21428556,Caryn Knill,0.4851617979971223,3062.1708179577527,22,0.4851617979971223,3062.1708179577527,22,0.0,0,True,False
2025-04-06,250406.0,2025 USA Jigsaw Nationals Finals,21469145,Shannon O’Hara,0.2530890554938381,3862.04495616911,135,0.2530890554938381,3862.04495616911,135,0.0,0,True,False
2025-04-06,250406.0,2025 USA Jigsaw Nationals Finals,21538991,Natalie Schimmelbusch,0.194051069236208,4096.91729172954,178,0.194051069236208,4096.91729172954,178,0.0,0,True,False
2025-04-06,250406.0,2025 USA Jigsaw Nationals Finals,21550393,Sarah Eggerichs,0.1846058721543008,4135.7968062748405,183,0.1846058721543008,4135.7968062748405,183,0.0,0,True,False
2025-04-06,250406.0,2025 USA Jigsaw Nationals Finals,21551407,Carolyn Papke,0.2319790530696616,3944.4393476816153,149,0.2319790530696616,3944.4393476816153,149,0.0,0,True,False
2025-04-06,250406.0,2025 USA Jigsaw Nationals Finals,21552281,Rita Loeffler,0.2195637732054949,3993.7159243829497,158,0.2195637732054949,3993.7159243829497,158,0.0,0,True,False
2025-04-06,250406.0,2025 USA Jigsaw Nationals Finals,21556752,Hanna Sigler,0.5680307968055401,2818.6416465210045,11,0.5680307968055401,2818.6416465210045,11,0.0,0,True,False
2025-04-06,250406.0,2025 USA Jigsaw Nationals Finals,21566454,Alice Rowe,0.7752783263601862,2291.043873632254,1,0.7752783263601862,2291.043873632254,1,0.0,0,True,False
2025-04-06,250406.0,2025 USA Jigsaw Nationals Finals,21576268,Lauren Kautz,0.617054284790314,2683.794349538496,5,0.617054284790314,2683.794349538496,5,0.0,0,True,False
2025-04-06,250406.0,2025 USA Jigsaw Nationals Finals,21581068,Andrea Peng,0.5033311807640812,3007.0354686956707,21,0.5033311807640812,3007.0354686956707,21,0.0,0,True,False
2025-04-06,250406.0,2025 USA Jigsaw Nationals Finals,21583590,Lindsay Wang,0.3794992731522916,3403.4397348229154,64,0.3794992731522916,3403.4397348229154,64,0.0,0,True,False
2025-04-06,250406.0,2025 USA Jigsaw Nationals Finals,21594891,Kinsey Keltz,0.2351746320232141,3931.8546986476376,148,0.2351746320232141,3931.8546986476376,148,0.0,0,True,False
2025-04-06,250406.0,2025 USA Jigsaw Nationals Finals,21617866,Margaret Long,0.4571272584106228,3149.2320254424603,29,0.4571272584106228,3149.2320254424603,29,0.0,0,True,False
2025-04-06,250406.0,2025 USA Jigsaw Nationals Finals,21654699,Kelsi Cook,0.4453038139227571,3186.687787195224,36,0.4453038139227571,3186.687787195224,36,0.0,0,True,False
2025-04-06,250406.0,2025 USA Jigsaw Nationals Finals,21696301,Mary Beth Harris,0.2364541811679226,3926.826914665188,146,0.2364541811679226,3926.826914665188,146,0.0,0,True,False
2025-04-06,250406.0,2025 USA Jigsaw Nationals Finals,21848873,Eric Goulet,0.3685212275894308,3441.008690848835,74,0.3685212275894308,3441.008690848835,74,0.0,0,True,False
2025-04-06,250406.0,2025 USA Jigsaw Nationals Finals,21851725,Maud Dias,0.4434267765326777,3192.6749366161025,37,0.4434267765326777,3192.6749366161025,37,0.0,0,True,False
2025-04-06,250406.0,2025 USA Jigsaw Nationals Finals,21856865,Aloysia Larson,0.400894668395548,3331.395254825526,54,0.400894668395548,3331.395254825526,54,0.0,0,True,False
2025-04-06,250406.0,2025 USA Jigsaw Nationals Finals,21857882,Hope Thompson,0.3580199705570107,3477.3340044716792,76,0.3580199705570107,3477.3340044716792,76,0.0,0,True,False
2025-04-06,250406.0,2025 USA Jigsaw Nationals Finals,21858254,Kara Bingham,0.2442317947524725,3896.4040343727775,142,0.2442317947524725,3896.4040343727775,142,0.0,0,True,False
2025-04-06,250406.0,2025 USA Jigsaw Nationals Finals,21892775,Andrea Reynolds,0.3285210025338428,3581.4397255480435,92,0.3285210025338428,3581.4397255480435,92,0.0,0,True,False
2025-04-06,250406.0,2025 USA Jigsaw Nationals Finals,21896776,Tally Klinefelter,0.4202699345376529,3267.469870596657,48,0.4202699345376529,3267.469870596657,48,0.0,0,True,False
2025-04-06,250406.0,2025 USA Jigsaw Nationals Finals,21916024,Emmie Lee,0.193346682630344,4099.804121998095,180,0.193346682630344,4099.804121998095,180,0.0,0,True,False
2025-04-06,250406.0,2025 USA Jigsaw Nationals Finals,21918754,Karen Ni,0.2794107952930061,3761.715430154333,117,0.2794107952930061,3761.715430154333,117,0.0,0,True,False
2025-04-06,250406.0,2025 USA Jigsaw Nationals Finals,21922205,Maria Seitz,0.2199051808335129,3992.3526720278496,157,0.2199051808335129,3992.3526720278496,157,0.0,0,True,False
2025-04-06,250406.0,2025 USA Jigsaw Nationals Finals,21922695,Mathew Nettlow,0.4691706249584448,3111.532142245228,25,0.4691706249584448,3111.532142245228,25,0.0,0,True,False
2025-04-06,250406.0,2025 USA Jigsaw Nationals Finals,21924024,Jasper Lee,0.5326489747845835,2920.1556080615355,19,0.5326489747845835,2920.1556080615355,19,0.0,0,True,False
2025-04-06,250406.0,2025 USA Jigsaw Nationals Finals,21924776,Nicholas Mueller,0.2593966793892708,3837.761295729435,130,0.2593966793892708,3837.761295729435,130,0.0,0,True,False
2025-04-06,250406.0,2025 USA Jigsaw Nationals Finals,21925075,Diana Jaffe,0.3815586498875264,3396.437982310913,63,0.3815586498875264,3396.437982310913,63,0.0,0,True,False
2025-04-06,250406.0,2025 USA Jigsaw Nationals Finals,21925090,Emma Pan,0.5406602471516115,2896.854904891704,13,0.5406602471516115,2896.854904891704,13,0.0,0,True,False
2025-04-06,250406.0,2025 USA Jigsaw Nationals Finals,21925368,Betsey English,0.2577535025358835,3844.0726001339976,131,0.2577535025358835,3844.0726001339976,131,0.0,0,True,False
2025-04-06,250406.0,2025 USA Jigsaw Nationals Finals,21926468,Meredith Yeager,0.2609173417716633,3831.9297914927206,128,0.2609173417716633,3831.9297914927206,128,0.0,0,True,False
2025-04-06,250406.0,2025 USA Jigsaw Nationals Finals,21927536,Skye Vandeleest,0.3113069702783316,3643.624433735864,98,0.3113069702783316,3643.624433735864,98,0.0,0,True,False
2025-04-06,250406.0,2025 USA Jigsaw Nationals Finals,21927541,Chloe Glikbarg,0.4211007128388443,3264.756454807914,45,0.4211007128388443,3264.756454807914,45,0.0,0,True,False
2025-04-06,250406.0,2025 USA Jigsaw Nationals Finals,21933322,Yasmeen Almog,0.2900869910027412,3721.768241454818,111,0.2900869910027412,3721.768241454818,111,0.0,0,True,False
2025-04-06,250406.0,2025 USA Jigsaw Nationals Finals,21933468,Laurie Marcey,0.196324589974728,4087.613445553959,176,0.196324589974728,4087.613445553959,176,0.0,0,True,False
2025-04-06,250406.0,2025 USA Jigsaw Nationals Finals,21935409,Darya Leylian,0.2408572776200085,3909.57472640644,144,0.2408572776200085,3909.57472640644,144,0.0,0,True,False
2025-04-06,250406.0,2025 USA Jigsaw Nationals Finals,21936039,Caroline Orsi,0.3766377300778353,3413.192771938162,66,0.3766377300778353,3413.192771938162,66,0.0,0,True,False
2025-04-06,250406.0,2025 USA Jigsaw Nationals Finals,21964658,Cosmo Smith,0.3695169106555155,3437.5842418809416,73,0.3695169106555155,3437.5842418809416,73,0.0,0,True,False
2025-04-06,250406.0,2025 USA Jigsaw Nationals Finals,21968495,Jennifer Morrow,0.255169866236699,3854.0171266284337,133,0.255169866236699,3854.0171266284337,133,0.0,0,True,False
2025-04-06,250406.0,2025 USA Jigsaw Nationals Finals,21968530,Alison Youngblood,0.1935814147730543,4098.841879130924,179,0.1935814147730543,4098.841879130924,179,0.0,0,True,False
2025-04-06,250406.0,2025 USA Jigsaw Nationals Finals,21976246,Edith Lewis,0.4088395924976851,3305.032436339986,52,0.4088395924976851,3305.032436339986,52,0.0,0,True,False
2025-04-06,250406.0,2025 USA Jigsaw Nationals Finals,21988310,Ashley Bromiley,0.3027835980546657,3674.81312863996,102,0.3027835980546657,3674.81312863996,102,0.0,0,True,False
2025-04-06,250406.0,2025 USA Jigsaw Nationals Finals,22035202,Rebecca Streitz,0.3438116999210055,3527.093568678493,82,0.3438116999210055,3527.093568678493,82,0.0,0,True,False
2025-04-06,250406.0,2025 USA Jigsaw Nationals Finals,22035203,Jessica Streitz,0.417916986807074,3275.167108461375,49,0.417916986807074,3275.167108461375,49,0.0,0,True,False
2025-04-06,250406.0,2025 USA Jigsaw Nationals Finals,22048522,CHARESE GAINOR,0.2667713079751915,3809.563334114641,124,0.2667713079751915,3809.563334114641,124,0.0,0,True,False
2025-04-06,250406.0,2025 USA Jigsaw Nationals Finals,22060891,Kirsty Weitzel,0.2520795469672552,3865.945692064208,136,0.2520795469672552,3865.945692064208,136,0.0,0,True,False
2025-04-06,250406.0,2025 USA Jigsaw Nationals Finals,22064748,Andrea Smith,0.2247505695383537,3973.05496169452,153,0.2247505695383537,3973.05496169452,153,0.0,0,True,False
2025-04-06,250406.0,2025 USA Jigsaw Nationals Finals,22074241,Josh Nelson,0.2491710679100524,3877.20608151143,139,0.2491710679100524,3877.20608151143,139,0.0,0,True,False
2025-04-06,250406.0,2025 USA Jigsaw Nationals Finals,22076476,Kylie Ledingham,0.473672804055226,3097.5549547853966,23,0.473672804055226,3097.5549547853966,23,0.0,0,True,False
2025-04-06,250406.0,2025 USA Jigsaw Nationals Finals,22077461,Jessica Musser,0.2087376192385193,4037.187397721568,166,0.2087376192385193,4037.187397721568,166,0.0,0,True,False
2025-04-06,250406.0,2025 USA Jigsaw Nationals Finals,22195550,Carmen Dueñas,0.2794356756804106,3761.621838381433,116,0.2794356756804106,3761.621838381433,116,0.0,0,True,False
2025-04-06,250406.0,2025 USA Jigsaw Nationals Finals,22195650,Sarah Meyer,0.3076804478272799,3656.862108402077,101,0.3076804478272799,3656.862108402077,101,0.0,0,True,False
2025-04-06,250406.0,2025 USA Jigsaw Nationals Finals,22207268,Sarah Proctor,0.1497382630948699,4282.545676386116,194,0.1497382630948699,4282.545676386116,194,0.0,0,True,False
2025-04-06,250406.0,2025 USA Jigsaw Nationals Finals,22251076,Jessica Henderson,0.1691689170650928,4200.136240644183,189,0.1691689170650928,4200.136240644183,189,0.0,0,True,False
2025-04-06,250406.0,2025 USA Jigsaw Nationals Finals,22323970,Karen Gwilliam,0.2721528423441215,3789.117103492993,120,0.2721528423441215,3789.117103492993,120,0.0,0,True,False
2025-04-06,250406.0,2025 USA Jigsaw Nationals Finals,22324939,Lindsey Anderson,0.1803968520451627,4153.241144230948,186,0.1803968520451627,4153.241144230948,186,0.0,0,True,False
2025-04-06,250406.0,2025 USA Jigsaw Nationals Finals,22363662,Sam Zucker,0.3893572697904245,3370.053468582067,59,0.3893572697904245,3370.053468582067,59,0.0,0,True,False
2025-04-06,250406.0,2025 USA Jigsaw Nationals Finals,22389912,Tazia Statucki,0.2286566757350249,3957.566057435093,150,0.2286566757350249,3957.566057435093,150,0.0,0,True,False
2025-04-06,250406.0,2025 USA Jigsaw Nationals Finals,22392412,Elizabeth Alvarez,0.2077825777175945,4041.0449210684233,167,0.2077825777175945,4041.0449210684233,167,0.0,0,True,False
2025-04-06,250406.0,2025 USA Jigsaw Nationals Finals,22408132,Jen Lunsford,0.4224053351974308,3260.4999577060075,44,0.4224053351974308,3260.4999577060075,44,0.0,0,True,False
2025-04-06,250406.0,2025 USA Jigsaw Nationals Finals,22423946,Jennifer Sipple,0.4686418563851701,3113.1778577197447,26,0.4686418563851701,3113.1778577197447,26,0.0,0,True,False
2025-04-06,250406.0,2025 USA Jigsaw Nationals Finals,22438220,Maria Grant,0.3435399137939847,3528.052314060109,83,0.3435399137939847,3528.052314060109,83,0.0,0,True,False
2025-04-06,250406.0,2025 USA Jigsaw Nationals Finals,22447425,Kevin Erickson,0.2508807916566655,3870.582793812896,138,0.2508807916566655,3870.582793812896,138,0.0,0,True,False
2025-04-06,250406.0,2025 USA Jigsaw Nationals Finals,22465006,Calie Curran,0.3859523112314494,3381.547918942384,62,0.3859523112314494,3381.547918942384,62,0.0,0,True,False
2025-04-06,250406.0,2025 USA Jigsaw Nationals Finals,22477088,Samantha Saake,0.397421925021162,3342.984447122481,57,0.397421925021162,3342.984447122481,57,0.0,0,True,False
2025-04-06,250406.0,2025 USA Jigsaw Nationals Finals,22555702,Rose Robbins,0.2629548252154502,3824.1302464050023,126,0.2629548252154502,3824.1302464050023,126,0.0,0,True,False
2025-04-06,250406.0,2025 USA Jigsaw Nationals Finals,22561030,Allie Arendell,0.4258335432255207,3249.3414233923595,42,0.4258335432255207,3249.3414233923595,42,0.0,0,True,False
2025-04-06,250406.0,2025 USA Jigsaw Nationals Finals,22607906,Jason Pipkin,0.3770030190257562,3411.946198035148,65,0.3770030190257562,3411.946198035148,65,0.0,0,True,False
2025-04-06,250406.0,2025 USA Jigsaw Nationals Finals,22609934,Christine Parsons,0.2697989944047663,3798.0466142113246,122,0.2697989944047663,3798.0466142113246,122,0.0,0,True,False
2025-04-06,250406.0,2025 USA Jigsaw Nationals Finals,22623572,Melissa Harlow,0.3883544266191971,3373.4347988783265,60,0.3883544266191971,3373.4347988783265,60,0.0,0,True,False
2025-04-06,250406.0,2025 USA Jigsaw Nationals Finals,22640026,Leslie Richardson,0.3619433307397696,3463.7178986059585,75,0.3619433307397696,3463.7178986059585,75,0.0,0,True,False
2025-04-06,250406.0,2025 USA Jigsaw Nationals Finals,22641588,Davey Black,0.1613203936216516,4233.230810263871,191,0.1613203936216516,4233.230810263871,191,0.0,0,True,False
2025-04-06,250406.0,2025 USA Jigsaw Nationals Finals,22676681,Sarah Hauge,0.2445715350253585,3895.0804938456095,141,0.2445715350253585,3895.0804938456095,141,0.0,0,True,False
2025-04-06,250406.0,2025 USA Jigsaw Nationals Finals,22703189,Beatrice Endler,0.5145495407589413,2973.489976804735,20,0.5145495407589413,2973.489976804735,20,0.0,0,True,False
2025-04-06,250406.0,2025 USA Jigsaw Nationals Finals,22704198,Sarah Goodman,0.2037487283455024,4057.378809660326,169,0.2037487283455024,4057.378809660326,169,0.0,0,True,False
2025-04-06,250406.0,2025 USA Jigsaw Nationals Finals,22726143,Peyton Durkin,0.4500250581916724,3171.678115786306,33,0.4500250581916724,3171.678115786306,33,0.0,0,True,False
2025-04-06,250406.0,2025 USA Jigsaw Nationals Finals,22732244,Amber Whitear,0.3432405569005434,3529.1086189389293,84,0.3432405569005434,3529.1086189389293,84,0.0,0,True,False
2025-04-06,250406.0,2025 USA Jigsaw Nationals Finals,22736994,Brooke Ouro-Djobo,0.2877626660193585,3730.428901556029,112,0.2877626660193585,3730.428901556029,112,0.0,0,True,False
2025-04-06,250406.0,2025 USA Jigsaw Nationals Finals,22814742,Grayson Shannon,0.6738319748168008,2535.6598657973545,3,0.6738319748168008,2535.6598657973545,3,0.0,0,True,False
2025-04-06,250406.0,2025 USA Jigsaw Nationals Finals,22819700,Kristin Blair,0.1966387128044212,4086.3296344994815,175,0.1966387128044212,4086.3296344994815,175,0.0,0,True,False
2025-04-06,250406.0,2025 USA Jigsaw Nationals Finals,22857066,Nathan Biberdorf,0.375149262993185,3418.276979932197,68,0.375149262993185,3418.276979932197,68,0.0,0,True,False
2025-04-06,250406.0,2025 USA Jigsaw Nationals Finals,22858691,Chelsea Suedkamp,0.336604793180108,3552.6048212835053,89,0.336604793180108,3552.6048212835053,89,0.0,0,True,False
2025-04-06,250406.0,2025 USA Jigsaw Nationals Finals,22860511,Lydia Utkin,0.3000900643967542,3684.7247040770326,104,0.3000900643967542,3684.7247040770326,104,0.0,0,True,False
2025-04-06,250406.0,2025 USA Jigsaw Nationals Finals,22861788,Xin Li Phuah,0.2940082393917488,3707.202839676245,109,0.2940082393917488,3707.202839676245,109,0.0,0,True,False
2025-04-06,250406.0,2025 USA Jigsaw Nationals Finals,22861861,Jane Stine,0.3762119657827635,3414.6462969602203,67,0.3762119657827635,3414.6462969602203,67,0.0,0,True,False
2025-04-06,250406.0,2025 USA Jigsaw Nationals Finals,22861870,Jenna Wyly,0.1566960870081934,4252.851899497313,192,0.1566960870081934,4252.851899497313,192,0.0,0,True,False
2025-04-06,250406.0,2025 USA Jigsaw Nationals Finals,22861932,Trish Doty,0.2275784263960722,3961.835601823436,152,0.2275784263960722,3961.835601823436,152,0.0,0,True,False
2025-04-06,250406.0,2025 USA Jigsaw Nationals Finals,22862046,Emma Williamson,0.5354247993218108,2912.0610082640696,15,0.5354247993218108,2912.0610082640696,15,0.0,0,True,False
2025-04-06,250406.0,2025 USA Jigsaw Nationals Finals,22862138,Michelle Bone,0.3000900643967542,3684.7247040770326,105,0.3000900643967542,3684.7247040770326,105,0.0,0,True,False
2025-04-06,250406.0,2025 USA Jigsaw Nationals Finals,22862145,Katie Ruberg,0.2917727528291814,3715.4995119035407,110,0.2917727528291814,3715.4995119035407,110,0.0,0,True,False
2025-04-06,250406.0,2025 USA Jigsaw Nationals Finals,22862266,Kaitlyn McCluskie,0.4126860279503536,3292.344260173475,51,0.4126860279503536,3292.344260173475,51,0.0,0,True,False
2025-04-06,250406.0,2025 USA Jigsaw Nationals Finals,22870980,Annabelle Platt,0.3746320149190528,3420.0455344682005,69,0.3746320149190528,3420.0455344682005,69,0.0,0,True,False
2025-04-06,250406.0,2025 USA Jigsaw Nationals Finals,22871519,Grace Byrnes,0.2737699713452272,3782.9945641385793,119,0.2737699713452272,3782.9945641385793,119,0.0,0,True,False
2025-04-06,250406.0,2025 USA Jigsaw Nationals Finals,22871573,Carley Lauer,0.2008356093148222,4069.215669805811,171,0.2008356093148222,4069.215669805811,171,0.0,0,True,False
2025-04-06,250406.0,2025 USA Jigsaw Nationals Finals,23149275,Lori Eich,0.1370733295852967,4337.128748524706,195,0.1370733295852967,4337.128748524706,195,0.0,0,True,False
2025-04-06,250406.0,2025 USA Jigsaw Nationals Finals,23740970,Rebecca Widmayer,0.202829471843871,4061.110296344612,170,0.202829471843871,4061.110296344612,170,0.0,0,True,False
2025-04-06,250406.0,2025 USA Jigsaw Nationals Finals,23741633,Kim Knaub,0.4493797407465525,3173.725515545067,34,0.4493797407465525,3173.725515545067,34,0.0,0,True,False
2025-04-06,250406.0,2025 USA Jigsaw Nationals Finals,23741737,Christopher Nammour,0.3391660276546884,3543.517409804182,88,0.3391660276546884,3543.517409804182,88,0.0,0,True,False
2025-04-06,250406.0,2025 USA Jigsaw Nationals Finals,23742868,Katie Erickson,0.3524423768958476,3496.783350425446,79,0.3524423768958476,3496.783350425446,79,0.0,0,True,False
2025-04-06,250406.0,2025 USA Jigsaw Nationals Finals,23744904,Brenna Kitchen,0.1824771924685263,4144.609969794013,185,0.1824771924685263,4144.609969794013,185,0.0,0,True,False
2025-04-06,250406.0,2025 USA Jigsaw Nationals Finals,23750128,Jasmine Lambert,0.4135926120992573,3289.360825626041,50,0.4135926120992573,3289.360825626041,50,0.0,0,True,False
2025-04-06,250406.0,2025 USA Jigsaw Nationals Finals,23750482,Amber Spires,0.242564452688173,3902.906091789387,143,0.242564452688173,3902.906091789387,143,0.0,0,True,False
2025-04-06,250406.0,2025 USA Jigsaw Nationals Finals,23751429,Kerry Nicholson,0.3252326014480428,3593.2363211689035,94,0.3252326014480428,3593.2363211689035,94,0.0,0,True,False
2025-04-06,250406.0,2025 USA Jigsaw Nationals Finals,23751470,Katherine Sydor,0.2639857306518045,3820.189961124385,125,0.2639857306518045,3820.189961124385,125,0.0,0,True,False
2025-04-06,250406.0,2025 USA Jigsaw Nationals Finals,23758655,Hannah Doyle,0.5343842881072246,2915.0926173388293,16,0.5343842881072246,2915.0926173388293,16,0.0,0,True,False
2025-04-06,250406.0,2025 USA Jigsaw Nationals Finals,23763793,Michael Ha,0.2164159491935381,4006.307246502647,160,0.2164159491935381,4006.307246502647,160,0.0,0,True,False
2025-04-06,250406.0,2025 USA Jigsaw Nationals Finals,23764010,Tyler Heathcote,0.1316573884883215,4360.682106583607,196,0.1316573884883215,4360.682106583607,196,0.0,0,True,False
2025-04-06,250406.0,2025 USA Jigsaw Nationals Finals,23764075,Katie Luscher,0.3715412132180811,3430.632569808742,71,0.3715412132180811,3430.632569808742,71,0.0,0,True,False
2025-04-06,250406.0,2025 USA Jigsaw Nationals Finals,23764484,Ariana Murphy,0.2279670918627312,3960.296072340774,151,0.2279670918627312,3960.296072340774,151,0.0,0,True,False
2025-04-06,250406.0,2025 USA Jigsaw Nationals Finals,23764523,Aubrey Barrow,0.4350910392182767,3219.399465800668,40,0.4350910392182767,3219.399465800668,40,0.0,0,True,False
2025-04-06,250406.0,2025 USA Jigsaw Nationals Finals,23764765,Timothy Miller,0.2056375617041748,4049.72233039892,168,0.2056375617041748,4049.72233039892,168,0.0,0,True,False
2025-04-06,250406.0,2025 USA Jigsaw Nationals Finals,23764984,Helen Hu,0.2575893296809493,3844.7037443142954,132,0.2575893296809493,3844.7037443142954,132,0.0,0,True,False
2025-04-06,250406.0,2025 USA Jigsaw Nationals Finals,23764995,Tara Griffitts,0.2606637132975325,3832.901801258178,129,0.2606637132975325,3832.901801258178,129,0.0,0,True,False
2025-04-06,250406.0,2025 USA Jigsaw Nationals Finals,23765024,David Telintelo,0.1534387437522749,4266.72748445344,193,0.1534387437522749,4266.72748445344,193,0.0,0,True,False
2025-04-06,250406.0,2025 USA Jigsaw Nationals Finals,23765860,Kate Yee,0.296383020705864,3698.4094889200496,108,0.296383020705864,3698.4094889200496,108,0.0,0,True,False
2025-04-06,250406.0,2025 USA Jigsaw Nationals Finals,23765935,Jolanta Starr,0.1874988783628008,4123.849211003772,182,0.1874988783628008,4123.849211003772,182,0.0,0,True,False
2025-04-06,250406.0,2025 USA Jigsaw Nationals Finals,23766346,Robyn Curtis,0.2670267244015812,3808.590433314449,123,0.2670267244015812,3808.590433314449,123,0.0,0,True,False
2025-04-06,250406.0,2025 USA Jigsaw Nationals Finals,23766491,Maggie Kirkland,0.2001895727194365,4071.845381396523,173,0.2001895727194365,4071.845381396523,173,0.0,0,True,False
2025-04-06,250406.0,2025 USA Jigsaw Nationals Finals,23769192,Angela Harrow,0.3262180408529224,3589.6971486134357,93,0.3262180408529224,3589.6971486134357,93,0.0,0,True,False
2025-04-06,250406.0,2025 USA Jigsaw Nationals Finals,23786677,Danika Dorris,0.2107476064369807,4029.0808524896665,164,0.2107476064369807,4029.0808524896665,164,0.0,0,True,False
2025-04-06,250406.0,2025 USA Jigsaw Nationals Finals,23820090,Matthew Swanson,0.2792528594877073,3762.309586628158,118,0.2792528594877073,3762.309586628158,118,0.0,0,True,False
2025-04-06,250406.0,2025 USA Jigsaw Nationals Finals,23838242,Rose Barrett,0.4248522315496618,3252.531605095255,43,0.4248522315496618,3252.531605095255,43,0.0,0,True,False
2025-04-06,250406.0,2025 USA Jigsaw Nationals Finals,23888265,Feifei Xue,0.169575177524668,4198.430237928967,188,0.169575177524668,4198.430237928967,188,0.0,0,True,False
2025-04-06,250406.0,2025 USA Jigsaw Nationals Finals,24184814,Alexandra Michonski,0.1826407521826165,4143.932134007167,184,0.1826407521826165,4143.932134007167,184,0.0,0,True,False
2025-04-06,250406.0,2025 USA Jigsaw Nationals Finals,24191389,Bethany Litus,0.2209392247039595,3988.226537888187,156,0.2209392247039595,3988.226537888187,156,0.0,0,True,False
2025-04-06,250406.0,2025 USA Jigsaw Nationals Finals,24713127,Nhi Nguyen,0.2371469951424742,3924.107296306651,145,0.2371469951424742,3924.107296306651,145,0.0,0,True,False
2025-04-06,250406.0,2025 USA Jigsaw Nationals Finals,24719281,Caitlyn McMahan,0.2824224329566767,3750.40354847918,114,0.2824224329566767,3750.40354847918,114,0.0,0,True,False
2025-04-06,250406.0,2025 USA Jigsaw Nationals Finals,24728793,Jamie Marsigit,0.2708845940681045,3793.925693325478,121,0.2708845940681045,3793.925693325478,121,0.0,0,True,False
2025-04-12,250412.0,SDPC 319,17593434,Jonathan Cluff,0.1329500672541103,4094.4034620348734,40,0.1329500672541103,4094.4034620348734,41,0.0,1,True,True
2025-04-12,250412.0,SDPC 319,17731928,Kara Taylor,0.172430196505223,3935.905236176769,35,0.172430196505223,3935.905236176769,34,0.0,1,True,True
2025-04-12,250412.0,SDPC 319,17915498,Melynda Owens,0.2653629627400903,3586.6124023354573,24,0.2653629627400903,3586.6124023354573,33,0.0,9,True,True
2025-04-12,250412.0,SDPC 319,18282851,Michelle Kaufman,0.0951353507875343,4252.196820976227,42,0.0951353507875343,4252.196820976227,42,0.0,0,True,False
2025-04-12,250412.0,SDPC 319,18624739,Katherine Dilks,0.4673528379301024,2930.632474389758,5,0.4673528379301024,2930.632474389758,8,0.0,3,True,True
2025-04-12,250412.0,SDPC 319,19548766,Lindsay Steenstra,0.1439771501330596,4049.502155917224,37,0.1439771501330596,4049.502155917224,38,0.0,1,True,True
2025-04-12,250412.0,SDPC 319,19573602,Isabel Urrutia,0.0276790118057497,4548.930213585616,48,0.0276790118057497,4548.930213585616,48,0.0,0,True,False
2025-04-12,250412.0,SDPC 319,20321851,Ann Marie Greenleaf,-0.1179781537261997,5262.2003299365415,62,-0.1179781537261997,5262.2003299365415,62,0.0,0,True,False
2025-04-12,250412.0,SDPC 319,20453946,Sammy Brownlow,0.4075617242877758,3111.202710116528,14,0.4075617242877758,3111.202710116528,15,0.0,1,True,True
2025-04-12,250412.0,SDPC 319,20527721,Alexx Cisotto,0.2356388257268178,3694.821606395112,28,0.2356388257268178,3694.821606395112,23,0.0,5,True,True
2025-04-12,250412.0,SDPC 319,20531734,Norah Molina,0.0610528849957409,4399.620178962263,45,0.0610528849957409,4399.620178962263,45,0.0,0,True,False
2025-04-12,250412.0,SDPC 319,20533269,Elizaveta Gallagher,0.3121504784235659,3422.668879306524,20,0.3121504784235659,3422.668879306524,22,0.0,2,True,True
2025-04-12,250412.0,SDPC 319,20543806,Ben Scofield,0.055918194819635,4422.268962956793,47,0.055918194819635,4422.268962956793,47,0.0,0,True,False
2025-04-12,250412.0,SDPC 319,20720301,Melissa Martin,-0.0004746917155143,4678.819296121661,51,-0.0004746917155143,4678.819296121661,51,0.0,0,True,False
2025-04-12,250412.0,SDPC 319,20736847,Stephanie Vargas,-0.3198201727309146,6439.116053754886,68,-0.3198201727309146,6439.116053754886,68,0.0,0,True,False
2025-04-12,250412.0,SDPC 319,20755407,Carrie Campbell,0.0748611630294589,4339.286510961005,44,0.0748611630294589,4339.286510961005,44,0.0,0,True,False
2025-04-12,250412.0,SDPC 319,20860009,Andrea Heistand,0.5002252432334008,2835.861740791101,3,0.5002252432334008,2835.861740791101,1,0.0,2,True,True
2025-04-12,250412.0,SDPC 319,21169710,Rachel Shields,-0.1447957771590695,5405.22931360374,64,-0.1447957771590695,5405.22931360374,64,0.0,0,True,False
2025-04-12,250412.0,SDPC 319,21173211,Natalie Hinkley,-0.1713394107987236,5550.624866778817,65,-0.1713394107987236,5550.624866778817,65,0.0,0,True,False
2025-04-12,250412.0,SDPC 319,21181439,Chelsea Widmaier,0.2593144260850978,3608.3718991363753,26,0.2593144260850978,3608.3718991363753,21,0.0,5,True,True
2025-04-12,250412.0,SDPC 319,21187349,Alison Filley,0.2221836347394756,3744.8721011544335,31,0.2221836347394756,3744.8721011544335,27,0.0,4,True,True
2025-04-12,250412.0,SDPC 319,21198876,Angie Gazdic,0.3026718902204408,3455.265187613613,21,0.3026718902204408,3455.265187613613,19,0.0,2,True,True
2025-04-12,250412.0,SDPC 319,21394027,Elizabeth Tashiro,0.2277014966745167,3724.2653189097455,30,0.2277014966745167,3724.2653189097455,25,0.0,5,True,True
2025-04-12,250412.0,SDPC 319,21428556,Caryn Knill,0.5122886688246454,2801.8570525871546,2,0.5122886688246454,2801.8570525871546,2,0.0,0,True,False
2025-04-12,250412.0,SDPC 319,21550393,Sarah Eggerichs,0.1700592765694847,3945.248023490228,36,0.1700592765694847,3945.248023490228,35,0.0,1,True,True
2025-04-12,250412.0,SDPC 319,21552466,Juli Logsdon,-0.078163892217947,5056.805659941804,59,-0.078163892217947,5056.805659941804,59,0.0,0,True,False
2025-04-12,250412.0,SDPC 319,21594891,Kinsey Keltz,0.1896363712806943,3868.762652764974,34,0.1896363712806943,3868.762652764974,36,0.0,2,True,True
2025-04-12,250412.0,SDPC 319,21606421,Robin Patrick,-0.0561072546349048,4946.490592184206,55,-0.0561072546349048,4946.490592184206,55,0.0,0,True,False
2025-04-12,250412.0,SDPC 319,21617866,Margaret Long,0.4431743909776561,3002.3541819675875,9,0.4431743909776561,3002.3541819675875,12,0.0,3,True,True
2025-04-12,250412.0,SDPC 319,21856865,Aloysia Larson,0.4238843157855616,3060.832027587177,11,0.4238843157855616,3060.832027587177,10,0.0,1,True,True
2025-04-12,250412.0,SDPC 319,21858254,Kara Bingham,0.2279511877737917,3723.335519094472,29,0.2279511877737917,3723.335519094472,29,0.0,0,True,False
2025-04-12,250412.0,SDPC 319,21892775,Andrea Reynolds,0.33473092925928,3346.2495118460333,17,0.33473092925928,3346.2495118460333,18,0.0,1,True,True
2025-04-12,250412.0,SDPC 319,21916024,Emmie Lee,0.2040103062086968,3813.551064632061,33,0.2040103062086968,3813.551064632061,28,0.0,5,True,True
2025-04-12,250412.0,SDPC 319,21922205,Maria Seitz,0.209791260764403,3791.5686999769214,32,0.209791260764403,3791.5686999769214,31,0.0,1,True,True
2025-04-12,250412.0,SDPC 319,21925467,Ameenah Saafir,-0.0737206286874495,5034.386783144886,58,-0.0737206286874495,5034.386783144886,58,0.0,0,True,False
2025-04-12,250412.0,SDPC 319,21926492,Michelle Philo,-0.0645224675758317,4988.292001022949,56,-0.0645224675758317,4988.292001022949,56,0.0,0,True,False
2025-04-12,250412.0,SDPC 319,21927536,Skye Vandeleest,0.3814727032670888,3193.43901094118,15,0.3814727032670888,3193.43901094118,9,0.0,6,True,True
2025-04-12,250412.0,SDPC 319,21968784,Cindy Grimley-Beason,-0.3046357264591022,6342.080224104054,67,-0.3046357264591022,6342.080224104054,67,0.0,0,True,False
2025-04-12,250412.0,SDPC 319,21976246,Edith Lewis,0.4188142677370512,3076.389999541177,12,0.4188142677370512,3076.389999541177,11,0.0,1,True,True
2025-04-12,250412.0,SDPC 319,21988310,Ashley Bromiley,0.323762502784471,3383.1546291231043,18,0.323762502784471,3383.1546291231043,17,0.0,1,True,True
2025-04-12,250412.0,SDPC 319,22035202,Rebecca Streitz,0.3628293879910966,3253.5337431565654,16,0.3628293879910966,3253.5337431565654,16,0.0,0,True,False
2025-04-12,250412.0,SDPC 319,22035203,Jessica Streitz,0.4514250399408503,2977.6847210241285,7,0.4514250399408503,2977.6847210241285,5,0.0,2,True,True
2025-04-12,250412.0,SDPC 319,22048522,CHARESE GAINOR,0.2801113230849276,3534.1039090732797,22,0.2801113230849276,3534.1039090732797,20,0.0,2,True,True
2025-04-12,250412.0,SDPC 319,22065952,Jodie Morse,0.0038943462020189,4658.421948047407,50,0.0038943462020189,4658.421948047407,50,0.0,0,True,False
2025-04-12,250412.0,SDPC 319,22069622,Bailey Baleno,-0.0381987015153731,4858.694598719592,54,-0.0381987015153731,4858.694598719592,54,0.0,0,True,False
2025-04-12,250412.0,SDPC 319,22207268,Sarah Proctor,0.1086463008055524,4195.131970508751,41,0.1086463008055524,4195.131970508751,37,0.0,4,True,True
2025-04-12,250412.0,SDPC 319,22233683,Chris Morrissey,-0.1361379213201367,5358.633617899707,63,-0.1361379213201367,5358.633617899707,63,0.0,0,True,False
2025-04-12,250412.0,SDPC 319,22314271,Jessica Stewart,0.0204521303728748,4581.9238699080015,49,0.0204521303728748,4581.9238699080015,49,0.0,0,True,False
2025-04-12,250412.0,SDPC 319,22386336,Jodi Green,-0.0185648004660104,4764.229859987789,52,-0.0185648004660104,4764.229859987789,52,0.0,0,True,False
2025-04-12,250412.0,SDPC 319,22408132,Jen Lunsford,0.4163742046625543,3083.9057509064933,13,0.4163742046625543,3083.9057509064933,14,0.0,1,True,True
2025-04-12,250412.0,SDPC 319,22423946,Jennifer Sipple,0.478954602145887,2896.828439808509,4,0.478954602145887,2896.828439808509,4,0.0,0,True,False
2025-04-12,250412.0,SDPC 319,22477088,Samantha Saake,0.3164442819625093,3408.004117893027,19,0.3164442819625093,3408.004117893027,26,0.0,7,True,True
2025-04-12,250412.0,SDPC 319,22489256,Alyssa Graham,-0.0709836851594495,5020.626789573493,57,-0.0709836851594495,5020.626789573493,57,0.0,0,True,False
2025-04-12,250412.0,SDPC 319,22549301,Jenevieve Parker,-0.0805052108574939,5068.6591242436125,60,-0.0805052108574939,5068.6591242436125,60,0.0,0,True,False
2025-04-12,250412.0,SDPC 319,22549913,Sabrina Monserate-Lindsay,0.1348949020994106,4086.448261793972,39,0.1348949020994106,4086.448261793972,40,0.0,1,True,True
2025-04-12,250412.0,SDPC 319,22561030,Allie Arendell,0.4240228656501188,3060.4079791009312,10,0.4240228656501188,3060.4079791009312,13,0.0,3,True,True
2025-04-12,250412.0,SDPC 319,22609934,Christine Parsons,0.2640770548219603,3591.227422232261,25,0.2640770548219603,3591.227422232261,24,0.0,1,True,True
2025-04-12,250412.0,SDPC 319,22673646,Gloria Johnston,-0.3592727516039117,6698.233606620775,69,-0.3592727516039117,6698.233606620775,69,0.0,0,True,False
2025-04-12,250412.0,SDPC 319,22691193,Wendy Weigant,-0.0336218611693254,4836.507940377086,53,-0.0336218611693254,4836.507940377086,53,0.0,0,True,False
2025-04-12,250412.0,SDPC 319,22703189,Beatrice Endler,0.5180851951755217,2785.662994336092,1,0.5180851951755217,2785.662994336092,3,0.0,2,True,True
2025-04-12,250412.0,SDPC 319,22703407,Dave Harris,-0.4876689433189641,7615.914282864604,71,-0.4876689433189641,7615.914282864604,71,0.0,0,True,False
2025-04-12,250412.0,SDPC 319,22703414,Heather Harris,-0.3774046546793076,6820.793089723419,70,-0.3774046546793076,6820.793089723419,70,0.0,0,True,False
2025-04-12,250412.0,SDPC 319,22729973,Ashley Tucker,0.1422647802809452,4056.4423417117114,38,0.1422647802809452,4056.4423417117114,39,0.0,1,True,True
2025-04-12,250412.0,SDPC 319,22732244,Amber Whitear,0.2795958064664754,3535.926268057552,23,0.2795958064664754,3535.926268057552,30,0.0,7,True,True
2025-04-12,250412.0,SDPC 319,22757315,Shalise Hassing,0.0606112142409194,4401.56379171449,46,0.0606112142409194,4401.56379171449,46,0.0,0,True,False
2025-04-12,250412.0,SDPC 319,22817937,J.D. Armstrong,-0.1166478388532672,5255.2046008662,61,-0.1166478388532672,5255.2046008662,61,0.0,0,True,False
2025-04-12,250412.0,SDPC 319,22860511,Lydia Utkin,0.2516245846791368,3636.226668892633,27,0.2516245846791368,3636.226668892633,32,0.0,5,True,True
2025-04-12,250412.0,SDPC 319,22874878,Kara Bancroft,-0.2297542875895322,5884.521251820359,66,-0.2297542875895322,5884.521251820359,66,0.0,0,True,False
2025-04-12,250412.0,SDPC 319,23741633,Kim Knaub,0.4627371461224956,2944.19063677148,6,0.4627371461224956,2944.19063677148,7,0.0,1,True,True
2025-04-12,250412.0,SDPC 319,23750128,Jasmine Lambert,0.4469800320864228,2990.950013319912,8,0.4469800320864228,2990.950013319912,6,0.0,2,True,True
2025-04-12,250412.0,SDPC 319,23764632,Annie Hansen,0.0808925291481474,4313.193452812638,43,0.0808925291481474,4313.193452812638,43,0.0,0,True,False
2025-04-18,250418.01,MO2025 - Missouri Speed Puzzling Championship,18282851,Michelle Kaufman,0.0861205950152406,4323.672508867521,5,0.0861205950152406,4323.672508867521,5,0.0,0,True,False
2025-04-18,250418.01,MO2025 - Missouri Speed Puzzling Championship,19958106,Taylor Reed,0.3688439129832625,3258.87433890408,1,0.3688439129832625,3258.87433890408,1,0.0,0,True,False
2025-04-18,250418.01,MO2025 - Missouri Speed Puzzling Championship,21973597,Alisandra Jezek,-0.2433605852642999,6010.971238194042,6,-0.2433605852642999,6010.971238194042,6,0.0,0,True,False
2025-04-18,250418.01,MO2025 - Missouri Speed Puzzling Championship,22704198,Sarah Goodman,0.1783154943993147,3942.87542140205,4,0.1783154943993147,3942.87542140205,4,0.0,0,True,False
2025-04-18,250418.01,MO2025 - Missouri Speed Puzzling Championship,22729973,Ashley Tucker,0.2324569134823453,3735.0785174427792,3,0.2324569134823453,3735.0785174427792,3,0.0,0,True,False
2025-04-18,250418.01,MO2025 - Missouri Speed Puzzling Championship,22842370,Samantha Burton,0.2627564680793989,3623.6046346844896,2,0.2627564680793989,3623.6046346844896,2,0.0,0,True,False
2025-04-18,250418.03,IA2025 - Iowa Speed Puzzling Championship,17731928,Kara Taylor,0.1835261836061102,3996.288295953288,2,0.1835261836061102,3996.288295953288,2,0.0,0,True,False
2025-04-18,250418.03,IA2025 - Iowa Speed Puzzling Championship,21187349,Alison Filley,0.1722749883249461,4041.50521114482,3,0.1722749883249461,4041.50521114482,1,0.0,2,True,True
2025-04-18,250418.03,IA2025 - Iowa Speed Puzzling Championship,22477750,Jessica Norris,0.1943352067863959,3953.3249373976096,1,0.1943352067863959,3953.3249373976096,3,0.0,2,True,True
2025-04-26,250426.0,CO2025 - Colorado Speed Puzzling Championship,17593434,Jonathan Cluff,0.0954512953027531,5143.7974986691,10,0.0954512953027531,5143.7974986691,10,0.0,0,True,False
2025-04-26,250426.0,CO2025 - Colorado Speed Puzzling Championship,17915498,Melynda Owens,0.2566091522064731,4378.18284505756,4,0.2566091522064731,4378.18284505756,6,0.0,2,True,True
2025-04-26,250426.0,CO2025 - Colorado Speed Puzzling Championship,20696150,Tessa Melli,0.144074104750219,4899.674675720075,8,0.144074104750219,4899.674675720075,8,0.0,0,True,False
2025-04-26,250426.0,CO2025 - Colorado Speed Puzzling Championship,20865039,Whitney Presley,0.2047877213464932,4611.048140850197,6,0.2047877213464932,4611.048140850197,5,0.0,1,True,True
2025-04-26,250426.0,CO2025 - Colorado Speed Puzzling Championship,21111122,Deanna OMara,-0.053961092353114,5972.729390737001,13,-0.053961092353114,5972.729390737001,13,0.0,0,True,False
2025-04-26,250426.0,CO2025 - Colorado Speed Puzzling Championship,21566454,Alice Rowe,0.7280655265784447,2732.391924399678,1,0.7280655265784447,2732.391924399678,1,0.0,0,True,False
2025-04-26,250426.0,CO2025 - Colorado Speed Puzzling Championship,21594891,Kinsey Keltz,0.1836041144438613,4709.768709261458,7,0.1836041144438613,4709.768709261458,7,0.0,0,True,False
2025-04-26,250426.0,CO2025 - Colorado Speed Puzzling Championship,21921565,Michael Dickman,-0.0557548472471472,5983.452617857717,14,-0.0557548472471472,5983.452617857717,14,0.0,0,True,False
2025-04-26,250426.0,CO2025 - Colorado Speed Puzzling Championship,22423946,Jennifer Sipple,0.4952998779089663,3448.512701381141,2,0.4952998779089663,3448.512701381141,2,0.0,0,True,False
2025-04-26,250426.0,CO2025 - Colorado Speed Puzzling Championship,22654912,Karen Wells,-0.0137041427031918,5737.06099631465,12,-0.0137041427031918,5737.06099631465,12,0.0,0,True,False
2025-04-26,250426.0,CO2025 - Colorado Speed Puzzling Championship,22676681,Sarah Hauge,0.2573091313811248,4375.119280583956,3,0.2573091313811248,4375.119280583956,3,0.0,0,True,False
2025-04-26,250426.0,CO2025 - Colorado Speed Puzzling Championship,22733821,Tara Mills,-0.3582744220029679,8097.1920165712145,16,-0.3582744220029679,8097.1920165712145,16,0.0,0,True,False
2025-04-26,250426.0,CO2025 - Colorado Speed Puzzling Championship,22819700,Kristin Blair,0.219458969114811,4543.892146799268,5,0.219458969114811,4543.892146799268,4,0.0,1,True,True
2025-04-26,250426.0,CO2025 - Colorado Speed Puzzling Championship,23742686,Jessica Bradley,0.0460265504929123,5404.415823327794,11,0.0460265504929123,5404.415823327794,11,0.0,0,True,False
2025-04-26,250426.0,CO2025 - Colorado Speed Puzzling Championship,23867295,Juliane Cassidy,-0.0969197361140687,6234.9006893030655,15,-0.0969197361140687,6234.9006893030655,15,0.0,0,True,False
2025-04-26,250426.0,CO2025 - Colorado Speed Puzzling Championship,24005736,Monika Koops,0.1369804521848341,4934.554833148423,9,0.1369804521848341,4934.554833148423,9,0.0,0,True,False
2025-05-03,250503.0,SDPC 332,17593434,Jonathan Cluff,0.1080080100122298,4750.031284373437,62,0.1080080100122298,4750.031284373437,62,0.0,0,True,False
2025-05-03,250503.0,SDPC 332,17731921,Kaitlin MacKenzie,0.3831574091043576,3607.4523576880856,18,0.3831574091043576,3607.4523576880856,23,0.0,5,True,True
2025-05-03,250503.0,SDPC 332,17915498,Melynda Owens,0.2570251479306247,4092.4101134284288,32,0.2570251479306247,4092.4101134284288,38,0.0,6,True,True
2025-05-03,250503.0,SDPC 332,18282851,Michelle Kaufman,0.0977503574231764,4799.006209534191,63,0.0977503574231764,4799.006209534191,63,0.0,0,True,False
2025-05-03,250503.0,SDPC 332,18518434,Elizabeth McElveen,0.1321801701449132,4636.589359281363,55,0.1321801701449132,4636.589359281363,56,0.0,1,True,True
2025-05-03,250503.0,SDPC 332,19548766,Lindsay Steenstra,0.1485119672338592,4561.480523274627,49,0.1485119672338592,4561.480523274627,44,0.0,5,True,True
2025-05-03,250503.0,SDPC 332,19573602,Isabel Urrutia,0.0633535344175855,4966.94856041585,65,0.0633535344175855,4966.94856041585,65,0.0,0,True,False
2025-05-03,250503.0,SDPC 332,19958106,Taylor Reed,0.3321308259339836,3796.3056189213567,24,0.3321308259339836,3796.3056189213567,19,0.0,5,True,True
2025-05-03,250503.0,SDPC 332,20321851,Ann Marie Greenleaf,-0.1038917429516243,5871.152531092982,93,-0.1038917429516243,5871.152531092982,93,0.0,0,True,False
2025-05-03,250503.0,SDPC 332,20453946,Sammy Brownlow,0.4234342175176202,3465.042841737894,12,0.4234342175176202,3465.042841737894,17,0.0,5,True,True
2025-05-03,250503.0,SDPC 332,20527721,Alexx Cisotto,0.2326863581601193,4193.236441014386,34,0.2326863581601193,4193.236441014386,28,0.0,6,True,True
2025-05-03,250503.0,SDPC 332,20531734,Norah Molina,0.0477366714520158,5045.125566382871,68,0.0477366714520158,5045.125566382871,68,0.0,0,True,False
2025-05-03,250503.0,SDPC 332,20563304,Jessica Derby,0.3559714495824562,3706.869665913248,21,0.3559714495824562,3706.869665913248,18,0.0,3,True,True
2025-05-03,250503.0,SDPC 332,20720301,Melissa Martin,0.0276248944470009,5147.61921672982,70,0.0276248944470009,5147.61921672982,70,0.0,0,True,False
2025-05-03,250503.0,SDPC 332,20736847,Stephanie Vargas,-0.2996315009863891,7140.556505117307,107,-0.2996315009863891,7140.556505117307,107,0.0,0,True,False
2025-05-03,250503.0,SDPC 332,20739624,Mari Black,0.5929043286260105,2924.8841866579232,3,0.5929043286260105,2924.8841866579232,3,0.0,0,True,False
2025-05-03,250503.0,SDPC 332,20755407,Carrie Campbell,0.0407976478814346,5080.255554553412,69,0.0407976478814346,5080.255554553412,69,0.0,0,True,False
2025-05-03,250503.0,SDPC 332,20814175,Carolyn Canterman,0.183934967253377,4402.7275516436985,45,0.183934967253377,4402.7275516436985,50,0.0,5,True,True
2025-05-03,250503.0,SDPC 332,20860009,Andrea Heistand,0.5089738689020059,3180.967339415453,5,0.5089738689020059,3180.967339415453,5,0.0,0,True,False
2025-05-03,250503.0,SDPC 332,20866417,Felisa Lewis,0.0523897362066442,5021.70480185117,67,0.0523897362066442,5021.70480185117,67,0.0,0,True,False
2025-05-03,250503.0,SDPC 332,21111122,Deanna OMara,-0.0541393897445863,5586.196275616405,82,-0.0541393897445863,5586.196275616405,82,0.0,0,True,False
2025-05-03,250503.0,SDPC 332,21113122,Jeremy Seidling,0.2630641562627158,4067.770488986852,31,0.2630641562627158,4067.770488986852,29,0.0,2,True,True
2025-05-03,250503.0,SDPC 332,21169710,Rachel Shields,-0.142522172359724,6102.395424158164,96,-0.142522172359724,6102.395424158164,96,0.0,0,True,False
2025-05-03,250503.0,SDPC 332,21173211,Natalie Hinkley,-0.1722962846784205,6286.820757032036,100,-0.1722962846784205,6286.820757032036,100,0.0,0,True,False
2025-05-03,250503.0,SDPC 332,21198876,Angie Gazdic,0.2801044574309865,3999.0416974916766,29,0.2801044574309865,3999.0416974916766,24,0.0,5,True,True
2025-05-03,250503.0,SDPC 332,21394027,Elizabeth Tashiro,0.2188114792786046,4251.822586716611,37,0.2188114792786046,4251.822586716611,30,0.0,7,True,True
2025-05-03,250503.0,SDPC 332,21412436,Iryna Shvydchenko,0.529420153088516,3116.588771231683,4,0.529420153088516,3116.588771231683,2,0.0,2,True,True
2025-05-03,250503.0,SDPC 332,21428556,Caryn Knill,0.4917681672762003,3236.171667067466,6,0.4917681672762003,3236.171667067466,6,0.0,0,True,False
2025-05-03,250503.0,SDPC 332,21553962,Michelle Parsons,-0.0429985760092661,5524.306892594535,79,-0.0429985760092661,5524.306892594535,79,0.0,0,True,False
2025-05-03,250503.0,SDPC 332,21594891,Kinsey Keltz,0.1660037521328128,4482.385857239989,46,0.1660037521328128,4482.385857239989,40,0.0,6,True,True
2025-05-03,250503.0,SDPC 332,21606421,Robin Patrick,0.0192751889495186,5190.780261452218,71,0.0192751889495186,5190.780261452218,71,0.0,0,True,False
2025-05-03,250503.0,SDPC 332,21617866,Margaret Long,0.4188845290373345,3480.843624301949,14,0.4188845290373345,3480.843624301949,14,0.0,0,True,False
2025-05-03,250503.0,SDPC 332,21654699,Kelsi Cook,0.3782697971322597,3625.127344071725,19,0.3782697971322597,3625.127344071725,25,0.0,6,True,True
2025-05-03,250503.0,SDPC 332,21856865,Aloysia Larson,0.393189204861525,3571.444048414105,17,0.393189204861525,3571.444048414105,10,0.0,7,True,True
2025-05-03,250503.0,SDPC 332,21858254,Kara Bingham,0.2284109523585551,4211.202607380492,35,0.2284109523585551,4211.202607380492,32,0.0,3,True,True
2025-05-03,250503.0,SDPC 332,21861742,Rachel DiDonna,-0.0975408990181306,5833.9839086459,92,-0.0975408990181306,5833.9839086459,92,0.0,0,True,False
2025-05-03,250503.0,SDPC 332,21886298,Ieva Veya,-0.0640380847672416,5641.766913531099,86,-0.0640380847672416,5641.766913531099,86,0.0,0,True,False
2025-05-03,250503.0,SDPC 332,21892775,Andrea Reynolds,0.3420231925684245,3758.936312067565,23,0.3420231925684245,3758.936312067565,21,0.0,2,True,True
2025-05-03,250503.0,SDPC 332,21896723,Tricia Marotz,-0.1474816440473186,6132.735254067085,98,-0.1474816440473186,6132.735254067085,98,0.0,0,True,False
2025-05-03,250503.0,SDPC 332,21900482,Hiromi Kimura,0.1306502070703839,4643.688599195467,56,0.1306502070703839,4643.688599195467,57,0.0,1,True,True
2025-05-03,250503.0,SDPC 332,21916237,Katie Greenfield,-0.4305535425780279,8139.36979942264,111,-0.4305535425780279,8139.36979942264,111,0.0,0,True,False
2025-05-03,250503.0,SDPC 332,21922205,Maria Seitz,0.1526879629982869,4542.471518316735,47,0.1526879629982869,4542.471518316735,35,0.0,12,True,True
2025-05-03,250503.0,SDPC 332,21922408,KaSaundra Olsen,-0.2036903674882047,6487.320514229298,104,-0.2036903674882047,6487.320514229298,104,0.0,0,True,False
2025-05-03,250503.0,SDPC 332,21924024,Jasper Lee,0.4883582552059754,3247.225563593149,7,0.4883582552059754,3247.225563593149,12,0.0,5,True,True
2025-05-03,250503.0,SDPC 332,21924776,Nicholas Mueller,0.2903715870630389,3958.1930758602593,25,0.2903715870630389,3958.1930758602593,22,0.0,3,True,True
2025-05-03,250503.0,SDPC 332,21925075,Diana Jaffe,0.4041029662970969,3532.678086105771,15,0.4041029662970969,3532.678086105771,13,0.0,2,True,True
2025-05-03,250503.0,SDPC 332,21925090,Emma Pan,0.5952872211844255,2917.922799308366,2,0.5952872211844255,2917.922799308366,1,0.0,1,True,True
2025-05-03,250503.0,SDPC 332,21925467,Ameenah Saafir,-0.0627872218335252,5634.714248296643,85,-0.0627872218335252,5634.714248296643,85,0.0,0,True,False
2025-05-03,250503.0,SDPC 332,21926468,Meredith Yeager,0.1926833563954146,4364.3787673623965,43,0.1926833563954146,4364.3787673623965,41,0.0,2,True,True
2025-05-03,250503.0,SDPC 332,21926827,Emily Boudreaux,0.1987640433620093,4337.920868896404,41,0.1987640433620093,4337.920868896404,47,0.0,6,True,True
2025-05-03,250503.0,SDPC 332,21927536,Skye Vandeleest,0.3943318681168273,3567.365421224105,16,0.3943318681168273,3567.365421224105,9,0.0,7,True,True
2025-05-03,250503.0,SDPC 332,21927541,Chloe Glikbarg,0.430140154109885,3441.8842210587027,11,0.430140154109885,3441.8842210587027,11,0.0,0,True,False
2025-05-03,250503.0,SDPC 332,21939662,Scott Eng,0.2685611623960975,4045.471275268384,30,0.2685611623960975,4045.471275268384,34,0.0,4,True,True
2025-05-03,250503.0,SDPC 332,21964658,Cosmo Smith,0.3766958431657476,3630.837620311157,20,0.3766958431657476,3630.837620311157,20,0.0,0,True,False
2025-05-03,250503.0,SDPC 332,21968495,Jennifer Morrow,0.1266193046939394,4662.444631076238,57,0.1266193046939394,4662.444631076238,58,0.0,1,True,True
2025-05-03,250503.0,SDPC 332,21968784,Cindy Grimley-Beason,-0.3190015085135007,7280.217387874027,108,-0.3190015085135007,7280.217387874027,108,0.0,0,True,False
2025-05-03,250503.0,SDPC 332,21978123,Tiffany Jiamachello,0.1216620730649053,4685.614831646615,59,0.1216620730649053,4685.614831646615,60,0.0,1,True,True
2025-05-03,250503.0,SDPC 332,21979616,Jennifer McCarthy,0.0627525178193513,4969.934676205921,66,0.0627525178193513,4969.934676205921,66,0.0,0,True,False
2025-05-03,250503.0,SDPC 332,22048522,CHARESE GAINOR,0.2897027992492232,3960.841152556132,26,0.2897027992492232,3960.841152556132,26,0.0,0,True,False
2025-05-03,250503.0,SDPC 332,22060891,Kirsty Weitzel,0.2235513540947979,4231.717166144606,36,0.2235513540947979,4231.717166144606,37,0.0,1,True,True
2025-05-03,250503.0,SDPC 332,22065952,Jodie Morse,0.009488513244286,5241.830141379681,72,0.009488513244286,5241.830141379681,72,0.0,0,True,False
2025-05-03,250503.0,SDPC 332,22207268,Sarah Proctor,0.1145255467486122,4719.173448749454,60,0.1145255467486122,4719.173448749454,43,0.0,17,True,True
2025-05-03,250503.0,SDPC 332,22233683,Chris Morrissey,-0.197126670351224,6444.87914565996,101,-0.197126670351224,6444.87914565996,101,0.0,0,True,False
2025-05-03,250503.0,SDPC 332,22251076,Jessica Henderson,0.1423459153782362,4589.693741413295,54,0.1423459153782362,4589.693741413295,42,0.0,12,True,True
2025-05-03,250503.0,SDPC 332,22408132,Jen Lunsford,0.4225557869745938,3468.0879784777217,13,0.4225557869745938,3468.0879784777217,16,0.0,3,True,True
2025-05-03,250503.0,SDPC 332,22477087,Toni MacReynolds,0.1478714761956993,4564.403046495575,50,0.1478714761956993,4564.403046495575,52,0.0,2,True,True
2025-05-03,250503.0,SDPC 332,22489256,Alyssa Graham,-0.0405124018132736,5510.5895622494345,78,-0.0405124018132736,5510.5895622494345,78,0.0,0,True,False
2025-05-03,250503.0,SDPC 332,22490366,Alicia Gould,-0.1461699600441783,6124.696316764148,97,-0.1461699600441783,6124.696316764148,97,0.0,0,True,False
2025-05-03,250503.0,SDPC 332,22549301,Jenevieve Parker,-0.0763687565645019,5711.764360574262,87,-0.0763687565645019,5711.764360574262,87,0.0,0,True,False
2025-05-03,250503.0,SDPC 332,22549913,Sabrina Monserate-Lindsay,0.2449201782865472,4142.2496581283385,33,0.2449201782865472,4142.2496581283385,39,0.0,6,True,True
2025-05-03,250503.0,SDPC 332,22561030,Allie Arendell,0.4410705963812562,3404.467766002172,10,0.4410705963812562,3404.467766002172,15,0.0,5,True,True
2025-05-03,250503.0,SDPC 332,22608003,Rushing Smith III,0.1253620601537001,4668.310150556381,58,0.1253620601537001,4668.310150556381,59,0.0,1,True,True
2025-05-03,250503.0,SDPC 332,22629662,Kate Amey,-0.3740745779722649,7692.407413466999,110,-0.3740745779722649,7692.407413466999,110,0.0,0,True,False
2025-05-03,250503.0,SDPC 332,22673646,Gloria Johnston,-0.4313046781715492,8145.485866498097,112,-0.4313046781715492,8145.485866498097,112,0.0,0,True,False
2025-05-03,250503.0,SDPC 332,22682522,Marjorie No Last Name,-0.096753391739121,5829.391412401664,91,-0.096753391739121,5829.391412401664,91,0.0,0,True,False
2025-05-03,250503.0,SDPC 332,22684893,Ellen Leader,-0.1985262252876821,6453.905422995294,102,-0.1985262252876821,6453.905422995294,102,0.0,0,True,False
2025-05-03,250503.0,SDPC 332,22691193,Wendy Weigant,-0.0087502540619031,5338.311840658652,74,-0.0087502540619031,5338.311840658652,74,0.0,0,True,False
2025-05-03,250503.0,SDPC 332,22700663,Carter Lennon,0.1437543328374385,4583.234086628587,53,0.1437543328374385,4583.234086628587,55,0.0,2,True,True
2025-05-03,250503.0,SDPC 332,22703189,Beatrice Endler,0.4599574800962535,3340.771385698122,9,0.4599574800962535,3340.771385698122,7,0.0,2,True,True
2025-05-03,250503.0,SDPC 332,22704976,Daniela Spano,-0.0350586764954494,5480.618122723903,77,-0.0350586764954494,5480.618122723903,77,0.0,0,True,False
2025-05-03,250503.0,SDPC 332,22713270,Christina Harwell,0.2893179406493087,3962.36580970648,27,0.2893179406493087,3962.36580970648,31,0.0,4,True,True
2025-05-03,250503.0,SDPC 332,22722527,June Huber,-0.0448261818186176,5534.412379574623,80,-0.0448261818186176,5534.412379574623,80,0.0,0,True,False
2025-05-03,250503.0,SDPC 332,22729973,Ashley Tucker,0.2115995660101415,4282.597200982851,39,0.2115995660101415,4282.597200982851,45,0.0,6,True,True
2025-05-03,250503.0,SDPC 332,22732244,Amber Whitear,0.289099317875994,3963.232167808038,28,0.289099317875994,3963.232167808038,33,0.0,5,True,True
2025-05-03,250503.0,SDPC 332,22733821,Tara Mills,-0.3464107461579675,7482.522444796735,109,-0.3464107461579675,7482.522444796735,109,0.0,0,True,False
2025-05-03,250503.0,SDPC 332,22797552,Melissa McCarthy,0.0045859691951122,5267.591541146859,73,0.0045859691951122,5267.591541146859,73,0.0,0,True,False
2025-05-03,250503.0,SDPC 332,22814742,Grayson Shannon,0.6501283346241165,2762.209435512226,1,0.6501283346241165,2762.209435512226,4,0.0,3,True,True
2025-05-03,250503.0,SDPC 332,22816351,Michelle Malcom,-0.1282823619310939,6016.114241943928,95,-0.1282823619310939,6016.114241943928,95,0.0,0,True,False
2025-05-03,250503.0,SDPC 332,22817937,J.D. Armstrong,-0.0190530502804752,5393.595679748556,75,-0.0190530502804752,5393.595679748556,75,0.0,0,True,False
2025-05-03,250503.0,SDPC 332,22818396,Nicole Dominguez,-0.2607699272415609,6868.385981644405,105,-0.2607699272415609,6868.385981644405,105,0.0,0,True,False
2025-05-03,250503.0,SDPC 332,22829038,Mary Hansen,-0.0219227286386708,5409.095794077893,76,-0.0219227286386708,5409.095794077893,76,0.0,0,True,False
2025-05-03,250503.0,SDPC 332,22838801,Bonnie Smith,0.1144209787135083,4719.6669492460505,61,0.1144209787135083,4719.6669492460505,61,0.0,0,True,False
2025-05-03,250503.0,SDPC 332,22858066,Olga Brezo Fernandez,-0.0624820475776898,5632.99494092659,84,-0.0624820475776898,5632.99494092659,84,0.0,0,True,False
2025-05-03,250503.0,SDPC 332,22860511,Lydia Utkin,0.213057237217371,4276.359129983619,38,0.213057237217371,4276.359129983619,36,0.0,2,True,True
2025-05-03,250503.0,SDPC 332,22874878,Kara Bancroft,-0.200690284085601,6467.887177019207,103,-0.200690284085601,6467.887177019207,103,0.0,0,True,False
2025-05-03,250503.0,SDPC 332,23746602,Amanda Collman,-0.27761174327751,6985.041664179306,106,-0.27761174327751,6985.041664179306,106,0.0,0,True,False
2025-05-03,250503.0,SDPC 332,23749445,Michaela Yaman,-0.0865457351676978,5770.189656489059,88,-0.0865457351676978,5770.189656489059,88,0.0,0,True,False
2025-05-03,250503.0,SDPC 332,23749556,Audrey Nelson,0.1508025190833706,4551.044172689563,48,0.1508025190833706,4551.044172689563,51,0.0,3,True,True
2025-05-03,250503.0,SDPC 332,23750128,Jasmine Lambert,0.4816129245366611,3269.2032137051883,8,0.4816129245366611,3269.2032137051883,8,0.0,0,True,False
2025-05-03,250503.0,SDPC 332,23751210,Megan Royden,-0.1529267795866218,6166.219910264308,99,-0.1529267795866218,6166.219910264308,99,0.0,0,True,False
2025-05-03,250503.0,SDPC 332,23764458,Megan Banks,0.1917814157661275,4368.316953632405,44,0.1917814157661275,4368.316953632405,49,0.0,5,True,True
2025-05-03,250503.0,SDPC 332,23764496,Marie Mogni,-0.1195753502370746,5963.95925144053,94,-0.1195753502370746,5963.95925144053,94,0.0,0,True,False
2025-05-03,250503.0,SDPC 332,23764632,Annie Hansen,0.0650357199681598,4958.600254985087,64,0.0650357199681598,4958.600254985087,64,0.0,0,True,False
2025-05-03,250503.0,SDPC 332,23848490,Ryder Jackson,0.2041556228398818,4314.595560394189,40,0.2041556228398818,4314.595560394189,46,0.0,6,True,True
2025-05-03,250503.0,SDPC 332,23855343,Elizabeth Winters,0.1461707086228243,4572.17264045045,52,0.1461707086228243,4572.17264045045,54,0.0,2,True,True
2025-05-03,250503.0,SDPC 332,23887819,Chris Viox,0.3505537530803754,3727.006860084548,22,0.3505537530803754,3727.006860084548,27,0.0,5,True,True
2025-05-03,250503.0,SDPC 332,23973497,Erin Manthey,-0.0885632887813468,5781.843075227527,89,-0.0885632887813468,5781.843075227527,89,0.0,0,True,False
2025-05-03,250503.0,SDPC 332,23987651,Jill Gregerson,-0.0513358557287956,5570.557117038752,81,-0.0513358557287956,5570.557117038752,81,0.0,0,True,False
2025-05-03,250503.0,SDPC 332,24004029,Sara Feyereisen,0.1468308872328403,4569.155186010958,51,0.1468308872328403,4569.155186010958,53,0.0,2,True,True
2025-05-03,250503.0,SDPC 332,24005690,Hannah Bevis,-0.0617895807145838,5629.095628817973,83,-0.0617895807145838,5629.095628817973,83,0.0,0,True,False
2025-05-03,250503.0,SDPC 332,24098367,Stephanie Klenzing,-0.0952548586815128,5820.662418640783,90,-0.0952548586815128,5820.662418640783,90,0.0,0,True,False
2025-05-03,250503.0,SDPC 332,24174014,Danielle Rumph,0.1959642602594343,4350.083124339316,42,0.1959642602594343,4350.083124339316,48,0.0,6,True,True
2025-05-09,250509.01,NH2025 - New Hampshire Speed Puzzling Championship,21927072,Katie Graham,-0.3147730722359221,7655.653499868918,4,-0.3147730722359221,7655.653499868918,4,0.0,0,True,False
2025-05-09,250509.01,NH2025 - New Hampshire Speed Puzzling Championship,22207268,Sarah Proctor,0.1323233507702138,4895.654483222394,1,0.1323233507702138,4895.654483222394,1,0.0,0,True,False
2025-05-09,250509.01,NH2025 - New Hampshire Speed Puzzling Championship,22829038,Mary Hansen,-0.0452023001330771,5846.677916306507,3,-0.0452023001330771,5846.677916306507,3,0.0,0,True,False
2025-05-09,250509.01,NH2025 - New Hampshire Speed Puzzling Championship,23764632,Annie Hansen,0.014315888851952,5508.847484951414,2,0.014315888851952,5508.847484951414,2,0.0,0,True,False
2025-05-09,250509.02,SC2025 - South Carolina Speed Puzzling Championship,18518434,Elizabeth McElveen,0.2495553662880792,5166.965796258657,1,0.2495553662880792,5166.965796258657,1,0.0,0,True,False
2025-05-09,250509.02,SC2025 - South Carolina Speed Puzzling Championship,22325363,Marianne Bruno,-0.4949670209096484,10878.713792396957,3,-0.4949670209096484,10878.713792396957,3,0.0,0,True,False
2025-05-09,250509.02,SC2025 - South Carolina Speed Puzzling Championship,23767835,John Vullo,0.0647166994561256,6215.985600017716,2,0.0647166994561256,6215.985600017716,2,0.0,0,True,False
2025-05-09,250509.03,KS2025 - Kansas Speed Puzzling Championship,22250420,Julie Headlee,-0.5669520113886645,8968.930116305475,1,-0.5669520113886645,8968.930116305475,1,0.0,0,True,False
2025-05-24,250524.0,VA2025 - Virginia Speed Puzzling Championship,17593434,Jonathan Cluff,0.1037395663107282,4967.568118195732,25,0.1037395663107282,4967.568118195732,25,0.0,0,True,False
2025-05-24,250524.0,VA2025 - Virginia Speed Puzzling Championship,17915498,Melynda Owens,0.2565907376667218,4263.452323959299,12,0.2565907376667218,4263.452323959299,19,0.0,7,True,True
2025-05-24,250524.0,VA2025 - Virginia Speed Puzzling Championship,20729491,Simmie Berman,0.5052684375203381,3324.773451543422,1,0.5052684375203381,3324.773451543422,1,0.0,0,True,False
2025-05-24,250524.0,VA2025 - Virginia Speed Puzzling Championship,20850953,Aimee Seligstein,0.3034779432856982,4068.1649727891686,7,0.3034779432856982,4068.1649727891686,13,0.0,6,True,True
2025-05-24,250524.0,VA2025 - Virginia Speed Puzzling Championship,21141700,Chelsea Jacobs,-0.3410932711433939,7750.5456363408575,43,-0.3410932711433939,7750.5456363408575,43,0.0,0,True,False
2025-05-24,250524.0,VA2025 - Virginia Speed Puzzling Championship,21181439,Chelsea Widmaier,0.2292941755010362,4381.432820806574,18,0.2292941755010362,4381.432820806574,12,0.0,6,True,True
2025-05-24,250524.0,VA2025 - Virginia Speed Puzzling Championship,21414212,Kelley Vallecillo,0.2884998703520923,4129.556862830078,11,0.2884998703520923,4129.556862830078,10,0.0,1,True,True
2025-05-24,250524.0,VA2025 - Virginia Speed Puzzling Championship,21551407,Carolyn Papke,0.1662482900643093,4666.557670572066,23,0.1662482900643093,4666.557670572066,23,0.0,0,True,False
2025-05-24,250524.0,VA2025 - Virginia Speed Puzzling Championship,21583590,Lindsay Wang,0.3680690984433143,3813.703926138229,5,0.3680690984433143,3813.703926138229,6,0.0,1,True,True
2025-05-24,250524.0,VA2025 - Virginia Speed Puzzling Championship,21594891,Kinsey Keltz,0.1609366042038018,4691.410906825803,24,0.1609366042038018,4691.410906825803,21,0.0,3,True,True
2025-05-24,250524.0,VA2025 - Virginia Speed Puzzling Championship,21832826,Krystal Cotriss,-0.0293990370683424,5674.991193164937,31,-0.0293990370683424,5674.991193164937,31,0.0,0,True,False
2025-05-24,250524.0,VA2025 - Virginia Speed Puzzling Championship,21848873,Eric Goulet,0.4025165085475216,3684.5686600455,4,0.4025165085475216,3684.5686600455,4,0.0,0,True,False
2025-05-24,250524.0,VA2025 - Virginia Speed Puzzling Championship,21861742,Rachel DiDonna,-0.162921562916139,6485.646713723642,37,-0.162921562916139,6485.646713723642,37,0.0,0,True,False
2025-05-24,250524.0,VA2025 - Virginia Speed Puzzling Championship,21906515,Elizabeth Sondag,0.048010048655378,5252.267697778912,27,0.048010048655378,5252.267697778912,27,0.0,0,True,False
2025-05-24,250524.0,VA2025 - Virginia Speed Puzzling Championship,21933468,Laurie Marcey,0.2052524735000976,4488.046373452013,19,0.2052524735000976,4488.046373452013,15,0.0,4,True,True
2025-05-24,250524.0,VA2025 - Virginia Speed Puzzling Championship,22060891,Kirsty Weitzel,0.2429748970166856,4321.899814311201,14,0.2429748970166856,4321.899814311201,17,0.0,3,True,True
2025-05-24,250524.0,VA2025 - Virginia Speed Puzzling Championship,22333204,Soon Kim,-0.1316518683212873,6285.9805409541295,35,-0.1316518683212873,6285.9805409541295,35,0.0,0,True,False
2025-05-24,250524.0,VA2025 - Virginia Speed Puzzling Championship,22389912,Tazia Statucki,0.1742170441507816,4629.518792919169,22,0.1742170441507816,4629.518792919169,22,0.0,0,True,False
2025-05-24,250524.0,VA2025 - Virginia Speed Puzzling Championship,22408132,Jen Lunsford,0.4112848466317179,3652.4023449910974,3,0.4112848466317179,3652.4023449910974,5,0.0,2,True,True
2025-05-24,250524.0,VA2025 - Virginia Speed Puzzling Championship,22477087,Toni MacReynolds,0.1830232919046487,4588.929087260316,21,0.1830232919046487,4588.929087260316,24,0.0,3,True,True
2025-05-24,250524.0,VA2025 - Virginia Speed Puzzling Championship,22477088,Samantha Saake,0.3154974731668542,4019.560230568531,6,0.3154974731668542,4019.560230568531,14,0.0,8,True,True
2025-05-24,250524.0,VA2025 - Virginia Speed Puzzling Championship,22488537,Shannon Anderson,-0.1793065498985305,6592.789318777376,38,-0.1793065498985305,6592.789318777376,38,0.0,0,True,False
2025-05-24,250524.0,VA2025 - Virginia Speed Puzzling Championship,22549913,Sabrina Monserate-Lindsay,0.2393667282234267,4337.522125367656,16,0.2393667282234267,4337.522125367656,20,0.0,4,True,True
2025-05-24,250524.0,VA2025 - Virginia Speed Puzzling Championship,22651572,Jeanette Ward,-0.5099945292941491,9176.67100943758,47,-0.5099945292941491,9176.67100943758,47,0.0,0,True,False
2025-05-24,250524.0,VA2025 - Virginia Speed Puzzling Championship,22691193,Wendy Weigant,0.0398156231571797,5295.483838020679,29,0.0398156231571797,5295.483838020679,29,0.0,0,True,False
2025-05-24,250524.0,VA2025 - Virginia Speed Puzzling Championship,22732942,Melissa Ryburn,-0.1500298380458531,6402.572178267241,36,-0.1500298380458531,6402.572178267241,36,0.0,0,True,False
2025-05-24,250524.0,VA2025 - Virginia Speed Puzzling Championship,22816351,Michelle Malcom,-0.0399092176804871,5734.950917395269,32,-0.0399092176804871,5734.950917395269,32,0.0,0,True,False
2025-05-24,250524.0,VA2025 - Virginia Speed Puzzling Championship,22816373,Aurali Dade,-0.0935867875438891,6051.200983287395,34,-0.0935867875438891,6051.200983287395,34,0.0,0,True,False
2025-05-24,250524.0,VA2025 - Virginia Speed Puzzling Championship,22818396,Nicole Dominguez,-0.1995181011150645,6727.395535712408,39,-0.1995181011150645,6727.395535712408,39,0.0,0,True,False
2025-05-24,250524.0,VA2025 - Virginia Speed Puzzling Championship,22820661,Joe Feehan,-0.0120511728754395,5577.391239718942,30,-0.0120511728754395,5577.391239718942,30,0.0,0,True,False
2025-05-24,250524.0,VA2025 - Virginia Speed Puzzling Championship,22861870,Jenna Wyly,0.2986967201472946,4087.662350802713,9,0.2986967201472946,4087.662350802713,3,0.0,6,True,True
2025-05-24,250524.0,VA2025 - Virginia Speed Puzzling Championship,22862138,Michelle Bone,0.2998025935911381,4083.14441215618,8,0.2998025935911381,4083.14441215618,9,0.0,1,True,True
2025-05-24,250524.0,VA2025 - Virginia Speed Puzzling Championship,22871046,Austin Hope,-0.2233561730259635,6889.690387120784,40,-0.2233561730259635,6889.690387120784,40,0.0,0,True,False
2025-05-24,250524.0,VA2025 - Virginia Speed Puzzling Championship,23740970,Rebecca Widmayer,0.1938692949979819,4539.426486139393,20,0.1938692949979819,4539.426486139393,18,0.0,2,True,True
2025-05-24,250524.0,VA2025 - Virginia Speed Puzzling Championship,23741580,Lindsay Cooper,0.0607193251654637,5185.937572089665,26,0.0607193251654637,5185.937572089665,26,0.0,0,True,False
2025-05-24,250524.0,VA2025 - Virginia Speed Puzzling Championship,23741751,Andrew Dunkman,-0.2780820535372927,7277.242609073079,42,-0.2780820535372927,7277.242609073079,42,0.0,0,True,False
2025-05-24,250524.0,VA2025 - Virginia Speed Puzzling Championship,23742161,Laresa Meadows,-0.4078631033328567,8285.716077702862,45,-0.4078631033328567,8285.716077702862,45,0.0,0,True,False
2025-05-24,250524.0,VA2025 - Virginia Speed Puzzling Championship,23750128,Jasmine Lambert,0.4826550516076362,3400.8143676031023,2,0.4826550516076362,3400.8143676031023,2,0.0,0,True,False
2025-05-24,250524.0,VA2025 - Virginia Speed Puzzling Championship,23751210,Megan Royden,-0.05953553548882,5848.618677871867,33,-0.05953553548882,5848.618677871867,33,0.0,0,True,False
2025-05-24,250524.0,VA2025 - Virginia Speed Puzzling Championship,23763793,Michael Ha,0.2503536312031067,4290.127030023408,13,0.2503536312031067,4290.127030023408,11,0.0,2,True,True
2025-05-24,250524.0,VA2025 - Virginia Speed Puzzling Championship,23764537,Soren Hansen,0.0444430031080624,5271.036230087779,28,0.0444430031080624,5271.036230087779,28,0.0,0,True,False
2025-05-24,250524.0,VA2025 - Virginia Speed Puzzling Championship,23786576,Dawn-Marie Bey,-0.3707316994011447,7983.69769016388,44,-0.3707316994011447,7983.69769016388,44,0.0,0,True,False
2025-05-24,250524.0,VA2025 - Virginia Speed Puzzling Championship,23839280,Amanda McDermott,-0.4620079110869877,8746.71223789763,46,-0.4620079110869877,8746.71223789763,46,0.0,0,True,False
2025-05-24,250524.0,VA2025 - Virginia Speed Puzzling Championship,24138695,Nathalia Garcia,-0.2693718115864478,7214.131321517018,41,-0.2693718115864478,7214.131321517018,41,0.0,0,True,False
2025-05-24,250524.0,VA2025 - Virginia Speed Puzzling Championship,24184814,Alexandra Michonski,0.2396145492814777,4336.447329229283,15,0.2396145492814777,4336.447329229283,8,0.0,7,True,True
2025-05-24,250524.0,VA2025 - Virginia Speed Puzzling Championship,24719281,Caitlyn McMahan,0.2971081055904745,4094.1612314580007,10,0.2971081055904745,4094.1612314580007,7,0.0,3,True,True
2025-05-24,250524.0,VA2025 - Virginia Speed Puzzling Championship,24728793,Jamie Marsigit,0.2381431883367664,4342.83250476533,17,0.2381431883367664,4342.83250476533,16,0.0,1,True,True
2025-06-13,250613.03,OK2025 - Oklahoma Speed Puzzling Championship,24123556,Caleigh Shaw,-0.1692693834248476,6458.546310494857,1,-0.1692693834248476,6458.546310494857,1,0.0,0,True,False
2025-06-20,250620.0,OH2025 - Ohio Speed Puzzling Championship,17731877,Josh Trauger,0.3769113757063375,3979.041801827386,6,0.3769113757063375,3979.041801827386,9,0.0,3,True,True
2025-06-20,250620.0,OH2025 - Ohio Speed Puzzling Championship,17915498,Melynda Owens,0.2577927713210661,4482.404590505499,13,0.2577927713210661,4482.404590505499,14,0.0,1,True,True
2025-06-20,250620.0,OH2025 - Ohio Speed Puzzling Championship,18624739,Katherine Dilks,0.4537116846828017,3684.8901974178416,3,0.4537116846828017,3684.8901974178416,3,0.0,0,True,False
2025-06-20,250620.0,OH2025 - Ohio Speed Puzzling Championship,19573602,Isabel Urrutia,0.1094581739465022,5199.145258757536,21,0.1094581739465022,5199.145258757536,21,0.0,0,True,False
2025-06-20,250620.0,OH2025 - Ohio Speed Puzzling Championship,19892655,Linda Hirschfeld,0.0945066736539508,5277.464315317296,23,0.0945066736539508,5277.464315317296,23,0.0,0,True,False
2025-06-20,250620.0,OH2025 - Ohio Speed Puzzling Championship,19958106,Taylor Reed,0.3426347605018904,4117.794284682261,8,0.3426347605018904,4117.794284682261,5,0.0,3,True,True
2025-06-20,250620.0,OH2025 - Ohio Speed Puzzling Championship,20539458,Kyle Kossin,0.5295489445978551,3415.7717921204976,2,0.5295489445978551,3415.7717921204976,2,0.0,0,True,False
2025-06-20,250620.0,OH2025 - Ohio Speed Puzzling Championship,20568290,John Walczak,-0.2462639776690955,7420.277017493102,35,-0.2462639776690955,7420.277017493102,35,0.0,0,True,False
2025-06-20,250620.0,OH2025 - Ohio Speed Puzzling Championship,20737327,Amy Paull,0.3551825910867622,4066.447717328501,7,0.3551825910867622,4066.447717328501,7,0.0,0,True,False
2025-06-20,250620.0,OH2025 - Ohio Speed Puzzling Championship,20862341,Sara Mainwaring,-0.247321859169984,7428.13094481114,37,-0.247321859169984,7428.13094481114,37,0.0,0,True,False
2025-06-20,250620.0,OH2025 - Ohio Speed Puzzling Championship,21173211,Natalie Hinkley,-0.1942403482594236,7044.116722390705,33,-0.1942403482594236,7044.116722390705,33,0.0,0,True,False
2025-06-20,250620.0,OH2025 - Ohio Speed Puzzling Championship,21552281,Rita Loeffler,0.2356677515512009,4582.683122303275,14,0.2356677515512009,4582.683122303275,12,0.0,2,True,True
2025-06-20,250620.0,OH2025 - Ohio Speed Puzzling Championship,21553962,Michelle Parsons,-0.0422005495236303,6050.572902761895,27,-0.0422005495236303,6050.572902761895,27,0.0,0,True,False
2025-06-20,250620.0,OH2025 - Ohio Speed Puzzling Championship,21554245,Betha Maust,-0.0476245813560708,6083.480568224568,28,-0.0476245813560708,6083.480568224568,28,0.0,0,True,False
2025-06-20,250620.0,OH2025 - Ohio Speed Puzzling Championship,21594891,Kinsey Keltz,0.1684180711858821,4901.46598763766,17,0.1684180711858821,4901.46598763766,16,0.0,1,True,True
2025-06-20,250620.0,OH2025 - Ohio Speed Puzzling Championship,21903766,Bridget Flatley,0.0017070832753665,5790.65452612643,26,0.0017070832753665,5790.65452612643,26,0.0,0,True,False
2025-06-20,250620.0,OH2025 - Ohio Speed Puzzling Championship,21924776,Nicholas Mueller,0.3205863605606287,4209.593352384807,11,0.3205863605606287,4209.593352384807,10,0.0,1,True,True
2025-06-20,250620.0,OH2025 - Ohio Speed Puzzling Championship,21925467,Ameenah Saafir,-0.0543043275659268,6124.252696627088,29,-0.0543043275659268,6124.252696627088,29,0.0,0,True,False
2025-06-20,250620.0,OH2025 - Ohio Speed Puzzling Championship,21926468,Meredith Yeager,0.1384183584819112,5050.736398923466,19,0.1384183584819112,5050.736398923466,17,0.0,2,True,True
2025-06-20,250620.0,OH2025 - Ohio Speed Puzzling Championship,21930531,Beth Luebbe,-0.1451473172059227,6706.651062617112,30,-0.1451473172059227,6706.651062617112,30,0.0,0,True,False
2025-06-20,250620.0,OH2025 - Ohio Speed Puzzling Championship,21976246,Edith Lewis,0.4008144031398202,3885.0583754688446,5,0.4008144031398202,3885.0583754688446,4,0.0,1,True,True
2025-06-20,250620.0,OH2025 - Ohio Speed Puzzling Championship,21978123,Tiffany Jiamachello,0.0332670617006698,5610.755333402468,24,0.0332670617006698,5610.755333402468,24,0.0,0,True,False
2025-06-20,250620.0,OH2025 - Ohio Speed Puzzling Championship,21988310,Ashley Bromiley,0.3348798393558843,4149.851594954913,9,0.3348798393558843,4149.851594954913,8,0.0,1,True,True
2025-06-20,250620.0,OH2025 - Ohio Speed Puzzling Championship,22060102,Christine Durkin,0.096437714800872,5267.283147863377,22,0.096437714800872,5267.283147863377,22,0.0,0,True,False
2025-06-20,250620.0,OH2025 - Ohio Speed Puzzling Championship,22195650,Sarah Meyer,0.2938595450454213,4323.619365888425,12,0.2938595450454213,4323.619365888425,11,0.0,1,True,True
2025-06-20,250620.0,OH2025 - Ohio Speed Puzzling Championship,22251076,Jessica Henderson,0.1213499597156299,5137.684301712837,20,0.1213499597156299,5137.684301712837,18,0.0,2,True,True
2025-06-20,250620.0,OH2025 - Ohio Speed Puzzling Championship,22465006,Calie Curran,0.322418139961841,4201.889364152083,10,0.322418139961841,4201.889364152083,13,0.0,3,True,True
2025-06-20,250620.0,OH2025 - Ohio Speed Puzzling Championship,22490556,Cecilia Frew,-0.273505493474594,7625.19507811922,38,-0.273505493474594,7625.19507811922,38,0.0,0,True,False
2025-06-20,250620.0,OH2025 - Ohio Speed Puzzling Championship,22607906,Jason Pipkin,0.2140742580901362,4682.715396587327,15,0.2140742580901362,4682.715396587327,20,0.0,5,True,True
2025-06-20,250620.0,OH2025 - Ohio Speed Puzzling Championship,22673646,Gloria Johnston,-0.4464367987662845,9064.71325380814,41,-0.4464367987662845,9064.71325380814,41,0.0,0,True,False
2025-06-20,250620.0,OH2025 - Ohio Speed Puzzling Championship,22818857,Sami Heathcote,-0.2410988138623345,7382.048883483703,34,-0.2410988138623345,7382.048883483703,34,0.0,0,True,False
2025-06-20,250620.0,OH2025 - Ohio Speed Puzzling Championship,22861827,Cory Mainwaring,-0.1713394107987236,6884.632979557857,31,-0.1713394107987236,6884.632979557857,31,0.0,0,True,False
2025-06-20,250620.0,OH2025 - Ohio Speed Puzzling Championship,22871065,Cathy Luers,-0.348012037468095,8215.022169736345,40,-0.348012037468095,8215.022169736345,40,0.0,0,True,False
2025-06-20,250620.0,OH2025 - Ohio Speed Puzzling Championship,22871573,Carley Lauer,0.1874342508950852,4809.139460697656,16,0.1874342508950852,4809.139460697656,15,0.0,1,True,True
2025-06-20,250620.0,OH2025 - Ohio Speed Puzzling Championship,23742220,Ari Cotter,0.008285446783883,5752.686516308087,25,0.008285446783883,5752.686516308087,25,0.0,0,True,False
2025-06-20,250620.0,OH2025 - Ohio Speed Puzzling Championship,23746602,Amanda Collman,-0.1732890692338386,6898.068755650243,32,-0.1732890692338386,6898.068755650243,32,0.0,0,True,False
2025-06-20,250620.0,OH2025 - Ohio Speed Puzzling Championship,23750482,Amber Spires,0.1522310018249483,4981.4519804620695,18,0.1522310018249483,4981.4519804620695,19,0.0,1,True,True
2025-06-20,250620.0,OH2025 - Ohio Speed Puzzling Championship,23751126,Faye Alleman,-0.2467076391333941,7423.569838855149,36,-0.2467076391333941,7423.569838855149,36,0.0,0,True,False
2025-06-20,250620.0,OH2025 - Ohio Speed Puzzling Championship,23758655,Hannah Doyle,0.6159836321067456,3132.9303498934128,1,0.6159836321067456,3132.9303498934128,1,0.0,0,True,False
2025-06-20,250620.0,OH2025 - Ohio Speed Puzzling Championship,23764523,Aubrey Barrow,0.4151777628468205,3829.654728301896,4,0.4151777628468205,3829.654728301896,6,0.0,2,True,True
2025-06-20,250620.0,OH2025 - Ohio Speed Puzzling Championship,23764828,Kandace Gordon,-0.4622825502764673,9209.494501991829,42,-0.4622825502764673,9209.494501991829,42,0.0,0,True,False
2025-06-20,250620.0,OH2025 - Ohio Speed Puzzling Championship,23764862,Jessica Cutshall,-0.2780820535372927,7660.172217824993,39,-0.2780820535372927,7660.172217824993,39,0.0,0,True,False
2025-07-05,250705.0,SPDC 366,17593434,Jonathan Cluff,0.1320901246853167,6859.513868154656,59,0.1320901246853167,6859.513868154656,60,0.0,1,True,True
2025-07-05,250705.0,SPDC 366,17731882,Noelle Marshall,0.0813362680780178,7216.646931659207,68,0.0813362680780178,7216.646931659207,68,0.0,0,True,False
2025-07-05,250705.0,SPDC 366,17731921,Kaitlin MacKenzie,0.4385796412282482,5048.7821610835545,11,0.4385796412282482,5048.7821610835545,17,0.0,6,True,True
2025-07-05,250705.0,SPDC 366,17731928,Kara Taylor,0.205648512660448,6373.050157103038,45,0.205648512660448,6373.050157103038,46,0.0,1,True,True
2025-07-05,250705.0,SPDC 366,17731931,Jessica Graber,0.0312927988642919,7586.982124983586,81,0.0312927988642919,7586.982124983586,81,0.0,0,True,False
2025-07-05,250705.0,SPDC 366,17887918,Aly Krasny,0.3557562512681276,5484.744153843413,22,0.3557562512681276,5484.744153843413,27,0.0,5,True,True
2025-07-05,250705.0,SPDC 366,17915498,Melynda Owens,0.2604952508437789,6032.921866575149,34,0.2604952508437789,6032.921866575149,39,0.0,5,True,True
2025-07-05,250705.0,SPDC 366,18141627,Alyssa Zackler,0.3747634002647662,5381.4792986181,20,0.3747634002647662,5381.4792986181,20,0.0,0,True,False
2025-07-05,250705.0,SPDC 366,18141628,Allison Treacy,-0.1691792820384285,9271.136587174218,116,-0.1691792820384285,9271.136587174218,116,0.0,0,True,False
2025-07-05,250705.0,SPDC 366,18282851,Michelle Kaufman,0.120730305119672,6937.880983407683,64,0.120730305119672,6937.880983407683,64,0.0,0,True,False
2025-07-05,250705.0,SPDC 366,18518434,Elizabeth McElveen,0.2939218225882289,5834.5951285601095,31,0.2939218225882289,5834.5951285601095,35,0.0,4,True,True
2025-07-05,250705.0,SPDC 366,18641373,Jennifer Benn,-0.6402358380372064,14849.44568954718,134,-0.6402358380372064,14849.44568954718,134,0.0,0,True,False
2025-07-05,250705.0,SPDC 366,18956787,Kelly Buhr,0.4140186787287138,5174.320470508703,14,0.4140186787287138,5174.320470508703,11,0.0,3,True,True
2025-07-05,250705.0,SPDC 366,19548766,Lindsay Steenstra,0.1787618609590695,6546.724434671031,51,0.1787618609590695,6546.724434671031,54,0.0,3,True,True
2025-07-05,250705.0,SPDC 366,19573602,Isabel Urrutia,0.1700175963719047,6604.221744789824,53,0.1700175963719047,6604.221744789824,55,0.0,2,True,True
2025-07-05,250705.0,SPDC 366,20453946,Sammy Brownlow,0.4509404830274134,4986.759081955419,9,0.4509404830274134,4986.759081955419,16,0.0,7,True,True
2025-07-05,250705.0,SPDC 366,20531734,Norah Molina,0.0455877765135962,7479.297890676678,77,0.0455877765135962,7479.297890676678,77,0.0,0,True,False
2025-07-05,250705.0,SPDC 366,20533269,Elizaveta Gallagher,0.286935115332589,5875.502474098088,32,0.286935115332589,5875.502474098088,29,0.0,3,True,True
2025-07-05,250705.0,SPDC 366,20596000,Elena Oberg,-0.0227375443786261,8008.185800386508,91,-0.0227375443786261,8008.185800386508,91,0.0,0,True,False
2025-07-05,250705.0,SPDC 366,20720301,Melissa Martin,0.0339825411414106,7566.602518637384,80,0.0339825411414106,7566.602518637384,80,0.0,0,True,False
2025-07-05,250705.0,SPDC 366,20720304,Lisa George,0.1270251418560519,6894.345324012915,60,0.1270251418560519,6894.345324012915,61,0.0,1,True,True
2025-07-05,250705.0,SPDC 366,20736847,Stephanie Vargas,-0.2730988437679985,10286.429918802338,124,-0.2730988437679985,10286.429918802338,124,0.0,0,True,False
2025-07-05,250705.0,SPDC 366,20739624,Mari Black,0.6209344161602635,4207.178710605152,1,0.6209344161602635,4207.178710605152,3,0.0,2,True,True
2025-07-05,250705.0,SPDC 366,20814175,Carolyn Canterman,0.0687204276542439,7308.267719171647,72,0.0687204276542439,7308.267719171647,72,0.0,0,True,False
2025-07-05,250705.0,SPDC 366,20860009,Andrea Heistand,0.5209881459210567,4649.401740153214,4,0.5209881459210567,4649.401740153214,4,0.0,0,True,False
2025-07-05,250705.0,SPDC 366,20866417,Felisa Lewis,0.0536831561676747,7418.994553243264,75,0.0536831561676747,7418.994553243264,75,0.0,0,True,False
2025-07-05,250705.0,SPDC 366,21090776,Ashley Willard,-0.1204357113225794,8830.065306200198,107,-0.1204357113225794,8830.065306200198,107,0.0,0,True,False
2025-07-05,250705.0,SPDC 366,21111122,Deanna OMara,-0.0428428101438264,8170.821947293776,97,-0.0428428101438264,8170.821947293776,97,0.0,0,True,False
2025-07-05,250705.0,SPDC 366,21169710,Rachel Shields,-0.1398551784118859,9003.216277139556,110,-0.1398551784118859,9003.216277139556,110,0.0,0,True,False
2025-07-05,250705.0,SPDC 366,21186533,Catherine Hoffman,-0.058267446690231,8297.830921601184,98,-0.058267446690231,8297.830921601184,98,0.0,0,True,False
2025-07-05,250705.0,SPDC 366,21198876,Angie Gazdic,0.3073477957203126,5756.783528190807,27,0.3073477957203126,5756.783528190807,24,0.0,3,True,True
2025-07-05,250705.0,SPDC 366,21254948,Catherine Huang,-0.1427649886735261,9029.452080343715,111,-0.1427649886735261,9029.452080343715,111,0.0,0,True,False
2025-07-05,250705.0,SPDC 366,21394027,Elizabeth Tashiro,0.2057708491281889,6372.27054834634,44,0.2057708491281889,6372.27054834634,30,0.0,14,True,True
2025-07-05,250705.0,SPDC 366,21410956,Kori Klustaitis,0.0808925291481474,7219.849949445189,69,0.0808925291481474,7219.849949445189,69,0.0,0,True,False
2025-07-05,250705.0,SPDC 366,21412436,Iryna Shvydchenko,0.5823425788747647,4372.715099174216,2,0.5823425788747647,4372.715099174216,2,0.0,0,True,False
2025-07-05,250705.0,SPDC 366,21428556,Caryn Knill,0.5048670230072277,4724.962744744079,5,0.5048670230072277,4724.962744744079,5,0.0,0,True,False
2025-07-05,250705.0,SPDC 366,21550393,Sarah Eggerichs,0.1249012878510232,6909.003467309608,62,0.1249012878510232,6909.003467309608,48,0.0,14,True,True
2025-07-05,250705.0,SPDC 366,21594891,Kinsey Keltz,0.1762918014662226,6562.91522137922,52,0.1762918014662226,6562.91522137922,49,0.0,3,True,True
2025-07-05,250705.0,SPDC 366,21616379,Debbie Dyson,-0.1898996190615019,9465.241678721291,120,-0.1898996190615019,9465.241678721291,120,0.0,0,True,False
2025-07-05,250705.0,SPDC 366,21654699,Kelsi Cook,0.3637234059572823,5441.21996095465,21,0.3637234059572823,5441.21996095465,25,0.0,4,True,True
2025-07-05,250705.0,SPDC 366,21858254,Kara Bingham,0.2403096070041263,6155.9376783925245,37,0.2403096070041263,6155.9376783925245,32,0.0,5,True,True
2025-07-05,250705.0,SPDC 366,21892775,Andrea Reynolds,0.3170793973948569,5701.032517270112,25,0.3170793973948569,5701.032517270112,22,0.0,3,True,True
2025-07-05,250705.0,SPDC 366,21896723,Tricia Marotz,-0.1398356646537555,9003.04059226888,109,-0.1398356646537555,9003.04059226888,109,0.0,0,True,False
2025-07-05,250705.0,SPDC 366,21907039,Lauren Mecca,-0.2771277260599941,10327.956330491405,125,-0.2771277260599941,10327.956330491405,125,0.0,0,True,False
2025-07-05,250705.0,SPDC 366,21916024,Emmie Lee,0.2245765193751144,6253.555486486454,39,0.2245765193751144,6253.555486486454,31,0.0,8,True,True
2025-07-05,250705.0,SPDC 366,21916237,Katie Greenfield,-0.3893758938836936,11554.81915837337,129,-0.3893758938836936,11554.81915837337,129,0.0,0,True,False
2025-07-05,250705.0,SPDC 366,21924776,Nicholas Mueller,0.3107735198665953,5737.09611692704,26,0.3107735198665953,5737.09611692704,23,0.0,3,True,True
2025-07-05,250705.0,SPDC 366,21925075,Diana Jaffe,0.4104950185563639,5192.585177882421,15,0.4104950185563639,5192.585177882421,14,0.0,1,True,True
2025-07-05,250705.0,SPDC 366,21925090,Emma Pan,0.5720900024957465,4417.777301822772,3,0.5720900024957465,4417.777301822772,1,0.0,2,True,True
2025-07-05,250705.0,SPDC 366,21925467,Ameenah Saafir,-0.0345991091745332,8103.741011966209,94,-0.0345991091745332,8103.741011966209,94,0.0,0,True,False
2025-07-05,250705.0,SPDC 366,21926492,Michelle Philo,-0.0064447859972119,7878.767517345677,87,-0.0064447859972119,7878.767517345677,87,0.0,0,True,False
2025-07-05,250705.0,SPDC 366,21926827,Emily Boudreaux,0.102796346972187,7063.427054692714,66,0.102796346972187,7063.427054692714,66,0.0,0,True,False
2025-07-05,250705.0,SPDC 366,21927536,Skye Vandeleest,0.3970448431299369,5262.898160409164,18,0.3970448431299369,5262.898160409164,10,0.0,8,True,True
2025-07-05,250705.0,SPDC 366,21927541,Chloe Glikbarg,0.4209550248446797,5138.553781281419,13,0.4209550248446797,5138.553781281419,12,0.0,1,True,True
2025-07-05,250705.0,SPDC 366,21935425,Arlyn Purcell,-0.1509534376307263,9103.692831290882,114,-0.1509534376307263,9103.692831290882,114,0.0,0,True,False
2025-07-05,250705.0,SPDC 366,21936039,Caroline Orsi,0.3364969508235798,5591.400253572752,24,0.3364969508235798,5591.400253572752,28,0.0,4,True,True
2025-07-05,250705.0,SPDC 366,21939662,Scott Eng,0.2738859793261333,5952.675128141627,33,0.2738859793261333,5952.675128141627,36,0.0,3,True,True
2025-07-05,250705.0,SPDC 366,21964658,Cosmo Smith,0.3870283294133949,5315.87895046157,19,0.3870283294133949,5315.87895046157,18,0.0,1,True,True
2025-07-05,250705.0,SPDC 366,21966640,Cindy Markison,0.0102118151118323,7748.6209384045105,83,0.0102118151118323,7748.6209384045105,83,0.0,0,True,False
2025-07-05,250705.0,SPDC 366,21968495,Jennifer Morrow,0.085622569372843,7185.780407440705,67,0.085622569372843,7185.780407440705,67,0.0,0,True,False
2025-07-05,250705.0,SPDC 366,21968784,Cindy Grimley-Beason,-0.283179835036832,10390.651776178973,126,-0.283179835036832,10390.651776178973,126,0.0,0,True,False
2025-07-05,250705.0,SPDC 366,21974544,Jamie Lim,-0.0798879150112619,8479.18735321442,102,-0.0798879150112619,8479.18735321442,102,0.0,0,True,False
2025-07-05,250705.0,SPDC 366,21988310,Ashley Bromiley,0.4048616498150916,5221.919472783312,16,0.4048616498150916,5221.919472783312,21,0.0,5,True,True
2025-07-05,250705.0,SPDC 366,22035202,Rebecca Streitz,0.3459876132060313,5538.5851829551975,23,0.3459876132060313,5538.5851829551975,19,0.0,4,True,True
2025-07-05,250705.0,SPDC 366,22035203,Jessica Streitz,0.4413185632292047,5034.972860475914,10,0.4413185632292047,5034.972860475914,8,0.0,2,True,True
2025-07-05,250705.0,SPDC 366,22048522,CHARESE GAINOR,0.2961497126957378,5821.610761034504,30,0.2961497126957378,5821.610761034504,26,0.0,4,True,True
2025-07-05,250705.0,SPDC 366,22060891,Kirsty Weitzel,0.2200216677121632,6282.104472934606,40,0.2200216677121632,6282.104472934606,38,0.0,2,True,True
2025-07-05,250705.0,SPDC 366,22065952,Jodie Morse,0.0349032936995473,7559.638756454843,79,0.0349032936995473,7559.638756454843,79,0.0,0,True,False
2025-07-05,250705.0,SPDC 366,22127534,Aaron Langston,-0.4930161858763905,12816.621523939846,131,-0.4930161858763905,12816.621523939846,131,0.0,0,True,False
2025-07-05,250705.0,SPDC 366,22207268,Sarah Proctor,0.137841834483417,6820.173181591364,57,0.137841834483417,6820.173181591364,53,0.0,4,True,True
2025-07-05,250705.0,SPDC 366,22250420,Julie Headlee,-0.6645511938696853,15214.940809692878,135,-0.6645511938696853,15214.940809692878,135,0.0,0,True,False
2025-07-05,250705.0,SPDC 366,22386336,Jodi Green,0.0049064554610165,7789.839401986616,84,0.0049064554610165,7789.839401986616,84,0.0,0,True,False
2025-07-05,250705.0,SPDC 366,22407890,Selina Gilbertson,0.1551993163364645,6702.813629022904,55,0.1551993163364645,6702.813629022904,57,0.0,2,True,True
2025-07-05,250705.0,SPDC 366,22408132,Jen Lunsford,0.429211852794793,5096.300306685004,12,0.429211852794793,5096.300306685004,15,0.0,3,True,True
2025-07-05,250705.0,SPDC 366,22423946,Jennifer Sipple,0.484721635961276,4821.114200365772,7,0.484721635961276,4821.114200365772,7,0.0,0,True,False
2025-07-05,250705.0,SPDC 366,22477750,Jessica Norris,0.2071856973555741,6363.261127640965,43,0.2071856973555741,6363.261127640965,44,0.0,1,True,True
2025-07-05,250705.0,SPDC 366,22489256,Alyssa Graham,0.0014444827437693,7816.854348991025,85,0.0014444827437693,7816.854348991025,85,0.0,0,True,False
2025-07-05,250705.0,SPDC 366,22490366,Alicia Gould,-0.0002893457227643,7830.419189735397,86,-0.0002893457227643,7830.419189735397,86,0.0,0,True,False
2025-07-05,250705.0,SPDC 366,22549301,Jenevieve Parker,-0.0425304470298664,8168.27008248168,96,-0.0425304470298664,8168.27008248168,96,0.0,0,True,False
2025-07-05,250705.0,SPDC 366,22549913,Sabrina Monserate-Lindsay,0.2558587227529712,6060.958624660969,36,0.2558587227529712,6060.958624660969,41,0.0,5,True,True
2025-07-05,250705.0,SPDC 366,22557667,Angela Morford,0.2050967108293455,6376.567788277842,46,0.2050967108293455,6376.567788277842,47,0.0,1,True,True
2025-07-05,250705.0,SPDC 366,22608003,Rushing Smith III,0.1326477902371565,6855.689619992857,58,0.1326477902371565,6855.689619992857,59,0.0,1,True,True
2025-07-05,250705.0,SPDC 366,22629662,Kate Amey,-0.3497352983100674,11105.738953231225,128,-0.3497352983100674,11105.738953231225,128,0.0,0,True,False
2025-07-05,250705.0,SPDC 366,22638087,Karen Bell,-0.0831727083728309,8507.085526325884,103,-0.0831727083728309,8507.085526325884,103,0.0,0,True,False
2025-07-05,250705.0,SPDC 366,22640026,Leslie Richardson,0.3979905432978506,5257.92338942679,17,0.3979905432978506,5257.92338942679,13,0.0,4,True,True
2025-07-05,250705.0,SPDC 366,22654912,Karen Wells,0.1106540472117616,7008.142252390909,65,0.1106540472117616,7008.142252390909,65,0.0,0,True,False
2025-07-05,250705.0,SPDC 366,22682522,Marjorie No Last Name,-0.1446468278080607,9046.460054748595,112,-0.1446468278080607,9046.460054748595,112,0.0,0,True,False
2025-07-05,250705.0,SPDC 366,22684893,Ellen Leader,-0.1880523028051254,9447.772524391958,119,-0.1880523028051254,9447.772524391958,119,0.0,0,True,False
2025-07-05,250705.0,SPDC 366,22686729,Rebecca Young,-0.0099564649250893,7906.483856172596,88,-0.0099564649250893,7906.483856172596,88,0.0,0,True,False
2025-07-05,250705.0,SPDC 366,22691193,Wendy Weigant,0.0162961895279772,7701.618562434119,82,0.0162961895279772,7701.618562434119,82,0.0,0,True,False
2025-07-05,250705.0,SPDC 366,22691848,Ann Glezen,-0.2437947717093118,9989.36943372334,123,-0.2437947717093118,9989.36943372334,123,0.0,0,True,False
2025-07-05,250705.0,SPDC 366,22700663,Carter Lennon,0.1270140970675827,6894.421471019162,61,0.1270140970675827,6894.421471019162,62,0.0,1,True,True
2025-07-05,250705.0,SPDC 366,22703189,Beatrice Endler,0.4841444366225719,4823.897747547554,8,0.4841444366225719,4823.897747547554,6,0.0,2,True,True
2025-07-05,250705.0,SPDC 366,22703407,Dave Harris,-0.5381205592667043,13407.942543337977,133,-0.5381205592667043,13407.942543337977,133,0.0,0,True,False
2025-07-05,250705.0,SPDC 366,22703414,Heather Harris,-0.4465775664888574,12235.04366441716,130,-0.4465775664888574,12235.04366441716,130,0.0,0,True,False
2025-07-05,250705.0,SPDC 366,22704935,Samantha Nutter-Topel,-0.1818511249394499,9389.366486812478,118,-0.1818511249394499,9389.366486812478,118,0.0,0,True,False
2025-07-05,250705.0,SPDC 366,22704976,Daniela Spano,-0.0761152414642246,8447.258413989315,101,-0.0761152414642246,8447.258413989315,101,0.0,0,True,False
2025-07-05,250705.0,SPDC 366,22713270,Christina Harwell,0.2980010801306893,5810.842791262513,29,0.2980010801306893,5810.842791262513,34,0.0,5,True,True
2025-07-05,250705.0,SPDC 366,22722527,June Huber,-0.0423160785222017,8166.519250282242,95,-0.0423160785222017,8166.519250282242,95,0.0,0,True,False
2025-07-05,250705.0,SPDC 366,22729973,Ashley Tucker,0.2077081185745227,6359.937693198102,41,0.2077081185745227,6359.937693198102,42,0.0,1,True,True
2025-07-05,250705.0,SPDC 366,22730960,Angela Ott,-0.1118224034668504,8754.335844108044,106,-0.1118224034668504,8754.335844108044,106,0.0,0,True,False
2025-07-05,250705.0,SPDC 366,22732244,Amber Whitear,0.3002378319462528,5797.859903261197,28,0.3002378319462528,5797.859903261197,33,0.0,5,True,True
2025-07-05,250705.0,SPDC 366,22733821,Tara Mills,-0.3289565873698284,10877.356972352722,127,-0.3289565873698284,10877.356972352722,127,0.0,0,True,False
2025-07-05,250705.0,SPDC 366,22737556,Miranda Mann,0.0689701712824153,7306.44275377203,71,0.0689701712824153,7306.44275377203,71,0.0,0,True,False
2025-07-05,250705.0,SPDC 366,22757315,Shalise Hassing,0.1390252307875891,6812.106987547915,56,0.1390252307875891,6812.106987547915,58,0.0,2,True,True
2025-07-05,250705.0,SPDC 366,22797552,Melissa McCarthy,-0.0226556313461503,8007.529852468675,90,-0.0226556313461503,8007.529852468675,90,0.0,0,True,False
2025-07-05,250705.0,SPDC 366,22812262,Jolene Metty,-0.1734545893489796,9310.858396168927,117,-0.1734545893489796,9310.858396168927,117,0.0,0,True,False
2025-07-05,250705.0,SPDC 366,22814478,Irene Ho,0.079582441156148,7229.31478669908,70,0.079582441156148,7229.31478669908,70,0.0,0,True,False
2025-07-05,250705.0,SPDC 366,22816351,Michelle Malcom,-0.0154824913027277,7950.296237211433,89,-0.0154824913027277,7950.296237211433,89,0.0,0,True,False
2025-07-05,250705.0,SPDC 366,22825074,Katherine Wood,0.1686230790997564,6613.437870611817,54,0.1686230790997564,6613.437870611817,56,0.0,2,True,True
2025-07-05,250705.0,SPDC 366,22842370,Samantha Burton,0.2073458011549895,6362.242426908868,42,0.2073458011549895,6362.242426908868,43,0.0,1,True,True
2025-07-05,250705.0,SPDC 366,22858066,Olga Brezo Fernandez,-0.1117697828317926,8753.87519751628,105,-0.1117697828317926,8753.87519751628,105,0.0,0,True,False
2025-07-05,250705.0,SPDC 366,22860511,Lydia Utkin,0.2291685406134737,6224.904859366847,38,0.2291685406134737,6224.904859366847,37,0.0,1,True,True
2025-07-05,250705.0,SPDC 366,22874878,Kara Bancroft,-0.150225151332498,9097.06515025616,113,-0.150225151332498,9097.06515025616,113,0.0,0,True,False
2025-07-05,250705.0,SPDC 366,23749556,Audrey Nelson,0.0666996351919657,7323.051143576351,73,0.0666996351919657,7323.051143576351,73,0.0,0,True,False
2025-07-05,250705.0,SPDC 366,23750128,Jasmine Lambert,0.4866728673549907,4811.716262742531,6,0.4866728673549907,4811.716262742531,9,0.0,3,True,True
2025-07-05,250705.0,SPDC 366,23764458,Megan Banks,0.1908460077456363,6468.088934001555,48,0.1908460077456363,6468.088934001555,51,0.0,3,True,True
2025-07-05,250705.0,SPDC 366,23764496,Marie Mogni,-0.2080131348336345,9638.252671453523,121,-0.2080131348336345,9638.252671453523,121,0.0,0,True,False
2025-07-05,250705.0,SPDC 366,23766491,Maggie Kirkland,0.1855342717793502,6502.5371234739805,49,0.1855342717793502,6502.5371234739805,45,0.0,4,True,True
2025-07-05,250705.0,SPDC 366,23786476,Bethany Quinn,0.2582704451617871,6046.358887260392,35,0.2582704451617871,6046.358887260392,40,0.0,5,True,True
2025-07-05,250705.0,SPDC 366,23846192,Kathy Johnson,-0.5230430407436839,13207.30043484812,132,-0.5230430407436839,13207.30043484812,132,0.0,0,True,False
2025-07-05,250705.0,SPDC 366,23846517,Karla Matute,-0.8665518027214247,18620.786340769533,136,-0.8665518027214247,18620.786340769533,136,0.0,0,True,False
2025-07-05,250705.0,SPDC 366,23848490,Ryder Jackson,0.1929981553887342,6454.183620158249,47,0.1929981553887342,6454.183620158249,50,0.0,3,True,True
2025-07-05,250705.0,SPDC 366,23848898,Nikki Hall,0.0517534892487448,7433.32456323088,76,0.0517534892487448,7433.32456323088,76,0.0,0,True,False
2025-07-05,250705.0,SPDC 366,23987651,Jill Gregerson,-0.1245651921695306,8866.60428333887,108,-0.1245651921695306,8866.60428333887,108,0.0,0,True,False
2025-07-05,250705.0,SPDC 366,23994944,Cassie VonRueden,0.1851368565010463,6505.121844644409,50,0.1851368565010463,6505.121844644409,52,0.0,2,True,True
2025-07-05,250705.0,SPDC 366,24004029,Sara Feyereisen,0.0562309846019324,7400.116287470326,74,0.0562309846019324,7400.116287470326,74,0.0,0,True,False
2025-07-05,250705.0,SPDC 366,24004413,Amy Mueggenberg,-0.0256389366523557,8031.454428179701,92,-0.0256389366523557,8031.454428179701,92,0.0,0,True,False
2025-07-05,250705.0,SPDC 366,24005690,Hannah Bevis,-0.0645351066608105,8350.002229530857,100,-0.0645351066608105,8350.002229530857,100,0.0,0,True,False
2025-07-05,250705.0,SPDC 366,24098345,Erin Bahr,-0.0638516371114529,8344.29720709654,99,-0.0638516371114529,8344.29720709654,99,0.0,0,True,False
2025-07-05,250705.0,SPDC 366,24101904,Stefanie Haney,0.042049030830649,7505.812109668609,78,0.042049030830649,7505.812109668609,78,0.0,0,True,False
2025-07-05,250705.0,SPDC 366,24108436,Nicole Norstrud,-0.1097175676081301,8735.928782821196,104,-0.1097175676081301,8735.928782821196,104,0.0,0,True,False
2025-07-05,250705.0,SPDC 366,24137527,Cassiday Van Dyke,-0.0293248648783045,8061.112417784507,93,-0.0293248648783045,8061.112417784507,93,0.0,0,True,False
2025-07-05,250705.0,SPDC 366,24173066,Danielle Woodward,-0.1524890516144378,9117.683328558394,115,-0.1524890516144378,9117.683328558394,115,0.0,0,True,False
2025-07-05,250705.0,SPDC 366,24184564,Julie Kutchera,0.1246687900109098,6910.6099824415005,63,0.1246687900109098,6910.6099824415005,63,0.0,0,True,False
2025-07-05,250705.0,SPDC 366,24207911,Kristina Key,-0.2263217249738162,9816.340785796598,122,-0.2263217249738162,9816.340785796598,122,0.0,0,True,False
2025-07-11,250711.03,NM2025 - New Mexico Speed Puzzling Championship,18522533,Amy Carr,-0.3774046546793076,5987.66232132568,3,-0.3774046546793076,5987.66232132568,3,0.0,0,True,False
2025-07-11,250711.03,NM2025 - New Mexico Speed Puzzling Championship,22737556,Miranda Mann,0.06289142508604,3855.1310168008326,2,0.06289142508604,3855.1310168008326,2,0.0,0,True,False
2025-07-11,250711.03,NM2025 - New Mexico Speed Puzzling Championship,23745154,Cameron Hatch,0.16964017784642,3464.804604580452,1,0.16964017784642,3464.804604580452,1,0.0,0,True,False
2025-07-12,250712.0,WA2025 - Washington Speed Puzzling Championship,17915498,Melynda Owens,0.2577530947890185,4419.6417143668405,14,0.2577530947890185,4419.6417143668405,15,0.0,1,True,True
2025-07-12,250712.0,WA2025 - Washington Speed Puzzling Championship,20736847,Stephanie Vargas,-0.2760365600364881,7537.181362527572,28,-0.2760365600364881,7537.181362527572,28,0.0,0,True,False
2025-07-12,250712.0,WA2025 - Washington Speed Puzzling Championship,20814175,Carolyn Canterman,0.0633447386625334,5368.062210988354,20,0.0633447386625334,5368.062210988354,20,0.0,0,True,False
2025-07-12,250712.0,WA2025 - Washington Speed Puzzling Championship,20859985,Jessa Douglas,0.5780859543702973,3208.250500430403,2,0.5780859543702973,3208.250500430403,3,0.0,1,True,True
2025-07-12,250712.0,WA2025 - Washington Speed Puzzling Championship,20866603,Cathy Roiter,0.609092606953066,3110.2998008805275,1,0.609092606953066,3110.2998008805275,1,0.0,0,True,False
2025-07-12,250712.0,WA2025 - Washington Speed Puzzling Championship,21249910,Lena Nguyen-Vo,0.2797705438835191,4323.3959095023865,11,0.2797705438835191,4323.3959095023865,12,0.0,1,True,True
2025-07-12,250712.0,WA2025 - Washington Speed Puzzling Championship,21594891,Kinsey Keltz,0.186311483792237,4746.940207799056,16,0.186311483792237,4746.940207799056,17,0.0,1,True,True
2025-07-12,250712.0,WA2025 - Washington Speed Puzzling Championship,21900482,Hiromi Kimura,0.1319452056544085,5012.157804336125,17,0.1319452056544085,5012.157804336125,18,0.0,1,True,True
2025-07-12,250712.0,WA2025 - Washington Speed Puzzling Championship,21927536,Skye Vandeleest,0.4219493839859788,3750.3994094943073,5,0.4219493839859788,3750.3994094943073,4,0.0,1,True,True
2025-07-12,250712.0,WA2025 - Washington Speed Puzzling Championship,21927541,Chloe Glikbarg,0.4549854575917768,3628.525146198989,4,0.4549854575917768,3628.525146198989,5,0.0,1,True,True
2025-07-12,250712.0,WA2025 - Washington Speed Puzzling Championship,21964658,Cosmo Smith,0.3473900507755321,4040.715081653215,6,0.3473900507755321,4040.715081653215,8,0.0,2,True,True
2025-07-12,250712.0,WA2025 - Washington Speed Puzzling Championship,21973858,Frank Hollander,-0.3413949812662038,8046.254541116445,31,-0.3413949812662038,8046.254541116445,31,0.0,0,True,False
2025-07-12,250712.0,WA2025 - Washington Speed Puzzling Championship,21974544,Jamie Lim,-0.0301351718539627,5894.070817033111,25,-0.0301351718539627,5894.070817033111,25,0.0,0,True,False
2025-07-12,250712.0,WA2025 - Washington Speed Puzzling Championship,22048522,CHARESE GAINOR,0.2676121793872624,4376.282186654104,12,0.2676121793872624,4376.282186654104,10,0.0,2,True,True
2025-07-12,250712.0,WA2025 - Washington Speed Puzzling Championship,22233683,Chris Morrissey,-0.1982564323940881,6973.1576728201,27,-0.1982564323940881,6973.1576728201,27,0.0,0,True,False
2025-07-12,250712.0,WA2025 - Washington Speed Puzzling Championship,22639397,Lauren Turner,0.0598862307285107,5386.659838218436,21,0.0598862307285107,5386.659838218436,21,0.0,0,True,False
2025-07-12,250712.0,WA2025 - Washington Speed Puzzling Championship,22640026,Leslie Richardson,0.3372029838533981,4082.088495674194,8,0.3372029838533981,4082.088495674194,6,0.0,2,True,True
2025-07-12,250712.0,WA2025 - Washington Speed Puzzling Championship,22641588,Davey Black,0.1924180755922845,4718.040909565232,15,0.1924180755922845,4718.040909565232,13,0.0,2,True,True
2025-07-12,250712.0,WA2025 - Washington Speed Puzzling Championship,22645517,Marguerite Byrnes,0.1178396951888014,5083.3578244905775,19,0.1178396951888014,5083.3578244905775,19,0.0,0,True,False
2025-07-12,250712.0,WA2025 - Washington Speed Puzzling Championship,22686729,Rebecca Young,0.0123427999412881,5648.945708911934,22,0.0123427999412881,5648.945708911934,22,0.0,0,True,False
2025-07-12,250712.0,WA2025 - Washington Speed Puzzling Championship,22703189,Beatrice Endler,0.4983515976863389,3474.533167862109,3,0.4983515976863389,3474.533167862109,2,0.0,1,True,True
2025-07-12,250712.0,WA2025 - Washington Speed Puzzling Championship,22817937,J.D. Armstrong,0.009029144241538,5667.695417941479,23,0.009029144241538,5667.695417941479,23,0.0,0,True,False
2025-07-12,250712.0,WA2025 - Washington Speed Puzzling Championship,22860511,Lydia Utkin,0.2617137791293806,4402.17152842261,13,0.2617137791293806,4402.17152842261,14,0.0,1,True,True
2025-07-12,250712.0,WA2025 - Washington Speed Puzzling Championship,22861788,Xin Li Phuah,0.3382175564728333,4077.9490207104377,7,0.3382175564728333,4077.9490207104377,7,0.0,0,True,False
2025-07-12,250712.0,WA2025 - Washington Speed Puzzling Championship,22862329,Lulu Zhong,-0.0852852958197998,6228.260144901991,26,-0.0852852958197998,6228.260144901991,26,0.0,0,True,False
2025-07-12,250712.0,WA2025 - Washington Speed Puzzling Championship,22871519,Grace Byrnes,0.2814651457544983,4316.075678895174,10,0.2814651457544983,4316.075678895174,11,0.0,1,True,True
2025-07-12,250712.0,WA2025 - Washington Speed Puzzling Championship,23608821,Jeff Soesbe,-0.8905522803475083,13934.447445127713,32,-0.8905522803475083,13934.447445127713,32,0.0,0,True,False
2025-07-12,250712.0,WA2025 - Washington Speed Puzzling Championship,23741740,Catherine Kieu,-0.0056201276918483,5751.334156928061,24,-0.0056201276918483,5751.334156928061,24,0.0,0,True,False
2025-07-12,250712.0,WA2025 - Washington Speed Puzzling Championship,23764079,Glenn Hollingsworth,-0.3219099414079142,7890.990525787763,30,-0.3219099414079142,7890.990525787763,30,0.0,0,True,False
2025-07-12,250712.0,WA2025 - Washington Speed Puzzling Championship,23765312,Rebecca Crompton,-0.2956023767528022,7686.104623352852,29,-0.2956023767528022,7686.104623352852,29,0.0,0,True,False
2025-07-12,250712.0,WA2025 - Washington Speed Puzzling Championship,23766346,Robyn Curtis,0.2851829345103188,4300.05921263423,9,0.2851829345103188,4300.05921263423,9,0.0,0,True,False
2025-07-12,250712.0,WA2025 - Washington Speed Puzzling Championship,23766491,Maggie Kirkland,0.1213099213304591,5065.74799599637,18,0.1213099213304591,5065.74799599637,16,0.0,2,True,True
2025-07-26,250726.0,NY2025 - New York Speed Puzzling Championship,17915498,Melynda Owens,0.2497320135368239,4344.770845478253,9,0.2497320135368239,4344.770845478253,12,0.0,3,True,True
2025-07-26,250726.0,NY2025 - New York Speed Puzzling Championship,20453946,Sammy Brownlow,0.4939079970109419,3403.4752230379704,1,0.4939079970109419,3403.4752230379704,4,0.0,3,True,True
2025-07-26,250726.0,NY2025 - New York Speed Puzzling Championship,20498998,Rachel Falk,-0.1118811748800165,6237.542071111817,25,-0.1118811748800165,6237.542071111817,25,0.0,0,True,False
2025-07-26,250726.0,NY2025 - New York Speed Puzzling Championship,20533269,Elizaveta Gallagher,0.2354820244654099,4407.127014731193,11,0.2354820244654099,4407.127014731193,8,0.0,3,True,True
2025-07-26,250726.0,NY2025 - New York Speed Puzzling Championship,20701996,Agnes Roche,0.2684052882459974,4264.392544565889,8,0.2684052882459974,4264.392544565889,6,0.0,2,True,True
2025-07-26,250726.0,NY2025 - New York Speed Puzzling Championship,20720301,Melissa Martin,0.0393454407004634,5362.120917295946,17,0.0393454407004634,5362.120917295946,17,0.0,0,True,False
2025-07-26,250726.0,NY2025 - New York Speed Puzzling Championship,21410220,Ashlyn Koga,0.2394953397467685,4389.475269238655,10,0.2394953397467685,4389.475269238655,11,0.0,1,True,True
2025-07-26,250726.0,NY2025 - New York Speed Puzzling Championship,21423906,Gail McCormick,0.391392834516358,3770.8943314609705,3,0.391392834516358,3770.8943314609705,7,0.0,4,True,True
2025-07-26,250726.0,NY2025 - New York Speed Puzzling Championship,21594891,Kinsey Keltz,0.1888777163835604,4617.379399713722,13,0.1888777163835604,4617.379399713722,13,0.0,0,True,False
2025-07-26,250726.0,NY2025 - New York Speed Puzzling Championship,21617866,Margaret Long,0.3803191326951198,3812.8841531804296,4,0.3803191326951198,3812.8841531804296,3,0.0,1,True,True
2025-07-26,250726.0,NY2025 - New York Speed Puzzling Championship,21837736,Mollie Tessler,-0.2233561730259635,6973.109168954296,28,-0.2233561730259635,6973.109168954296,28,0.0,0,True,False
2025-07-26,250726.0,NY2025 - New York Speed Puzzling Championship,21851725,Maud Dias,0.4480700845937369,3563.114230987803,2,0.4480700845937369,3563.114230987803,2,0.0,0,True,False
2025-07-26,250726.0,NY2025 - New York Speed Puzzling Championship,21907911,Kayla Berkowitz,0.1095724889276987,4998.473381507357,15,0.1095724889276987,4998.473381507357,15,0.0,0,True,False
2025-07-26,250726.0,NY2025 - New York Speed Puzzling Championship,21988310,Ashley Bromiley,0.344931063757554,3950.230640802368,6,0.344931063757554,3950.230640802368,5,0.0,1,True,True
2025-07-26,250726.0,NY2025 - New York Speed Puzzling Championship,22065952,Jodie Morse,0.0185054734540635,5475.039868470311,20,0.0185054734540635,5475.039868470311,20,0.0,0,True,False
2025-07-26,250726.0,NY2025 - New York Speed Puzzling Championship,22069622,Bailey Baleno,0.0148035063780773,5495.345848647752,21,0.0148035063780773,5495.345848647752,21,0.0,0,True,False
2025-07-26,250726.0,NY2025 - New York Speed Puzzling Championship,22206793,Bill McFadden,-0.1361379213201367,6390.694528330067,27,-0.1361379213201367,6390.694528330067,27,0.0,0,True,False
2025-07-26,250726.0,NY2025 - New York Speed Puzzling Championship,22325363,Marianne Bruno,-0.3572531302701748,7972.181436510719,31,-0.3572531302701748,7972.181436510719,31,0.0,0,True,False
2025-07-26,250726.0,NY2025 - New York Speed Puzzling Championship,22439893,Jen McGuire,-0.0099564649250893,5633.108921050933,22,-0.0099564649250893,5633.108921050933,22,0.0,0,True,False
2025-07-26,250726.0,NY2025 - New York Speed Puzzling Championship,22551828,Kristin Squire,-0.0359117080999181,5781.23159752325,23,-0.0359117080999181,5781.23159752325,23,0.0,0,True,False
2025-07-26,250726.0,NY2025 - New York Speed Puzzling Championship,22736994,Brooke Ouro-Djobo,0.2696905054688496,4258.915394240496,7,0.2696905054688496,4258.915394240496,10,0.0,3,True,True
2025-07-26,250726.0,NY2025 - New York Speed Puzzling Championship,22861870,Jenna Wyly,0.3623866122316375,3881.875522032383,5,0.3623866122316375,3881.875522032383,1,0.0,4,True,True
2025-07-26,250726.0,NY2025 - New York Speed Puzzling Championship,23743070,Maggie Horne,-0.067394881710531,5966.13857186566,24,-0.067394881710531,5966.13857186566,24,0.0,0,True,False
2025-07-26,250726.0,NY2025 - New York Speed Puzzling Championship,23749493,Jensy Nandar,0.0748611630294589,5175.023436911894,16,0.0748611630294589,5175.023436911894,16,0.0,0,True,False
2025-07-26,250726.0,NY2025 - New York Speed Puzzling Championship,23764010,Tyler Heathcote,0.1305568158653101,4894.676643038864,14,0.1305568158653101,4894.676643038864,14,0.0,0,True,False
2025-07-26,250726.0,NY2025 - New York Speed Puzzling Championship,23764352,Makiko Hiromi,0.0250815923317876,5439.153481335404,19,0.0250815923317876,5439.153481335404,19,0.0,0,True,False
2025-07-26,250726.0,NY2025 - New York Speed Puzzling Championship,23764760,Erin Cherry,0.0359097173613915,5380.5753653139855,18,0.0359097173613915,5380.5753653139855,18,0.0,0,True,False
2025-07-26,250726.0,NY2025 - New York Speed Puzzling Championship,23764765,Timothy Miller,0.2346864215652655,4410.634732955786,12,0.2346864215652655,4410.634732955786,9,0.0,3,True,True
2025-07-26,250726.0,NY2025 - New York Speed Puzzling Championship,23765857,Valentina Taborda,-0.3260772746001728,7727.476126841636,30,-0.3260772746001728,7727.476126841636,30,0.0,0,True,False
2025-07-26,250726.0,NY2025 - New York Speed Puzzling Championship,24211940,Jordan Halperin,-0.1333919854727035,6373.170162538232,26,-0.1333919854727035,6373.170162538232,26,0.0,0,True,False
2025-07-26,250726.0,NY2025 - New York Speed Puzzling Championship,24718371,Shannon May,-0.2376221440120203,7073.300304740692,29,-0.2376221440120203,7073.300304740692,29,0.0,0,True,False
2025-08-02,250802.0,SPDC 389,17593434,Jonathan Cluff,0.1547307260694034,3523.3993250583057,55,0.1547307260694034,3523.3993250583057,57,0.0,2,True,True
2025-08-02,250802.0,SPDC 389,17731882,Noelle Marshall,0.0338334915409323,3976.187618687101,78,0.0338334915409323,3976.187618687101,78,0.0,0,True,False
2025-08-02,250802.0,SPDC 389,17731921,Kaitlin MacKenzie,0.4625088991347521,2589.974597856055,9,0.4625088991347521,2589.974597856055,18,0.0,9,True,True
2025-08-02,250802.0,SPDC 389,17731928,Kara Taylor,0.2554232634556246,3185.896431440846,38,0.2554232634556246,3185.896431440846,42,0.0,4,True,True
2025-08-02,250802.0,SPDC 389,17887918,Aly Krasny,0.3110752205865974,3013.438382067499,29,0.3110752205865974,3013.438382067499,33,0.0,4,True,True
2025-08-02,250802.0,SPDC 389,17915498,Melynda Owens,0.2610412510953934,3168.0482869382786,36,0.2610412510953934,3168.0482869382786,41,0.0,5,True,True
2025-08-02,250802.0,SPDC 389,18141627,Alyssa Zackler,0.3979810481636833,2762.610093379515,17,0.3979810481636833,2762.610093379515,22,0.0,5,True,True
2025-08-02,250802.0,SPDC 389,18141628,Allison Treacy,-0.1614237230950328,4833.547596641836,121,-0.1614237230950328,4833.547596641836,121,0.0,0,True,False
2025-08-02,250802.0,SPDC 389,18641373,Jennifer Benn,-0.5306665961474488,6992.39802963337,139,-0.5306665961474488,6992.39802963337,139,0.0,0,True,False
2025-08-02,250802.0,SPDC 389,18846642,Heather Mueller,0.2301717278828927,3267.3695398948576,42,0.2301717278828927,3267.3695398948576,45,0.0,3,True,True
2025-08-02,250802.0,SPDC 389,18956787,Kelly Buhr,0.4673815857792977,2577.3851603247504,7,0.4673815857792977,2577.3851603247504,9,0.0,2,True,True
2025-08-02,250802.0,SPDC 389,19548766,Lindsay Steenstra,0.129244613239778,3614.351159120391,59,0.129244613239778,3614.351159120391,59,0.0,0,True,False
2025-08-02,250802.0,SPDC 389,19573602,Isabel Urrutia,0.170571272142459,3468.026481609564,52,0.170571272142459,3468.026481609564,54,0.0,2,True,True
2025-08-02,250802.0,SPDC 389,20453946,Sammy Brownlow,0.4882194033053953,2524.2337812733863,5,0.4882194033053953,2524.2337812733863,17,0.0,12,True,True
2025-08-02,250802.0,SPDC 389,20531734,Norah Molina,0.0630683851482126,3861.626940577877,73,0.0630683851482126,3861.626940577877,73,0.0,0,True,False
2025-08-02,250802.0,SPDC 389,20596000,Elena Oberg,-0.0753695359388113,4434.995064724927,102,-0.0753695359388113,4434.995064724927,102,0.0,0,True,False
2025-08-02,250802.0,SPDC 389,20720301,Melissa Martin,0.0434699297462527,3938.055357080843,76,0.0434699297462527,3938.055357080843,76,0.0,0,True,False
2025-08-02,250802.0,SPDC 389,20720304,Lisa George,0.1833986654349705,3423.8248439601607,51,0.1833986654349705,3423.8248439601607,53,0.0,2,True,True
2025-08-02,250802.0,SPDC 389,20722068,Elizabeth Nelson,0.3849358265441334,2798.8850472712197,18,0.3849358265441334,2798.8850472712197,15,0.0,3,True,True
2025-08-02,250802.0,SPDC 389,20736847,Stephanie Vargas,-0.3213114682781713,5671.583951762159,134,-0.3213114682781713,5671.583951762159,134,0.0,0,True,False
2025-08-02,250802.0,SPDC 389,20737327,Amy Paull,0.3509295443575616,2895.7015771887272,20,0.3509295443575616,2895.7015771887272,19,0.0,1,True,True
2025-08-02,250802.0,SPDC 389,20739624,Mari Black,0.6291856721074478,2192.344008404638,1,0.6291856721074478,2192.344008404638,1,0.0,0,True,False
2025-08-02,250802.0,SPDC 389,20860009,Andrea Heistand,0.4602234479890443,2595.9006275142697,10,0.4602234479890443,2595.9006275142697,2,0.0,8,True,True
2025-08-02,250802.0,SPDC 389,20866417,Felisa Lewis,0.0801079767651532,3796.3838310953183,71,0.0801079767651532,3796.3838310953183,71,0.0,0,True,False
2025-08-02,250802.0,SPDC 389,20866882,Stephanie Thompson,0.0835850567749203,3783.206423493424,70,0.0835850567749203,3783.206423493424,70,0.0,0,True,False
2025-08-02,250802.0,SPDC 389,21090776,Ashley Willard,0.0048921018198213,4092.9454312206913,89,0.0048921018198213,4092.9454312206913,89,0.0,0,True,False
2025-08-02,250802.0,SPDC 389,21111122,Deanna OMara,-0.0545231760227235,4343.498559371622,98,-0.0545231760227235,4343.498559371622,98,0.0,0,True,False
2025-08-02,250802.0,SPDC 389,21113122,Jeremy Seidling,0.2849465649619467,3093.213140887496,31,0.2849465649619467,3093.213140887496,30,0.0,1,True,True
2025-08-02,250802.0,SPDC 389,21169710,Rachel Shields,-0.1110484183920454,4596.087441689942,111,-0.1110484183920454,4596.087441689942,111,0.0,0,True,False
2025-08-02,250802.0,SPDC 389,21173211,Natalie Hinkley,-0.1439199271890403,4749.678322667021,119,-0.1439199271890403,4749.678322667021,119,0.0,0,True,False
2025-08-02,250802.0,SPDC 389,21181439,Chelsea Widmaier,0.2663962229299606,3151.128819658024,34,0.2663962229299606,3151.128819658024,29,0.0,5,True,True
2025-08-02,250802.0,SPDC 389,21187349,Alison Filley,0.2062565120666835,3346.451246519417,45,0.2062565120666835,3346.451246519417,34,0.0,11,True,True
2025-08-02,250802.0,SPDC 389,21198876,Angie Gazdic,0.3377241296238303,2934.194113042043,26,0.3377241296238303,2934.194113042043,26,0.0,0,True,False
2025-08-02,250802.0,SPDC 389,21394027,Elizabeth Tashiro,0.2066919816262229,3344.994286123052,44,0.2066919816262229,3344.994286123052,31,0.0,13,True,True
2025-08-02,250802.0,SPDC 389,21428556,Caryn Knill,0.5841320148644489,2293.375964225232,2,0.5841320148644489,2293.375964225232,3,0.0,1,True,True
2025-08-02,250802.0,SPDC 389,21550393,Sarah Eggerichs,0.130675602308456,3609.18276096392,57,0.130675602308456,3609.18276096392,49,0.0,8,True,True
2025-08-02,250802.0,SPDC 389,21594891,Kinsey Keltz,0.2033013645050086,3356.35513027233,48,0.2033013645050086,3356.35513027233,50,0.0,2,True,True
2025-08-02,250802.0,SPDC 389,21616379,Debbie Dyson,-0.1527448292126597,4791.77926361688,120,-0.1527448292126597,4791.77926361688,120,0.0,0,True,False
2025-08-02,250802.0,SPDC 389,21858254,Kara Bingham,0.2444576254444913,3221.024064911948,39,0.2444576254444913,3221.024064911948,37,0.0,2,True,True
2025-08-02,250802.0,SPDC 389,21861742,Rachel DiDonna,-0.1970374722439631,5008.79035213645,128,-0.1970374722439631,5008.79035213645,128,0.0,0,True,False
2025-08-02,250802.0,SPDC 389,21886298,Ieva Veya,-0.0330631957567419,4251.280207100578,92,-0.0330631957567419,4251.280207100578,92,0.0,0,True,False
2025-08-02,250802.0,SPDC 389,21896723,Tricia Marotz,-0.138244894461666,4722.800082324852,118,-0.138244894461666,4722.800082324852,118,0.0,0,True,False
2025-08-02,250802.0,SPDC 389,21907039,Lauren Mecca,-0.1715831337969662,4882.903882694462,122,-0.1715831337969662,4882.903882694462,122,0.0,0,True,False
2025-08-02,250802.0,SPDC 389,21916237,Katie Greenfield,-0.4266294403996086,6301.491852951664,136,-0.4266294403996086,6301.491852951664,136,0.0,0,True,False
2025-08-02,250802.0,SPDC 389,21922205,Maria Seitz,0.109698181136801,3685.693804299135,62,0.109698181136801,3685.693804299135,39,0.0,23,True,True
2025-08-02,250802.0,SPDC 389,21922408,KaSaundra Olsen,-0.2488584266820743,5275.193671701178,132,-0.2488584266820743,5275.193671701178,132,0.0,0,True,False
2025-08-02,250802.0,SPDC 389,21924776,Nicholas Mueller,0.2989922499057355,3050.070536626786,30,0.2989922499057355,3050.070536626786,24,0.0,6,True,True
2025-08-02,250802.0,SPDC 389,21925075,Diana Jaffe,0.384394539839694,2800.400456633029,19,0.384394539839694,2800.400456633029,13,0.0,6,True,True
2025-08-02,250802.0,SPDC 389,21925467,Ameenah Saafir,-0.0759685809058363,4437.652622115947,103,-0.0759685809058363,4437.652622115947,103,0.0,0,True,False
2025-08-02,250802.0,SPDC 389,21927072,Katie Graham,-0.3161945341972639,5642.636953647199,133,-0.3161945341972639,5642.636953647199,133,0.0,0,True,False
2025-08-02,250802.0,SPDC 389,21927536,Skye Vandeleest,0.4371733899855966,2656.4312244401767,12,0.4371733899855966,2656.4312244401767,8,0.0,4,True,True
2025-08-02,250802.0,SPDC 389,21927541,Chloe Glikbarg,0.4329966124190644,2667.5497504264217,13,0.4329966124190644,2667.5497504264217,10,0.0,3,True,True
2025-08-02,250802.0,SPDC 389,21935425,Arlyn Purcell,-0.1823386447238369,4935.705453685886,124,-0.1823386447238369,4935.705453685886,124,0.0,0,True,False
2025-08-02,250802.0,SPDC 389,21939662,Scott Eng,0.2724080040498482,3132.2417522551777,33,0.2724080040498482,3132.2417522551777,36,0.0,3,True,True
2025-08-02,250802.0,SPDC 389,21960422,Andrew Paul,0.2174244503698953,3309.2862002124057,43,0.2174244503698953,3309.2862002124057,46,0.0,3,True,True
2025-08-02,250802.0,SPDC 389,21964658,Cosmo Smith,0.3392344191775065,2929.765975051639,24,0.3392344191775065,2929.765975051639,20,0.0,4,True,True
2025-08-02,250802.0,SPDC 389,21966640,Cindy Markison,0.1305341905879565,3609.6931777963528,58,0.1305341905879565,3609.6931777963528,60,0.0,2,True,True
2025-08-02,250802.0,SPDC 389,21968495,Jennifer Morrow,0.1039183014771742,3707.058353735472,64,0.1039183014771742,3707.058353735472,64,0.0,0,True,False
2025-08-02,250802.0,SPDC 389,21974544,Jamie Lim,0.0107304788397263,4069.118894504069,82,0.0107304788397263,4069.118894504069,82,0.0,0,True,False
2025-08-02,250802.0,SPDC 389,21976246,Edith Lewis,0.4172459610349871,2709.898027583092,14,0.4172459610349871,2709.898027583092,12,0.0,2,True,True
2025-08-02,250802.0,SPDC 389,21979616,Jennifer McCarthy,0.0280935397394418,3999.076371297401,79,0.0280935397394418,3999.076371297401,79,0.0,0,True,False
2025-08-02,250802.0,SPDC 389,21988310,Ashley Bromiley,0.3446836528463851,2913.844415206514,22,0.3446836528463851,2913.844415206514,23,0.0,1,True,True
2025-08-02,250802.0,SPDC 389,22035202,Rebecca Streitz,0.4122539844826821,2723.4595963499187,15,0.4122539844826821,2723.4595963499187,21,0.0,6,True,True
2025-08-02,250802.0,SPDC 389,22035203,Jessica Streitz,0.4986975215400133,2497.9226475729038,4,0.4986975215400133,2497.9226475729038,5,0.0,1,True,True
2025-08-02,250802.0,SPDC 389,22065952,Jodie Morse,0.0360832828873053,3967.25208150711,77,0.0360832828873053,3967.25208150711,77,0.0,0,True,False
2025-08-02,250802.0,SPDC 389,22206793,Bill McFadden,0.0100326360887716,4071.9594906568086,83,0.0100326360887716,4071.9594906568086,83,0.0,0,True,False
2025-08-02,250802.0,SPDC 389,22207268,Sarah Proctor,0.1380926571901438,3582.5122848082924,56,0.1380926571901438,3582.5122848082924,58,0.0,2,True,True
2025-08-02,250802.0,SPDC 389,22240338,Connie Buckwalter,-0.5176313612377347,6901.841970735159,137,-0.5176313612377347,6901.841970735159,137,0.0,0,True,False
2025-08-02,250802.0,SPDC 389,22250420,Julie Headlee,-0.6385392321447866,7788.873174517475,140,-0.6385392321447866,7788.873174517475,140,0.0,0,True,False
2025-08-02,250802.0,SPDC 389,22386336,Jodi Green,0.0215126702451938,4025.4805569520977,81,0.0215126702451938,4025.4805569520977,81,0.0,0,True,False
2025-08-02,250802.0,SPDC 389,22408132,Jen Lunsford,0.4076730403291151,2735.9642323172807,16,0.4076730403291151,2735.9642323172807,16,0.0,0,True,False
2025-08-02,250802.0,SPDC 389,22477087,Toni MacReynolds,0.2051038016890627,3350.310959737844,47,0.2051038016890627,3350.310959737844,48,0.0,1,True,True
2025-08-02,250802.0,SPDC 389,22477088,Samantha Saake,0.3324406565249962,2949.737875070552,27,0.3324406565249962,2949.737875070552,32,0.0,5,True,True
2025-08-02,250802.0,SPDC 389,22477750,Jessica Norris,0.2766995070179598,3118.8285295070887,32,0.2766995070179598,3118.8285295070887,35,0.0,3,True,True
2025-08-02,250802.0,SPDC 389,22489256,Alyssa Graham,0.0080447938872832,4080.061954116404,88,0.0080447938872832,4080.061954116404,88,0.0,0,True,False
2025-08-02,250802.0,SPDC 389,22490366,Alicia Gould,-0.0857029607045431,4481.061353918269,106,-0.0857029607045431,4481.061353918269,106,0.0,0,True,False
2025-08-02,250802.0,SPDC 389,22549301,Jenevieve Parker,-0.0361112543977602,4264.25812715411,93,-0.0361112543977602,4264.25812715411,93,0.0,0,True,False
2025-08-02,250802.0,SPDC 389,22549913,Sabrina Monserate-Lindsay,0.2359719237409622,3248.4730113827954,40,0.2359719237409622,3248.4730113827954,43,0.0,3,True,True
2025-08-02,250802.0,SPDC 389,22557667,Angela Morford,0.15753831000327,3513.5209593799323,54,0.15753831000327,3513.5209593799323,56,0.0,2,True,True
2025-08-02,250802.0,SPDC 389,22561030,Allie Arendell,0.4573072783199073,2603.481762754115,11,0.4573072783199073,2603.481762754115,14,0.0,3,True,True
2025-08-02,250802.0,SPDC 389,22608003,Rushing Smith III,0.0922527753935788,3750.556359934755,66,0.0922527753935788,3750.556359934755,66,0.0,0,True,False
2025-08-02,250802.0,SPDC 389,22638087,Karen Bell,-0.0525426409871626,4334.904621404656,97,-0.0525426409871626,4334.904621404656,97,0.0,0,True,False
2025-08-02,250802.0,SPDC 389,22640026,Leslie Richardson,0.3434552574333916,2917.42596765126,23,0.3434552574333916,2917.42596765126,11,0.0,12,True,True
2025-08-02,250802.0,SPDC 389,22654912,Karen Wells,0.0894853708965836,3760.950041598802,68,0.0894853708965836,3760.950041598802,68,0.0,0,True,False
2025-08-02,250802.0,SPDC 389,22682522,Marjorie No Last Name,-0.0922656435906447,4510.565846999572,108,-0.0922656435906447,4510.565846999572,108,0.0,0,True,False
2025-08-02,250802.0,SPDC 389,22684893,Ellen Leader,-0.2091965822226979,5070.064549826331,129,-0.2091965822226979,5070.064549826331,129,0.0,0,True,False
2025-08-02,250802.0,SPDC 389,22686729,Rebecca Young,0.0656924427027994,3851.507092570103,72,0.0656924427027994,3851.507092570103,72,0.0,0,True,False
2025-08-02,250802.0,SPDC 389,22691193,Wendy Weigant,0.0083906664461871,4078.651016664184,86,0.0083906664461871,4078.651016664184,86,0.0,0,True,False
2025-08-02,250802.0,SPDC 389,22691848,Ann Glezen,-0.1811275675820488,4929.73155179051,123,-0.1811275675820488,4929.73155179051,123,0.0,0,True,False
2025-08-02,250802.0,SPDC 389,22700663,Carter Lennon,0.1092349604980307,3687.401489224393,63,0.1092349604980307,3687.401489224393,63,0.0,0,True,False
2025-08-02,250802.0,SPDC 389,22703189,Beatrice Endler,0.5132119299976167,2461.928625834292,3,0.5132119299976167,2461.928625834292,4,0.0,1,True,True
2025-08-02,250802.0,SPDC 389,22713270,Christina Harwell,0.3379239198127081,2933.607948402918,25,0.3379239198127081,2933.607948402918,28,0.0,3,True,True
2025-08-02,250802.0,SPDC 389,22717065,Jose Salinas,-0.1250624779171075,4660.950722057161,113,-0.1250624779171075,4660.950722057161,113,0.0,0,True,False
2025-08-02,250802.0,SPDC 389,22722527,June Huber,-0.0241199696154489,4213.42955257832,91,-0.0241199696154489,4213.42955257832,91,0.0,0,True,False
2025-08-02,250802.0,SPDC 389,22729973,Ashley Tucker,0.1615788769774818,3499.3529852282245,53,0.1615788769774818,3499.3529852282245,55,0.0,2,True,True
2025-08-02,250802.0,SPDC 389,22732244,Amber Whitear,0.2622977534330374,3164.0701266672068,35,0.2622977534330374,3164.0701266672068,38,0.0,3,True,True
2025-08-02,250802.0,SPDC 389,22733821,Tara Mills,-0.3444367533557981,5804.269226840823,135,-0.3444367533557981,5804.269226840823,135,0.0,0,True,False
2025-08-02,250802.0,SPDC 389,22737556,Miranda Mann,0.0261578620226843,4006.824791119386,80,0.0261578620226843,4006.824791119386,80,0.0,0,True,False
2025-08-02,250802.0,SPDC 389,22797552,Melissa McCarthy,-0.0571323963928783,4354.846502494559,99,-0.0571323963928783,4354.846502494559,99,0.0,0,True,False
2025-08-02,250802.0,SPDC 389,22812262,Jolene Metty,-0.1957075606676322,5002.133531336391,127,-0.1957075606676322,5002.133531336391,127,0.0,0,True,False
2025-08-02,250802.0,SPDC 389,22814478,Irene Ho,0.1240365987174313,3633.2238544239194,61,0.1240365987174313,3633.2238544239194,62,0.0,1,True,True
2025-08-02,250802.0,SPDC 389,22816351,Michelle Malcom,0.004604140719829,4094.1242100023474,90,0.004604140719829,4094.1242100023474,90,0.0,0,True,False
2025-08-02,250802.0,SPDC 389,22817937,J.D. Armstrong,0.0087051889017566,4077.368391048864,85,0.0087051889017566,4077.368391048864,85,0.0,0,True,False
2025-08-02,250802.0,SPDC 389,22818396,Nicole Dominguez,-0.0879229881689397,4491.020483874308,107,-0.0879229881689397,4491.020483874308,107,0.0,0,True,False
2025-08-02,250802.0,SPDC 389,22830270,Dessa Burt,-0.1871059594118523,4959.291691629331,125,-0.1871059594118523,4959.291691629331,125,0.0,0,True,False
2025-08-02,250802.0,SPDC 389,22849486,Debra Svendson,-0.0806343241122011,4458.405946883291,105,-0.0806343241122011,4458.405946883291,105,0.0,0,True,False
2025-08-02,250802.0,SPDC 389,22858066,Olga Brezo Fernandez,-0.1359895942853575,4712.160752417461,117,-0.1359895942853575,4712.160752417461,117,0.0,0,True,False
2025-08-02,250802.0,SPDC 389,22858691,Chelsea Suedkamp,0.3297865261856486,2957.5772626341004,28,0.3297865261856486,2957.5772626341004,25,0.0,3,True,True
2025-08-02,250802.0,SPDC 389,22860511,Lydia Utkin,0.2559853009337627,3184.106341340894,37,0.2559853009337627,3184.106341340894,40,0.0,3,True,True
2025-08-02,250802.0,SPDC 389,23741633,Kim Knaub,0.4780544401694035,2550.023377693145,6,0.4780544401694035,2550.023377693145,7,0.0,1,True,True
2025-08-02,250802.0,SPDC 389,23746602,Amanda Collman,-0.1063774794246699,4574.669457749844,110,-0.1063774794246699,4574.669457749844,110,0.0,0,True,False
2025-08-02,250802.0,SPDC 389,23749445,Michaela Yaman,-0.0777954679218507,4445.767121953212,104,-0.0777954679218507,4445.767121953212,104,0.0,0,True,False
2025-08-02,250802.0,SPDC 389,23749556,Audrey Nelson,0.1281162328325134,3618.431823991494,60,0.1281162328325134,3618.431823991494,61,0.0,1,True,True
2025-08-02,250802.0,SPDC 389,23750128,Jasmine Lambert,0.4645654510318802,2584.653653957323,8,0.4645654510318802,2584.653653957323,6,0.0,2,True,True
2025-08-02,250802.0,SPDC 389,23758322,Shara Taylor,-0.5278755157183197,6972.908894863409,138,-0.5278755157183197,6972.908894863409,138,0.0,0,True,False
2025-08-02,250802.0,SPDC 389,23764458,Megan Banks,0.2054213427951193,3349.247267182048,46,0.2054213427951193,3349.247267182048,47,0.0,1,True,True
2025-08-02,250802.0,SPDC 389,23764612,Leesa Webster,-0.2433605852642999,5246.271072230554,131,-0.2433605852642999,5246.271072230554,131,0.0,0,True,False
2025-08-02,250802.0,SPDC 389,23848898,Nikki Hall,0.0502130395588123,3911.5899472232977,74,0.0502130395588123,3911.5899472232977,74,0.0,0,True,False
2025-08-02,250802.0,SPDC 389,23849778,Stephen Hall,0.1936940094465826,3388.7562208804648,50,0.1936940094465826,3388.7562208804648,52,0.0,2,True,True
2025-08-02,250802.0,SPDC 389,23855343,Elizabeth Winters,0.1954385407498469,3382.849583229161,49,0.1954385407498469,3382.849583229161,51,0.0,2,True,True
2025-08-02,250802.0,SPDC 389,23887819,Chris Viox,0.3472798450860261,2906.289326423242,21,0.3472798450860261,2906.289326423242,27,0.0,6,True,True
2025-08-02,250802.0,SPDC 389,23888152,Fiona DeAcutis,0.0437550960274751,3936.932516585153,75,0.0437550960274751,3936.932516585153,75,0.0,0,True,False
2025-08-02,250802.0,SPDC 389,23973497,Erin Manthey,-0.1327143088555878,4696.752328230436,115,-0.1327143088555878,4696.752328230436,115,0.0,0,True,False
2025-08-02,250802.0,SPDC 389,23987651,Jill Gregerson,-0.1028868597016439,4558.728863775746,109,-0.1028868597016439,4558.728863775746,109,0.0,0,True,False
2025-08-02,250802.0,SPDC 389,23994944,Cassie VonRueden,0.0979695924268501,3729.176286664153,65,0.0979695924268501,3729.176286664153,65,0.0,0,True,False
2025-08-02,250802.0,SPDC 389,24004029,Sara Feyereisen,-0.0364953331041534,4265.8962524637,94,-0.0364953331041534,4265.8962524637,94,0.0,0,True,False
2025-08-02,250802.0,SPDC 389,24005690,Hannah Bevis,-0.0485740579868222,4317.735284120341,96,-0.0485740579868222,4317.735284120341,96,0.0,0,True,False
2025-08-02,250802.0,SPDC 389,24005736,Monika Koops,0.0887327767053404,3763.781576118236,69,0.0887327767053404,3763.781576118236,69,0.0,0,True,False
2025-08-02,250802.0,SPDC 389,24098345,Erin Bahr,0.0094335464089389,4074.399690440627,84,0.0094335464089389,4074.399690440627,84,0.0,0,True,False
2025-08-02,250802.0,SPDC 389,24098367,Stephanie Klenzing,-0.1124494945609954,4602.531423475424,112,-0.1124494945609954,4602.531423475424,112,0.0,0,True,False
2025-08-02,250802.0,SPDC 389,24101904,Stefanie Haney,-0.0480303709958252,4315.388425651812,95,-0.0480303709958252,4315.388425651812,95,0.0,0,True,False
2025-08-02,250802.0,SPDC 389,24108436,Nicole Norstrud,-0.059733742173028,4366.189711474806,101,-0.059733742173028,4366.189711474806,101,0.0,0,True,False
2025-08-02,250802.0,SPDC 389,24123556,Caleigh Shaw,-0.1264205952183476,4667.285140340897,114,-0.1264205952183476,4667.285140340897,114,0.0,0,True,False
2025-08-02,250802.0,SPDC 389,24125223,Kristin De Guzman,-0.1934874174943802,4991.040397454364,126,-0.1934874174943802,4991.040397454364,126,0.0,0,True,False
2025-08-02,250802.0,SPDC 389,24137527,Cassiday Van Dyke,0.0081481931031335,4079.640100719757,87,0.0081481931031335,4079.640100719757,87,0.0,0,True,False
2025-08-02,250802.0,SPDC 389,24173066,Danielle Woodward,-0.0578479105609898,4357.963571887712,100,-0.0578479105609898,4357.963571887712,100,0.0,0,True,False
2025-08-02,250802.0,SPDC 389,24174014,Danielle Rumph,0.2343574450658858,3253.721837705211,41,0.2343574450658858,3253.721837705211,44,0.0,3,True,True
2025-08-02,250802.0,SPDC 389,24184564,Julie Kutchera,0.091754694806395,3752.424904553047,67,0.091754694806395,3752.424904553047,67,0.0,0,True,False
2025-08-02,250802.0,SPDC 389,24189141,Susan Adams,-0.2126594337160378,5087.651863977949,130,-0.2126594337160378,5087.651863977949,130,0.0,0,True,False
2025-08-02,250802.0,SPDC 389,24207911,Kristina Key,-0.1354566956778812,4709.650317477345,116,-0.1354566956778812,4709.650317477345,116,0.0,0,True,False
2025-08-03,250803.0,Orange County Speed Puzzlers Individuals,17732023,Andrew Bradburn,0.3757613845171466,3162.0332360957027,4,0.3757613845171466,3162.0332360957027,4,0.0,0,True,False
2025-08-03,250803.0,Orange County Speed Puzzlers Individuals,18495081,Trisha Siedlecki,0.3990026737262654,3089.3909274468465,3,0.3990026737262654,3089.3909274468465,2,0.0,1,True,True
2025-08-03,250803.0,Orange County Speed Puzzlers Individuals,19326944,Min-Yee Deng,0.492205773418366,2814.461258696893,1,0.492205773418366,2814.461258696893,1,0.0,0,True,False
2025-08-03,250803.0,Orange County Speed Puzzlers Individuals,19548766,Lindsay Steenstra,0.1408773215394456,3999.219882838978,9,0.1408773215394456,3999.219882838978,9,0.0,0,True,False
2025-08-03,250803.0,Orange County Speed Puzzlers Individuals,20498409,Monica Shin,-0.3354162134654097,6439.126200857422,10,-0.3354162134654097,6439.126200857422,10,0.0,0,True,False
2025-08-03,250803.0,Orange County Speed Puzzlers Individuals,21178749,Yuewen Chun,0.293244496242927,3434.0218939838464,5,0.293244496242927,3434.0218939838464,7,0.0,2,True,True
2025-08-03,250803.0,Orange County Speed Puzzlers Individuals,21394027,Elizabeth Tashiro,0.2304193036270605,3656.686211976332,7,0.2304193036270605,3656.686211976332,6,0.0,1,True,True
2025-08-03,250803.0,Orange County Speed Puzzlers Individuals,21918754,Karen Ni,0.2780158918667865,3486.7174765320024,6,0.2780158918667865,3486.7174765320024,5,0.0,1,True,True
2025-08-03,250803.0,Orange County Speed Puzzlers Individuals,21925075,Diana Jaffe,0.399456361624131,3087.989626072063,2,0.399456361624131,3087.989626072063,3,0.0,1,True,True
2025-08-03,250803.0,Orange County Speed Puzzlers Individuals,21935409,Darya Leylian,0.217677889777188,3703.5756488339575,8,0.217677889777188,3703.5756488339575,8,0.0,0,True,False
2025-08-09,250809.0,CT2025 - Connecticut Speed Puzzling Championship,17731902,EB Caron,0.3690522740061584,3367.025900495892,10,0.3690522740061584,3367.025900495892,9,0.0,1,True,True
2025-08-09,250809.0,CT2025 - Connecticut Speed Puzzling Championship,17915498,Melynda Owens,0.2559978611619694,3770.0348499980714,14,0.2559978611619694,3770.0348499980714,17,0.0,3,True,True
2025-08-09,250809.0,CT2025 - Connecticut Speed Puzzling Championship,18624739,Katherine Dilks,0.4751380936926698,3028.1262016232786,7,0.4751380936926698,3028.1262016232786,6,0.0,1,True,True
2025-08-09,250809.0,CT2025 - Connecticut Speed Puzzling Championship,19573602,Isabel Urrutia,0.1661575814387129,4124.416376004439,21,0.1661575814387129,4124.416376004439,21,0.0,0,True,False
2025-08-09,250809.0,CT2025 - Connecticut Speed Puzzling Championship,20321851,Ann Marie Greenleaf,-0.0465134632032367,5101.810974881792,37,-0.0465134632032367,5101.810974881792,37,0.0,0,True,False
2025-08-09,250809.0,CT2025 - Connecticut Speed Puzzling Championship,20453946,Sammy Brownlow,0.4831272799328029,3004.0303188514717,6,0.4831272799328029,3004.0303188514717,8,0.0,2,True,True
2025-08-09,250809.0,CT2025 - Connecticut Speed Puzzling Championship,20498998,Rachel Falk,-0.0564669299278461,5152.84524326551,38,-0.0564669299278461,5152.84524326551,38,0.0,0,True,False
2025-08-09,250809.0,CT2025 - Connecticut Speed Puzzling Championship,20505809,Madeleine Pedrow,0.0637297764589329,4569.264861505835,27,0.0637297764589329,4569.264861505835,27,0.0,0,True,False
2025-08-09,250809.0,CT2025 - Connecticut Speed Puzzling Championship,20533269,Elizaveta Gallagher,0.2673226849955042,3727.580716003176,12,0.2673226849955042,3727.580716003176,13,0.0,1,True,True
2025-08-09,250809.0,CT2025 - Connecticut Speed Puzzling Championship,20701996,Agnes Roche,0.2179207589578675,3916.35489568732,17,0.2179207589578675,3916.35489568732,11,0.0,6,True,True
2025-08-09,250809.0,CT2025 - Connecticut Speed Puzzling Championship,20739624,Mari Black,0.6284608919884597,2597.686430903493,2,0.6284608919884597,2597.686430903493,2,0.0,0,True,False
2025-08-09,250809.0,CT2025 - Connecticut Speed Puzzling Championship,21178939,Karen Brownlow,-0.2066303603582598,5987.730548525864,42,-0.2066303603582598,5987.730548525864,42,0.0,0,True,False
2025-08-09,250809.0,CT2025 - Connecticut Speed Puzzling Championship,21410220,Ashlyn Koga,0.2436417370521681,3816.906850286981,16,0.2436417370521681,3816.906850286981,16,0.0,0,True,False
2025-08-09,250809.0,CT2025 - Connecticut Speed Puzzling Championship,21556752,Hanna Sigler,0.5784980120759737,2730.7712939062358,3,0.5784980120759737,2730.7712939062358,5,0.0,2,True,True
2025-08-09,250809.0,CT2025 - Connecticut Speed Puzzling Championship,21594891,Kinsey Keltz,0.1997275156492042,3988.258186937673,18,0.1997275156492042,3988.258186937673,18,0.0,0,True,False
2025-08-09,250809.0,CT2025 - Connecticut Speed Puzzling Championship,21653788,Tracey Wehking,0.1818386246876203,4060.245671167933,19,0.1818386246876203,4060.245671167933,20,0.0,1,True,True
2025-08-09,250809.0,CT2025 - Connecticut Speed Puzzling Championship,21696285,Michelle Penta,0.0863749650773038,4466.955773180935,24,0.0863749650773038,4466.955773180935,24,0.0,0,True,False
2025-08-09,250809.0,CT2025 - Connecticut Speed Puzzling Championship,21837736,Mollie Tessler,-0.2044371932641906,5974.612844834724,41,-0.2044371932641906,5974.612844834724,41,0.0,0,True,False
2025-08-09,250809.0,CT2025 - Connecticut Speed Puzzling Championship,21851725,Maud Dias,0.4491098409262603,3107.977725599591,8,0.4491098409262603,3107.977725599591,7,0.0,1,True,True
2025-08-09,250809.0,CT2025 - Connecticut Speed Puzzling Championship,21925090,Emma Pan,0.5352539184089757,2851.4515722092065,5,0.5352539184089757,2851.4515722092065,1,0.0,4,True,True
2025-08-09,250809.0,CT2025 - Connecticut Speed Puzzling Championship,21968495,Jennifer Morrow,0.0748226549711326,4518.858653359508,26,0.0748226549711326,4518.858653359508,26,0.0,0,True,False
2025-08-09,250809.0,CT2025 - Connecticut Speed Puzzling Championship,21972367,Sarah Mackey,0.0517912055756552,4624.14228111876,30,0.0517912055756552,4624.14228111876,30,0.0,0,True,False
2025-08-09,250809.0,CT2025 - Connecticut Speed Puzzling Championship,21988310,Ashley Bromiley,0.3473388556088876,3440.935048937892,11,0.3473388556088876,3440.935048937892,10,0.0,1,True,True
2025-08-09,250809.0,CT2025 - Connecticut Speed Puzzling Championship,22065952,Jodie Morse,0.0492560961247828,4635.879859654709,31,0.0492560961247828,4635.879859654709,31,0.0,0,True,False
2025-08-09,250809.0,CT2025 - Connecticut Speed Puzzling Championship,22069622,Bailey Baleno,-0.015209102217311,4944.575953541736,34,-0.015209102217311,4944.575953541736,34,0.0,0,True,False
2025-08-09,250809.0,CT2025 - Connecticut Speed Puzzling Championship,22206793,Bill McFadden,0.0614628967262416,4579.634584430432,29,0.0614628967262416,4579.634584430432,29,0.0,0,True,False
2025-08-09,250809.0,CT2025 - Connecticut Speed Puzzling Championship,22250563,Erin Ireland,0.0617347062551108,4578.389965268985,28,0.0617347062551108,4578.389965268985,28,0.0,0,True,False
2025-08-09,250809.0,CT2025 - Connecticut Speed Puzzling Championship,22439893,Jen McGuire,0.1096976511351753,4363.979871115982,23,0.1096976511351753,4363.979871115982,23,0.0,0,True,False
2025-08-09,250809.0,CT2025 - Connecticut Speed Puzzling Championship,22543407,Tulsi Mali,-0.0928439802530943,5343.741627208745,40,-0.0928439802530943,5343.741627208745,40,0.0,0,True,False
2025-08-09,250809.0,CT2025 - Connecticut Speed Puzzling Championship,22551828,Kristin Squire,-0.0191489700744281,4964.095356092268,35,-0.0191489700744281,4964.095356092268,35,0.0,0,True,False
2025-08-09,250809.0,CT2025 - Connecticut Speed Puzzling Championship,22609934,Christine Parsons,0.266336530090324,3731.258501145589,13,0.266336530090324,3731.258501145589,14,0.0,1,True,True
2025-08-09,250809.0,CT2025 - Connecticut Speed Puzzling Championship,22630517,Manja Wurschke,-0.0013944417820239,4876.737973947377,33,-0.0013944417820239,4876.737973947377,33,0.0,0,True,False
2025-08-09,250809.0,CT2025 - Connecticut Speed Puzzling Championship,22700663,Carter Lennon,0.1460619191691711,4208.137654372298,22,0.1460619191691711,4208.137654372298,22,0.0,0,True,False
2025-08-09,250809.0,CT2025 - Connecticut Speed Puzzling Championship,22726143,Peyton Durkin,0.3950485728208341,3280.62362464819,9,0.3950485728208341,3280.62362464819,12,0.0,3,True,True
2025-08-09,250809.0,CT2025 - Connecticut Speed Puzzling Championship,22736994,Brooke Ouro-Djobo,0.2530357951566054,3781.218497239985,15,0.2530357951566054,3781.218497239985,15,0.0,0,True,False
2025-08-09,250809.0,CT2025 - Connecticut Speed Puzzling Championship,22814742,Grayson Shannon,0.6431679098235625,2559.7617731214177,1,0.6431679098235625,2559.7617731214177,3,0.0,2,True,True
2025-08-09,250809.0,CT2025 - Connecticut Speed Puzzling Championship,22861932,Trish Doty,0.169335858218312,4111.328648434574,20,0.169335858218312,4111.328648434574,19,0.0,1,True,True
2025-08-09,250809.0,CT2025 - Connecticut Speed Puzzling Championship,22862046,Emma Williamson,0.5670548109615977,2762.199535915061,4,0.5670548109615977,2762.199535915061,4,0.0,0,True,False
2025-08-09,250809.0,CT2025 - Connecticut Speed Puzzling Championship,23743070,Maggie Horne,-0.0593433128006304,5167.68813575657,39,-0.0593433128006304,5167.68813575657,39,0.0,0,True,False
2025-08-09,250809.0,CT2025 - Connecticut Speed Puzzling Championship,23749485,Jessica Rykowski,0.078113000621529,4504.014481065916,25,0.078113000621529,4504.014481065916,25,0.0,0,True,False
2025-08-09,250809.0,CT2025 - Connecticut Speed Puzzling Championship,23764760,Erin Cherry,0.029828669860754,4726.823614995825,32,0.029828669860754,4726.823614995825,32,0.0,0,True,False
2025-08-09,250809.0,CT2025 - Connecticut Speed Puzzling Championship,24005690,Hannah Bevis,-0.0423723004424772,5080.727230998508,36,-0.0423723004424772,5080.727230998508,36,0.0,0,True,False
2025-08-16,250816.0,MA2025 - Massachusetts Speed Puzzling Championship,17731921,Kaitlin MacKenzie,0.447818110669153,3684.097945509241,7,0.447818110669153,3684.097945509241,8,0.0,1,True,True
2025-08-16,250816.0,MA2025 - Massachusetts Speed Puzzling Championship,18141628,Allison Treacy,-0.1329751689940853,6585.162317223015,27,-0.1329751689940853,6585.162317223015,27,0.0,0,True,False
2025-08-16,250816.0,MA2025 - Massachusetts Speed Puzzling Championship,18980068,Tiffany Medeiros,0.6099736639190816,3132.62136708694,3,0.6099736639190816,3132.62136708694,2,0.0,1,True,True
2025-08-16,250816.0,MA2025 - Massachusetts Speed Puzzling Championship,19573602,Isabel Urrutia,0.1887504472681213,4773.564823203073,13,0.1887504472681213,4773.564823203073,14,0.0,1,True,True
2025-08-16,250816.0,MA2025 - Massachusetts Speed Puzzling Championship,20627442,Karen Chandran,0.0118377649791427,5697.37789431646,18,0.0118377649791427,5697.37789431646,18,0.0,0,True,False
2025-08-16,250816.0,MA2025 - Massachusetts Speed Puzzling Championship,20739624,Mari Black,0.6397016780213267,3040.865374021016,1,0.6397016780213267,3040.865374021016,3,0.0,2,True,True
2025-08-16,250816.0,MA2025 - Massachusetts Speed Puzzling Championship,21130118,Tanya Vattanasil,-0.0974084886399665,6355.066088760922,26,-0.0974084886399665,6355.066088760922,26,0.0,0,True,False
2025-08-16,250816.0,MA2025 - Massachusetts Speed Puzzling Championship,21181014,Emily Chandran,0.4710647017037168,3599.4430088720665,6,0.4710647017037168,3599.4430088720665,6,0.0,0,True,False
2025-08-16,250816.0,MA2025 - Massachusetts Speed Puzzling Championship,21405969,Owen Wartella,-0.0765489267088989,6223.875242853923,25,-0.0765489267088989,6223.875242853923,25,0.0,0,True,False
2025-08-16,250816.0,MA2025 - Massachusetts Speed Puzzling Championship,21925090,Emma Pan,0.5558118364461072,3306.968732436107,5,0.5558118364461072,3306.968732436107,1,0.0,4,True,True
2025-08-16,250816.0,MA2025 - Massachusetts Speed Puzzling Championship,21925158,Sakara Perry,-0.0177497801226391,5868.467905274662,22,-0.0177497801226391,5868.467905274662,22,0.0,0,True,False
2025-08-16,250816.0,MA2025 - Massachusetts Speed Puzzling Championship,22065952,Jodie Morse,0.0528294670622202,5468.554644709447,17,0.0528294670622202,5468.554644709447,17,0.0,0,True,False
2025-08-16,250816.0,MA2025 - Massachusetts Speed Puzzling Championship,22195550,Carmen Dueñas,0.2983432047733653,4278.064170498847,9,0.2983432047733653,4278.064170498847,9,0.0,0,True,False
2025-08-16,250816.0,MA2025 - Massachusetts Speed Puzzling Championship,22206793,Bill McFadden,0.0702964822054737,5373.864700714333,15,0.0702964822054737,5373.864700714333,15,0.0,0,True,False
2025-08-16,250816.0,MA2025 - Massachusetts Speed Puzzling Championship,22207268,Sarah Proctor,0.1484916263826523,4969.663785636843,14,0.1484916263826523,4969.663785636843,13,0.0,1,True,True
2025-08-16,250816.0,MA2025 - Massachusetts Speed Puzzling Championship,22438220,Maria Grant,0.2817361790440061,4349.703302243727,10,0.2817361790440061,4349.703302243727,12,0.0,2,True,True
2025-08-16,250816.0,MA2025 - Massachusetts Speed Puzzling Championship,22609934,Christine Parsons,0.2698143021124616,4401.870275944121,12,0.2698143021124616,4401.870275944121,10,0.0,2,True,True
2025-08-16,250816.0,MA2025 - Massachusetts Speed Puzzling Championship,22638087,Karen Bell,-0.0495491918407287,6058.080539666645,23,-0.0495491918407287,6058.080539666645,23,0.0,0,True,False
2025-08-16,250816.0,MA2025 - Massachusetts Speed Puzzling Championship,22797552,Melissa McCarthy,-0.0092805650588056,5818.976461156587,21,-0.0092805650588056,5818.976461156587,21,0.0,0,True,False
2025-08-16,250816.0,MA2025 - Massachusetts Speed Puzzling Championship,22814742,Grayson Shannon,0.6390621216244514,3042.8108009618168,2,0.6390621216244514,3042.8108009618168,4,0.0,2,True,True
2025-08-16,250816.0,MA2025 - Massachusetts Speed Puzzling Championship,22862046,Emma Williamson,0.5986526786434384,3168.287232904153,4,0.5986526786434384,3168.287232904153,5,0.0,1,True,True
2025-08-16,250816.0,MA2025 - Massachusetts Speed Puzzling Championship,22870980,Annabelle Platt,0.3992551706324403,3867.4239708803934,8,0.3992551706324403,3867.4239708803934,7,0.0,1,True,True
2025-08-16,250816.0,MA2025 - Massachusetts Speed Puzzling Championship,23751210,Megan Royden,-0.0005891321635847,5768.62036802317,20,-0.0005891321635847,5768.62036802317,20,0.0,0,True,False
2025-08-16,250816.0,MA2025 - Massachusetts Speed Puzzling Championship,23751429,Kerry Nicholson,0.2752998209846906,4377.789840696829,11,0.2752998209846906,4377.789840696829,11,0.0,0,True,False
2025-08-16,250816.0,MA2025 - Massachusetts Speed Puzzling Championship,23764003,Jennifer Lam,-0.0615513846541459,6131.228882541684,24,-0.0615513846541459,6131.228882541684,24,0.0,0,True,False
2025-08-16,250816.0,MA2025 - Massachusetts Speed Puzzling Championship,23764759,Pavitra Chari,-0.4295728879824136,8858.847732729806,28,-0.4295728879824136,8858.847732729806,28,0.0,0,True,False
2025-08-16,250816.0,MA2025 - Massachusetts Speed Puzzling Championship,23764760,Erin Cherry,0.0041233748251711,5741.499657682637,19,0.0041233748251711,5741.499657682637,19,0.0,0,True,False
2025-08-16,250816.0,MA2025 - Massachusetts Speed Puzzling Championship,24506407,Jenna Hickey,0.0604083902037683,5427.265550435089,16,0.0604083902037683,5427.265550435089,16,0.0,0,True,False
2025-09-12,250912.01,NE2025 - Nebraska Speed Puzzling Championship,23741633,Kim Knaub,0.472885645922884,2790.0,1,0.472885645922884,2790.0,1,0.0,0,True,False
2025-09-12,250912.03,NV2025 - Nevada Speed Puzzling Championship,20723938,Joyce Yoo,0.1150677354288144,4115.344779054365,1,0.1150677354288144,4115.344779054365,1,0.0,0,True,False
2025-09-17,250917.01,WJPC 2025 Semifinal 1,17915498,Melynda Owens,0.2507976879639854,3173.674514947063,13,0.2507976879639854,3173.674514947063,15,0.0,2,True,True
2025-09-17,250917.01,WJPC 2025 Semifinal 1,20453946,Sammy Brownlow,0.4755526452560948,2534.8516440619437,5,0.4755526452560948,2534.8516440619437,8,0.0,3,True,True
2025-09-17,250917.01,WJPC 2025 Semifinal 1,21394027,Elizabeth Tashiro,0.2256974258223203,3254.3427388143728,15,0.2256974258223203,3254.3427388143728,12,0.0,3,True,True
2025-09-17,250917.01,WJPC 2025 Semifinal 1,21412436,Iryna Shvydchenko,0.571036354869588,2304.010736275593,3,0.571036354869588,2304.010736275593,2,0.0,1,True,True
2025-09-17,250917.01,WJPC 2025 Semifinal 1,21556752,Hanna Sigler,0.6036885091069193,2229.994788396334,2,0.6036885091069193,2229.994788396334,3,0.0,1,True,True
2025-09-17,250917.01,WJPC 2025 Semifinal 1,21848873,Eric Goulet,0.4305566193567289,2651.5149030162133,7,0.4305566193567289,2651.5149030162133,5,0.0,2,True,True
2025-09-17,250917.01,WJPC 2025 Semifinal 1,21858254,Kara Bingham,0.2468453303370666,3186.2428325035057,14,0.2468453303370666,3186.2428325035057,14,0.0,0,True,False
2025-09-17,250917.01,WJPC 2025 Semifinal 1,21927541,Chloe Glikbarg,0.4226367238729025,2672.598001688338,8,0.4226367238729025,2672.598001688338,6,0.0,2,True,True
2025-09-17,250917.01,WJPC 2025 Semifinal 1,21936039,Caroline Orsi,0.3608614045722358,2842.904818786653,11,0.3608614045722358,2842.904818786653,11,0.0,0,True,False
2025-09-17,250917.01,WJPC 2025 Semifinal 1,21976246,Edith Lewis,0.3969642312021393,2742.098563487763,9,0.3969642312021393,2742.098563487763,7,0.0,2,True,True
2025-09-17,250917.01,WJPC 2025 Semifinal 1,22035202,Rebecca Streitz,0.3809075396503089,2786.482974137014,10,0.3809075396503089,2786.482974137014,10,0.0,0,True,False
2025-09-17,250917.01,WJPC 2025 Semifinal 1,22703189,Beatrice Endler,0.4934864772818362,2489.797246996868,4,0.4934864772818362,2489.797246996868,4,0.0,0,True,False
2025-09-17,250917.01,WJPC 2025 Semifinal 1,22755028,Jarom Chung,0.3202108411764015,2960.851560613645,12,0.3202108411764015,2960.851560613645,13,0.0,1,True,True
2025-09-17,250917.01,WJPC 2025 Semifinal 1,23758655,Hannah Doyle,0.677729238809511,2070.848690628287,1,0.677729238809511,2070.848690628287,1,0.0,0,True,False
2025-09-17,250917.01,WJPC 2025 Semifinal 1,24193461,Shea Burkett,0.4648088865373553,2562.232300723079,6,0.4648088865373553,2562.232300723079,9,0.0,3,True,True
2025-09-17,250917.02,WJPC 2025 Semifinal 2,20539458,Kyle Kossin,0.566189044923876,3061.517819711029,1,0.566189044923876,3061.517819711029,1,0.0,0,True,False
2025-09-17,250917.02,WJPC 2025 Semifinal 2,21594891,Kinsey Keltz,0.193239936817596,4445.355843787416,8,0.193239936817596,4445.355843787416,8,0.0,0,True,False
2025-09-17,250917.02,WJPC 2025 Semifinal 2,21927536,Skye Vandeleest,0.4215478812115234,3537.965966285806,3,0.4215478812115234,3537.965966285806,3,0.0,0,True,False
2025-09-17,250917.02,WJPC 2025 Semifinal 2,21935409,Darya Leylian,0.2709692770239407,4112.90906731475,5,0.2709692770239407,4112.90906731475,7,0.0,2,True,True
2025-09-17,250917.02,WJPC 2025 Semifinal 2,22077461,Jessica Musser,0.2315829622408695,4278.133837284934,6,0.2315829622408695,4278.133837284934,5,0.0,1,True,True
2025-09-17,250917.02,WJPC 2025 Semifinal 2,22861861,Jane Stine,0.3606047342839381,3760.286394084521,4,0.3606047342839381,3760.286394084521,4,0.0,0,True,False
2025-09-17,250917.02,WJPC 2025 Semifinal 2,23750128,Jasmine Lambert,0.470903704486672,3367.5859519394626,2,0.470903704486672,3367.5859519394626,2,0.0,0,True,False
2025-09-17,250917.02,WJPC 2025 Semifinal 2,23888265,Feifei Xue,0.1993015124081929,4418.491485737406,7,0.1993015124081929,4418.491485737406,6,0.0,1,True,True
2025-09-17,250917.03,WJPC 2025 Semifinal 3,20739624,Mari Black,0.6547133450445789,1956.1213612082788,1,0.6547133450445789,1956.1213612082788,1,0.0,0,True,False
2025-09-17,250917.03,WJPC 2025 Semifinal 3,20866417,Felisa Lewis,0.0697185184598947,3511.2020452330835,10,0.0697185184598947,3511.2020452330835,10,0.0,0,True,False
2025-09-17,250917.03,WJPC 2025 Semifinal 3,21428556,Caryn Knill,0.6181531738468772,2028.9608927195284,2,0.6181531738468772,2028.9608927195284,3,0.0,1,True,True
2025-09-17,250917.03,WJPC 2025 Semifinal 3,21924776,Nicholas Mueller,0.3111016053427178,2758.191896252445,6,0.3111016053427178,2758.191896252445,6,0.0,0,True,False
2025-09-17,250917.03,WJPC 2025 Semifinal 3,21925075,Diana Jaffe,0.4242964117089999,2463.0010578403994,5,0.4242964117089999,2463.0010578403994,5,0.0,0,True,False
2025-09-17,250917.03,WJPC 2025 Semifinal 3,21926827,Emily Boudreaux,0.0884672099547073,3445.9848799483784,9,0.0884672099547073,3445.9848799483784,9,0.0,0,True,False
2025-09-17,250917.03,WJPC 2025 Semifinal 3,22035203,Jessica Streitz,0.4694043337997733,2354.36870694301,4,0.4694043337997733,2354.36870694301,4,0.0,0,True,False
2025-09-17,250917.03,WJPC 2025 Semifinal 3,22324939,Lindsey Anderson,0.2028296976993268,3073.5930832044,8,0.2028296976993268,3073.5930832044,8,0.0,0,True,False
2025-09-17,250917.03,WJPC 2025 Semifinal 3,22819700,Kristin Blair,0.218516710759786,3025.7537971479724,7,0.218516710759786,3025.7537971479724,7,0.0,0,True,False
2025-09-17,250917.03,WJPC 2025 Semifinal 3,22862046,Emma Williamson,0.5975458429990786,2071.2061470939634,3,0.5975458429990786,2071.2061470939634,2,0.0,1,True,True
2025-09-20,250920.0,WJPC 2025 Final,20453946,Sammy Brownlow,0.462712548485749,3461.871260042786,11,0.462712548485749,3461.871260042786,15,0.0,4,True,True
2025-09-20,250920.0,WJPC 2025 Final,20539458,Kyle Kossin,0.5195148853513106,3270.709495947364,8,0.5195148853513106,3270.709495947364,7,0.0,1,True,True
2025-09-20,250920.0,WJPC 2025 Final,20739624,Mari Black,0.6291814895737251,2930.9902299992773,3,0.6291814895737251,2930.9902299992773,3,0.0,0,True,False
2025-09-20,250920.0,WJPC 2025 Final,21412436,Iryna Shvydchenko,0.5744734720224505,3095.806166168738,6,0.5744734720224505,3095.806166168738,2,0.0,4,True,True
2025-09-20,250920.0,WJPC 2025 Final,21428556,Caryn Knill,0.5871531833226028,3056.8000534640105,5,0.5871531833226028,3056.8000534640105,6,0.0,1,True,True
2025-09-20,250920.0,WJPC 2025 Final,21556752,Hanna Sigler,0.6309954133304103,2925.678456223242,2,0.6309954133304103,2925.678456223242,5,0.0,3,True,True
2025-09-20,250920.0,WJPC 2025 Final,21848873,Eric Goulet,0.4103234608152364,3648.0703521249775,16,0.4103234608152364,3648.0703521249775,13,0.0,3,True,True
2025-09-20,250920.0,WJPC 2025 Final,21925075,Diana Jaffe,0.4209424858837701,3609.536360418204,15,0.4209424858837701,3609.536360418204,14,0.0,1,True,True
2025-09-20,250920.0,WJPC 2025 Final,21927536,Skye Vandeleest,0.4352584547272525,3558.230473329391,13,0.4352584547272525,3558.230473329391,12,0.0,1,True,True
2025-09-20,250920.0,WJPC 2025 Final,22035202,Rebecca Streitz,0.4005543712350289,3683.883323434764,17,0.4005543712350289,3683.883323434764,16,0.0,1,True,True
2025-09-20,250920.0,WJPC 2025 Final,22035203,Jessica Streitz,0.4453021530044157,3522.6715505198267,12,0.4453021530044157,3522.6715505198267,9,0.0,3,True,True
2025-09-20,250920.0,WJPC 2025 Final,22703189,Beatrice Endler,0.4861665084231344,3381.621436942594,9,0.4861665084231344,3381.621436942594,8,0.0,1,True,True
2025-09-20,250920.0,WJPC 2025 Final,22862046,Emma Williamson,0.600556184609088,3016.1030983190826,4,0.600556184609088,3016.1030983190826,4,0.0,0,True,False
2025-09-20,250920.0,WJPC 2025 Final,23750128,Jasmine Lambert,0.4690163018331292,3440.117115916065,10,0.4690163018331292,3440.117115916065,10,0.0,0,True,False
2025-09-20,250920.0,WJPC 2025 Final,23758655,Hannah Doyle,0.6659567793041967,2825.1601087585645,1,0.6659567793041967,2825.1601087585645,1,0.0,0,True,False
2025-09-20,250920.0,WJPC 2025 Final,23887118,Sarah Stubeck,0.4258512879550812,3591.861278088136,14,0.4258512879550812,3591.861278088136,17,0.0,3,True,True
2025-09-20,250920.0,WJPC 2025 Final,24193461,Shea Burkett,0.5262526549416064,3248.7462835886354,7,0.5262526549416064,3248.7462835886354,11,0.0,4,True,True
2025-09-27,250927.0,SPDC 417,17593434,Jonathan Cluff,0.1581757747177492,3903.328942687281,57,0.1581757747177492,3903.328942687281,60,0.0,3,True,True
2025-09-27,250927.0,SPDC 417,17731921,Kaitlin MacKenzie,0.4899746203025108,2801.152440822336,7,0.4899746203025108,2801.152440822336,14,0.0,7,True,True
2025-09-27,250927.0,SPDC 417,17731931,Jessica Graber,-0.0159337563952462,4645.687152890906,92,-0.0159337563952462,4645.687152890906,92,0.0,0,True,False
2025-09-27,250927.0,SPDC 417,17915498,Melynda Owens,0.2390872451747505,3599.944013870902,41,0.2390872451747505,3599.944013870902,45,0.0,4,True,True
2025-09-27,250927.0,SPDC 417,18141628,Allison Treacy,-0.1488792289936397,5306.246798896758,118,-0.1488792289936397,5306.246798896758,118,0.0,0,True,False
2025-09-27,250927.0,SPDC 417,18518434,Elizabeth McElveen,0.306628345950417,3364.829162500203,27,0.306628345950417,3364.829162500203,35,0.0,8,True,True
2025-09-27,250927.0,SPDC 417,18852026,Kimberly Kenne,0.2074105365094504,3715.803731088587,47,0.2074105365094504,3715.803731088587,31,0.0,16,True,True
2025-09-27,250927.0,SPDC 417,18956787,Kelly Buhr,0.4611606352748642,2883.038877177595,12,0.4611606352748642,2883.038877177595,12,0.0,0,True,False
2025-09-27,250927.0,SPDC 417,19440409,Laurie Burlingame,-0.1440581383442871,5280.726469412913,117,-0.1440581383442871,5280.726469412913,117,0.0,0,True,False
2025-09-27,250927.0,SPDC 417,19548766,Lindsay Steenstra,0.1930306458031395,3769.622610034911,51,0.1930306458031395,3769.622610034911,55,0.0,4,True,True
2025-09-27,250927.0,SPDC 417,20321851,Ann Marie Greenleaf,-0.0149977625637793,4641.340852745248,90,-0.0149977625637793,4641.340852745248,90,0.0,0,True,False
2025-09-27,250927.0,SPDC 417,20453946,Sammy Brownlow,0.4612479393812457,2882.7871870317117,11,0.4612479393812457,2882.7871870317117,18,0.0,7,True,True
2025-09-27,250927.0,SPDC 417,20531734,Norah Molina,0.0535852075744843,4333.694152284736,77,0.0535852075744843,4333.694152284736,77,0.0,0,True,False
2025-09-27,250927.0,SPDC 417,20696150,Tessa Melli,0.1716921458734342,3850.925052979954,54,0.1716921458734342,3850.925052979954,57,0.0,3,True,True
2025-09-27,250927.0,SPDC 417,20719464,Deborah Wilson,-0.4233612898367473,6982.2193776578215,131,-0.4233612898367473,6982.2193776578215,131,0.0,0,True,False
2025-09-27,250927.0,SPDC 417,20720301,Melissa Martin,0.0464996586252587,4364.50979829095,78,0.0464996586252587,4364.50979829095,78,0.0,0,True,False
2025-09-27,250927.0,SPDC 417,20720304,Lisa George,0.1278908288694491,4023.349279856984,63,0.1278908288694491,4023.349279856984,65,0.0,2,True,True
2025-09-27,250927.0,SPDC 417,20736847,Stephanie Vargas,-0.2851368113146515,6080.836994838196,127,-0.2851368113146515,6080.836994838196,127,0.0,0,True,False
2025-09-27,250927.0,SPDC 417,20853119,Kevin Collins,0.3687057311065934,3162.300622213099,22,0.3687057311065934,3162.300622213099,16,0.0,6,True,True
2025-09-27,250927.0,SPDC 417,20859985,Jessa Douglas,0.550804388676067,2635.8379792776504,3,0.550804388676067,2635.8379792776504,8,0.0,5,True,True
2025-09-27,250927.0,SPDC 417,20860009,Andrea Heistand,0.4743630865609337,2845.225858362631,8,0.4743630865609337,2845.225858362631,2,0.0,6,True,True
2025-09-27,250927.0,SPDC 417,20866417,Felisa Lewis,0.0629210161223735,4293.4238836200775,75,0.0629210161223735,4293.4238836200775,75,0.0,0,True,False
2025-09-27,250927.0,SPDC 417,20866882,Stephanie Thompson,0.0538641365888001,4332.485527814544,76,0.0538641365888001,4332.485527814544,76,0.0,0,True,False
2025-09-27,250927.0,SPDC 417,21090776,Ashley Willard,-0.0151902499248271,4642.234338187292,91,-0.0151902499248271,4642.234338187292,91,0.0,0,True,False
2025-09-27,250927.0,SPDC 417,21111122,Deanna OMara,-0.0520537749265933,4816.556789395613,99,-0.0520537749265933,4816.556789395613,99,0.0,0,True,False
2025-09-27,250927.0,SPDC 417,21113122,Jeremy Seidling,0.265398716251345,3506.4594425378896,32,0.265398716251345,3506.4594425378896,32,0.0,0,True,False
2025-09-27,250927.0,SPDC 417,21169710,Rachel Shields,-0.1217316982466095,5164.133047400172,112,-0.1217316982466095,5164.133047400172,112,0.0,0,True,False
2025-09-27,250927.0,SPDC 417,21181439,Chelsea Widmaier,0.2459030421008716,3575.490954733614,36,0.2459030421008716,3575.490954733614,28,0.0,8,True,True
2025-09-27,250927.0,SPDC 417,21198876,Angie Gazdic,0.3351143478977229,3270.330960388481,26,0.3351143478977229,3270.330960388481,24,0.0,2,True,True
2025-09-27,250927.0,SPDC 417,21394027,Elizabeth Tashiro,0.227507799476817,3641.871651011012,43,0.227507799476817,3641.871651011012,33,0.0,10,True,True
2025-09-27,250927.0,SPDC 417,21410956,Kori Klustaitis,0.0850415922698493,4199.49359979875,69,0.0850415922698493,4199.49359979875,69,0.0,0,True,False
2025-09-27,250927.0,SPDC 417,21428556,Caryn Knill,0.599086433036325,2511.5977534230706,2,0.599086433036325,2511.5977534230706,3,0.0,1,True,True
2025-09-27,250927.0,SPDC 417,21550393,Sarah Eggerichs,0.1083198173980795,4102.865866732868,64,0.1083198173980795,4102.865866732868,50,0.0,14,True,True
2025-09-27,250927.0,SPDC 417,21583590,Lindsay Wang,0.396073695837555,3076.928450230549,19,0.396073695837555,3076.928450230549,21,0.0,2,True,True
2025-09-27,250927.0,SPDC 417,21594891,Kinsey Keltz,0.1968807305765271,3755.137146447341,50,0.1968807305765271,3755.137146447341,51,0.0,1,True,True
2025-09-27,250927.0,SPDC 417,21606421,Robin Patrick,0.0350314798364381,4414.8508855444,80,0.0350314798364381,4414.8508855444,80,0.0,0,True,False
2025-09-27,250927.0,SPDC 417,21858254,Kara Bingham,0.236005048582618,3611.056866242568,42,0.236005048582618,3611.056866242568,40,0.0,2,True,True
2025-09-27,250927.0,SPDC 417,21886298,Ieva Veya,0.0124692042375121,4515.592170726716,84,0.0124692042375121,4515.592170726716,84,0.0,0,True,False
2025-09-27,250927.0,SPDC 417,21892775,Andrea Reynolds,0.2803033625490693,3454.584454290906,28,0.2803033625490693,3454.584454290906,23,0.0,5,True,True
2025-09-27,250927.0,SPDC 417,21900482,Hiromi Kimura,0.1494648313308043,3937.479144420268,60,0.1494648313308043,3937.479144420268,62,0.0,2,True,True
2025-09-27,250927.0,SPDC 417,21907039,Lauren Mecca,-0.1911119690486531,5535.143589179787,121,-0.1911119690486531,5535.143589179787,121,0.0,0,True,False
2025-09-27,250927.0,SPDC 417,21922205,Maria Seitz,0.0986690204859345,4142.653474219577,66,0.0986690204859345,4142.653474219577,42,0.0,24,True,True
2025-09-27,250927.0,SPDC 417,21924024,Jasper Lee,0.4935131598528886,2791.25796843905,5,0.4935131598528886,2791.25796843905,13,0.0,8,True,True
2025-09-27,250927.0,SPDC 417,21925467,Ameenah Saafir,-0.0712297506854119,4909.810220837121,103,-0.0712297506854119,4909.810220837121,103,0.0,0,True,False
2025-09-27,250927.0,SPDC 417,21926468,Meredith Yeager,0.1738678082543816,3842.555847794085,53,0.1738678082543816,3842.555847794085,52,0.0,1,True,True
2025-09-27,250927.0,SPDC 417,21926827,Emily Boudreaux,0.0963317239257717,4152.347408321102,67,0.0963317239257717,4152.347408321102,67,0.0,0,True,False
2025-09-27,250927.0,SPDC 417,21927072,Katie Graham,-0.2803532203792863,6051.818220419123,126,-0.2803532203792863,6051.818220419123,126,0.0,0,True,False
2025-09-27,250927.0,SPDC 417,21927536,Skye Vandeleest,0.440838224908985,2942.22857793452,14,0.440838224908985,2942.22857793452,11,0.0,3,True,True
2025-09-27,250927.0,SPDC 417,21936039,Caroline Orsi,0.3412288151572109,3250.3956378516127,25,0.3412288151572109,3250.3956378516127,27,0.0,2,True,True
2025-09-27,250927.0,SPDC 417,21939662,Scott Eng,0.2559010954088521,3539.921116435152,33,0.2559010954088521,3539.921116435152,38,0.0,5,True,True
2025-09-27,250927.0,SPDC 417,21960422,Andrew Paul,0.2404551970965069,3595.0228302776054,39,0.2404551970965069,3595.0228302776054,44,0.0,5,True,True
2025-09-27,250927.0,SPDC 417,21964658,Cosmo Smith,0.3476599962463155,3229.5588293553697,24,0.3476599962463155,3229.5588293553697,19,0.0,5,True,True
2025-09-27,250927.0,SPDC 417,21968495,Jennifer Morrow,0.0768857784556391,4233.883937679909,70,0.0768857784556391,4233.883937679909,70,0.0,0,True,False
2025-09-27,250927.0,SPDC 417,21974544,Jamie Lim,-0.0012348129372216,4577.899881242895,88,-0.0012348129372216,4577.899881242895,88,0.0,0,True,False
2025-09-27,250927.0,SPDC 417,21976246,Edith Lewis,0.3774772179587877,3134.6838410660635,21,0.3774772179587877,3134.6838410660635,15,0.0,6,True,True
2025-09-27,250927.0,SPDC 417,21979616,Jennifer McCarthy,-0.0139167323151413,4636.326133908934,89,-0.0139167323151413,4636.326133908934,89,0.0,0,True,False
2025-09-27,250927.0,SPDC 417,21988310,Ashley Bromiley,0.3524363889801368,3214.1699689066904,23,0.3524363889801368,3214.1699689066904,22,0.0,1,True,True
2025-09-27,250927.0,SPDC 417,22035202,Rebecca Streitz,0.4118422166216354,3028.790370608414,18,0.4118422166216354,3028.790370608414,20,0.0,2,True,True
2025-09-27,250927.0,SPDC 417,22035203,Jessica Streitz,0.45899285474688,2889.2954517070693,13,0.45899285474688,2889.2954517070693,6,0.0,7,True,True
2025-09-27,250927.0,SPDC 417,22065952,Jodie Morse,0.0662911689707618,4278.978743726274,73,0.0662911689707618,4278.978743726274,73,0.0,0,True,False
2025-09-27,250927.0,SPDC 417,22206793,Bill McFadden,0.0904011361879191,4177.046436428266,68,0.0904011361879191,4177.046436428266,68,0.0,0,True,False
2025-09-27,250927.0,SPDC 417,22211360,Gregory Wiseburn,-1.2857723496915232,16539.93713007993,135,-1.2857723496915232,16539.93713007993,135,0.0,0,True,False
2025-09-27,250927.0,SPDC 417,22233683,Chris Morrissey,-0.1845306208279326,5498.834494224458,120,-0.1845306208279326,5498.834494224458,120,0.0,0,True,False
2025-09-27,250927.0,SPDC 417,22250420,Julie Headlee,-0.6406486118199021,8676.811744304923,134,-0.6406486118199021,8676.811744304923,134,0.0,0,True,False
2025-09-27,250927.0,SPDC 417,22344218,Amanda Van Straten,0.2273715867049505,3642.367754230405,44,0.2273715867049505,3642.367754230405,47,0.0,3,True,True
2025-09-27,250927.0,SPDC 417,22389912,Tazia Statucki,0.1570554622014039,3907.704341406532,58,0.1570554622014039,3907.704341406532,53,0.0,5,True,True
2025-09-27,250927.0,SPDC 417,22392412,Elizabeth Alvarez,0.2058327644917718,3721.6710496670585,48,0.2058327644917718,3721.6710496670585,41,0.0,7,True,True
2025-09-27,250927.0,SPDC 417,22408132,Jen Lunsford,0.4128648426221283,3025.6946339855567,17,0.4128648426221283,3025.6946339855567,17,0.0,0,True,False
2025-09-27,250927.0,SPDC 417,22408483,Becky Rogers,-0.0375927703743342,4747.405741618127,96,-0.0375927703743342,4747.405741618127,96,0.0,0,True,False
2025-09-27,250927.0,SPDC 417,22423946,Jennifer Sipple,0.5003128975412544,2772.3425293270257,4,0.5003128975412544,2772.3425293270257,5,0.0,1,True,True
2025-09-27,250927.0,SPDC 417,22477087,Toni MacReynolds,0.2081549312877205,3713.038735445921,46,0.2081549312877205,3713.038735445921,49,0.0,3,True,True
2025-09-27,250927.0,SPDC 417,22477750,Jessica Norris,0.2392731163896639,3599.2749500852046,40,0.2392731163896639,3599.2749500852046,46,0.0,6,True,True
2025-09-27,250927.0,SPDC 417,22489256,Alyssa Graham,0.0330676557406152,4423.529394836596,81,0.0330676557406152,4423.529394836596,81,0.0,0,True,False
2025-09-27,250927.0,SPDC 417,22549301,Jenevieve Parker,-0.0186323366652977,4658.240843535133,93,-0.0186323366652977,4658.240843535133,93,0.0,0,True,False
2025-09-27,250927.0,SPDC 417,22549913,Sabrina Monserate-Lindsay,0.2488717860911514,3564.891978058062,35,0.2488717860911514,3564.891978058062,39,0.0,4,True,True
2025-09-27,250927.0,SPDC 417,22555702,Rose Robbins,0.2431748535230938,3585.258886637824,37,0.2431748535230938,3585.258886637824,34,0.0,3,True,True
2025-09-27,250927.0,SPDC 417,22557667,Angela Morford,0.1546862432495288,3916.973524616969,59,0.1546862432495288,3916.973524616969,61,0.0,2,True,True
2025-09-27,250927.0,SPDC 417,22608003,Rushing Smith III,0.1029677903946596,4124.883382255708,65,0.1029677903946596,4124.883382255708,66,0.0,1,True,True
2025-09-27,250927.0,SPDC 417,22609934,Christine Parsons,0.2737330918362455,3477.356737468222,30,0.2737330918362455,3477.356737468222,29,0.0,1,True,True
2025-09-27,250927.0,SPDC 417,22638087,Karen Bell,-0.0248869836707233,4687.467802552239,94,-0.0248869836707233,4687.467802552239,94,0.0,0,True,False
2025-09-27,250927.0,SPDC 417,22654912,Karen Wells,0.0731307170478034,4249.812319168363,72,0.0731307170478034,4249.812319168363,72,0.0,0,True,False
2025-09-27,250927.0,SPDC 417,22673646,Gloria Johnston,-0.4754776237949607,7355.75619579246,133,-0.4754776237949607,7355.75619579246,133,0.0,0,True,False
2025-09-27,250927.0,SPDC 417,22682522,Marjorie No Last Name,-0.0888653361794329,4997.165616470197,106,-0.0888653361794329,4997.165616470197,106,0.0,0,True,False
2025-09-27,250927.0,SPDC 417,22684893,Ellen Leader,-0.2000903788308155,5585.064144780367,122,-0.2000903788308155,5585.064144780367,122,0.0,0,True,False
2025-09-27,250927.0,SPDC 417,22691193,Wendy Weigant,0.0080692194900589,4535.504482212079,86,0.0080692194900589,4535.504482212079,86,0.0,0,True,False
2025-09-27,250927.0,SPDC 417,22703189,Beatrice Endler,0.4923665569937061,2794.46026833865,6,0.4923665569937061,2794.46026833865,4,0.0,2,True,True
2025-09-27,250927.0,SPDC 417,22704935,Samantha Nutter-Topel,-0.1313024353337881,5213.794878162171,114,-0.1313024353337881,5213.794878162171,114,0.0,0,True,False
2025-09-27,250927.0,SPDC 417,22704976,Daniela Spano,-0.085203619317674,4978.900871441854,105,-0.085203619317674,4978.900871441854,105,0.0,0,True,False
2025-09-27,250927.0,SPDC 417,22713270,Christina Harwell,0.4218252930880904,2998.7041511228144,15,0.4218252930880904,2998.7041511228144,25,0.0,10,True,True
2025-09-27,250927.0,SPDC 417,22717065,Jose Salinas,-0.2477041834686573,5857.4228624004245,125,-0.2477041834686573,5857.4228624004245,125,0.0,0,True,False
2025-09-27,250927.0,SPDC 417,22722527,June Huber,-0.059690376121292,4853.479716122923,102,-0.059690376121292,4853.479716122923,102,0.0,0,True,False
2025-09-27,250927.0,SPDC 417,22729973,Ashley Tucker,0.1807578021953044,3816.1716591110153,52,0.1807578021953044,3816.1716591110153,56,0.0,4,True,True
2025-09-27,250927.0,SPDC 417,22733821,Tara Mills,-0.3413741453464688,6432.605615994923,129,-0.3413741453464688,6432.605615994923,129,0.0,0,True,False
2025-09-27,250927.0,SPDC 417,22736994,Brooke Ouro-Djobo,0.251378461021817,3555.967143209224,34,0.251378461021817,3555.967143209224,30,0.0,4,True,True
2025-09-27,250927.0,SPDC 417,22757315,Shalise Hassing,0.158212259061401,3903.186534890596,56,0.158212259061401,3903.186534890596,59,0.0,3,True,True
2025-09-27,250927.0,SPDC 417,22797552,Melissa McCarthy,0.0051088965695967,4548.950933185293,87,0.0051088965695967,4548.950933185293,87,0.0,0,True,False
2025-09-27,250927.0,SPDC 417,22812262,Jolene Metty,-0.1349340890759275,5232.763999634191,116,-0.1349340890759275,5232.763999634191,116,0.0,0,True,False
2025-09-27,250927.0,SPDC 417,22816351,Michelle Malcom,0.0098548231260438,4527.4130950726285,85,0.0098548231260438,4527.4130950726285,85,0.0,0,True,False
2025-09-27,250927.0,SPDC 417,22816373,Aurali Dade,0.0428442483827327,4380.493067015927,79,0.0428442483827327,4380.493067015927,79,0.0,0,True,False
2025-09-27,250927.0,SPDC 417,22817937,J.D. Armstrong,0.0199260406537398,4482.04537053356,83,0.0199260406537398,4482.04537053356,83,0.0,0,True,False
2025-09-27,250927.0,SPDC 417,22825074,Katherine Wood,0.1293838487659264,4017.346821341686,62,0.1293838487659264,4017.346821341686,64,0.0,2,True,True
2025-09-27,250927.0,SPDC 417,22830270,Dessa Burt,-0.1332167484184232,5223.785273239151,115,-0.1332167484184232,5223.785273239151,115,0.0,0,True,False
2025-09-27,250927.0,SPDC 417,22849486,Debra Svendson,-0.0954771317653965,5030.315322812682,107,-0.0954771317653965,5030.315322812682,107,0.0,0,True,False
2025-09-27,250927.0,SPDC 417,22857066,Nathan Biberdorf,0.4154920377733989,3017.755976481326,16,0.4154920377733989,3017.755976481326,10,0.0,6,True,True
2025-09-27,250927.0,SPDC 417,22858066,Olga Brezo Fernandez,-0.1250229366162571,5181.157440531988,113,-0.1250229366162571,5181.157440531988,113,0.0,0,True,False
2025-09-27,250927.0,SPDC 417,22860511,Lydia Utkin,0.2420716737556789,3589.2162541450425,38,0.2420716737556789,3589.2162541450425,43,0.0,5,True,True
2025-09-27,250927.0,SPDC 417,22874878,Kara Bancroft,-0.1187301313297294,5148.655796113503,111,-0.1187301313297294,5148.655796113503,111,0.0,0,True,False
2025-09-27,250927.0,SPDC 417,23741633,Kim Knaub,0.4728856459228839,2849.4326175234555,9,0.4728856459228839,2849.4326175234555,9,0.0,0,True,False
2025-09-27,250927.0,SPDC 417,23749556,Audrey Nelson,0.1313516292548384,4009.449337455165,61,0.1313516292548384,4009.449337455165,63,0.0,2,True,True
2025-09-27,250927.0,SPDC 417,23750128,Jasmine Lambert,0.4635360795464565,2876.198506668029,10,0.4635360795464565,2876.198506668029,7,0.0,3,True,True
2025-09-27,250927.0,SPDC 417,23758655,Hannah Doyle,0.6699614387867309,2339.750032689581,1,0.6699614387867309,2339.750032689581,1,0.0,0,True,False
2025-09-27,250927.0,SPDC 417,23764458,Megan Banks,0.2121428295227636,3698.2610004624194,45,0.2121428295227636,3698.2610004624194,48,0.0,3,True,True
2025-09-27,250927.0,SPDC 417,23764496,Marie Mogni,-0.2194001958954824,5693.958695036779,124,-0.2194001958954824,5693.958695036779,124,0.0,0,True,False
2025-09-27,250927.0,SPDC 417,23786476,Bethany Quinn,0.267485312947323,3499.1505039059653,31,0.267485312947323,3499.1505039059653,37,0.0,6,True,True
2025-09-27,250927.0,SPDC 417,23839584,Jennifer Ferris,-0.3009668131444883,6177.862587125092,128,-0.3009668131444883,6177.862587125092,128,0.0,0,True,False
2025-09-27,250927.0,SPDC 417,23846192,Kathy Johnson,-0.4395221917837294,7095.97506178911,132,-0.4395221917837294,7095.97506178911,132,0.0,0,True,False
2025-09-27,250927.0,SPDC 417,23848490,Ryder Jackson,0.2001474598651571,3742.8901446591167,49,0.2001474598651571,3742.8901446591167,54,0.0,5,True,True
2025-09-27,250927.0,SPDC 417,23848898,Nikki Hall,0.0657826308502758,4281.155320923543,74,0.0657826308502758,4281.155320923543,74,0.0,0,True,False
2025-09-27,250927.0,SPDC 417,23855343,Elizabeth Winters,0.1627673785052469,3885.44748642729,55,0.1627673785052469,3885.44748642729,58,0.0,3,True,True
2025-09-27,250927.0,SPDC 417,23887819,Chris Viox,0.3798840351694204,3127.1483020176674,20,0.3798840351694204,3127.1483020176674,26,0.0,6,True,True
2025-09-27,250927.0,SPDC 417,23888152,Fiona DeAcutis,-0.0497727831600009,4805.582783582212,98,-0.0497727831600009,4805.582783582212,98,0.0,0,True,False
2025-09-27,250927.0,SPDC 417,23889376,Katie Frank,-0.0415816325974344,4766.380307344085,97,-0.0415816325974344,4766.380307344085,97,0.0,0,True,False
2025-09-27,250927.0,SPDC 417,23973497,Erin Manthey,-0.1580323723972935,5355.038595289173,119,-0.1580323723972935,5355.038595289173,119,0.0,0,True,False
2025-09-27,250927.0,SPDC 417,23987651,Jill Gregerson,-0.0807476444033784,4956.764370532306,104,-0.0807476444033784,4956.764370532306,104,0.0,0,True,False
2025-09-27,250927.0,SPDC 417,24005736,Monika Koops,0.0754379032751484,4240.01851312844,71,0.0754379032751484,4240.01851312844,71,0.0,0,True,False
2025-09-27,250927.0,SPDC 417,24101904,Stefanie Haney,-0.0304611848564193,4713.669650476346,95,-0.0304611848564193,4713.669650476346,95,0.0,0,True,False
2025-09-27,250927.0,SPDC 417,24115212,Ever Capps,-0.4132704007107373,6912.116869238445,130,-0.4132704007107373,6912.116869238445,130,0.0,0,True,False
2025-09-27,250927.0,SPDC 417,24137527,Cassiday Van Dyke,0.0202127351564397,4480.760576945408,82,0.0202127351564397,4480.760576945408,82,0.0,0,True,False
2025-09-27,250927.0,SPDC 417,24173066,Danielle Woodward,-0.0557143131632209,4834.220288926242,101,-0.0557143131632209,4834.220288926242,101,0.0,0,True,False
2025-09-27,250927.0,SPDC 417,24184126,Kelsey Smith,-0.218813372227364,5690.618325509049,123,-0.218813372227364,5690.618325509049,123,0.0,0,True,False
2025-09-27,250927.0,SPDC 417,24207911,Kristina Key,-0.1169032901671265,5139.2586059734485,110,-0.1169032901671265,5139.2586059734485,110,0.0,0,True,False
2025-09-27,250927.0,SPDC 417,24244256,Kelsie Foster,0.2743600356254947,3475.177313518202,29,0.2743600356254947,3475.177313518202,36,0.0,7,True,True
2025-09-27,250927.0,SPDC 417,24337113,Shay Gibson,-0.0528998685744821,4820.633772011146,100,-0.0528998685744821,4820.633772011146,100,0.0,0,True,False
2025-09-27,250927.0,SPDC 417,24471543,Paula Marques-Roberts,-0.1148940264420084,5128.94284709304,109,-0.1148940264420084,5128.94284709304,109,0.0,0,True,False
2025-09-27,250927.0,SPDC 417,24490623,Teresa Osterman,-0.1093186800240592,5100.426781302492,108,-0.1093186800240592,5100.426781302492,108,0.0,0,True,False
2025-10-11,251011.0,UT2025 - Utah Speed Puzzling Championship,17593434,Jonathan Cluff,0.1542766490778168,3944.286412905752,14,0.1542766490778168,3944.286412905752,14,0.0,0,True,False
2025-10-11,251011.0,UT2025 - Utah Speed Puzzling Championship,17731966,Melinda Whiting,0.3555935839575986,3225.058595174438,2,0.3555935839575986,3225.058595174438,3,0.0,1,True,True
2025-10-11,251011.0,UT2025 - Utah Speed Puzzling Championship,17915498,Melynda Owens,0.2402322805217538,3619.415043419127,8,0.2402322805217538,3619.415043419127,10,0.0,2,True,True
2025-10-11,251011.0,UT2025 - Utah Speed Puzzling Championship,20539458,Kyle Kossin,0.5112284365623583,2760.236229663678,1,0.5112284365623583,2760.236229663678,1,0.0,0,True,False
2025-10-11,251011.0,UT2025 - Utah Speed Puzzling Championship,20737327,Amy Paull,0.3508027844273486,3240.5462739368577,3,0.3508027844273486,3240.5462739368577,2,0.0,1,True,True
2025-10-11,251011.0,UT2025 - Utah Speed Puzzling Championship,20850953,Aimee Seligstein,0.2738954574995108,3499.6019924527995,6,0.2738954574995108,3499.6019924527995,5,0.0,1,True,True
2025-10-11,251011.0,UT2025 - Utah Speed Puzzling Championship,21594891,Kinsey Keltz,0.2035291609321915,3754.726859738071,9,0.2035291609321915,3754.726859738071,11,0.0,2,True,True
2025-10-11,251011.0,UT2025 - Utah Speed Puzzling Championship,21896723,Tricia Marotz,-0.1040603551191525,5106.963794257463,18,-0.1040603551191525,5106.963794257463,18,0.0,0,True,False
2025-10-11,251011.0,UT2025 - Utah Speed Puzzling Championship,21925368,Betsey English,0.2822743880173006,3470.4015754885363,5,0.2822743880173006,3470.4015754885363,4,0.0,1,True,True
2025-10-11,251011.0,UT2025 - Utah Speed Puzzling Championship,21925929,Jodi Nichol,0.0078467472497671,4566.275830022791,16,0.0078467472497671,4566.275830022791,16,0.0,0,True,False
2025-10-11,251011.0,UT2025 - Utah Speed Puzzling Championship,22323970,Karen Gwilliam,0.187020591205309,3817.2265003172142,11,0.187020591205309,3817.2265003172142,12,0.0,1,True,True
2025-10-11,251011.0,UT2025 - Utah Speed Puzzling Championship,22324939,Lindsey Anderson,0.1646976310165473,3903.3965019895854,13,0.1646976310165473,3903.3965019895854,6,0.0,7,True,True
2025-10-11,251011.0,UT2025 - Utah Speed Puzzling Championship,22687589,Connie Mangilin,-0.3274696112455343,6385.401149253182,19,-0.3274696112455343,6385.401149253182,19,0.0,0,True,False
2025-10-11,251011.0,UT2025 - Utah Speed Puzzling Championship,22732244,Amber Whitear,0.2438456986556946,3606.360184004393,7,0.2438456986556946,3606.360184004393,8,0.0,1,True,True
2025-10-11,251011.0,UT2025 - Utah Speed Puzzling Championship,22755027,Megan Chung,0.0259604368557784,4484.308335018427,15,0.0259604368557784,4484.308335018427,15,0.0,0,True,False
2025-10-11,251011.0,UT2025 - Utah Speed Puzzling Championship,22755028,Jarom Chung,0.3174505918711587,3350.4481439903257,4,0.3174505918711587,3350.4481439903257,7,0.0,3,True,True
2025-10-11,251011.0,UT2025 - Utah Speed Puzzling Championship,22757315,Shalise Hassing,0.1700508862587498,3882.556455016608,12,0.1700508862587498,3882.556455016608,13,0.0,1,True,True
2025-10-11,251011.0,UT2025 - Utah Speed Puzzling Championship,22820661,Joe Feehan,-0.0440221452711344,4809.373606785075,17,-0.0440221452711344,4809.373606785075,17,0.0,0,True,False
2025-10-11,251011.0,UT2025 - Utah Speed Puzzling Championship,23744904,Brenna Kitchen,0.1888819512986372,3810.1278758400185,10,0.1888819512986372,3810.1278758400185,9,0.0,1,True,True
2025-10-11,251011.0,UT2025 - Utah Speed Puzzling Championship,23758363,Allison Kunz,-0.451872105097259,7231.285405906669,22,-0.451872105097259,7231.285405906669,22,0.0,0,True,False
2025-10-11,251011.0,UT2025 - Utah Speed Puzzling Championship,23846192,Kathy Johnson,-0.4120703314302921,6949.120011549928,21,-0.4120703314302921,6949.120011549928,21,0.0,0,True,False
2025-10-11,251011.0,UT2025 - Utah Speed Puzzling Championship,23854858,Jenn Thompson,-0.3428404390348521,6484.308245326953,20,-0.3428404390348521,6484.308245326953,20,0.0,0,True,False
2025-10-17,251017.01,ND2025 - North Dakota Speed Puzzling Championship,21856865,Aloysia Larson,0.404827502833379,3529.335785975733,1,0.404827502833379,3529.335785975733,1,0.0,0,True,False
2025-10-17,251017.01,ND2025 - North Dakota Speed Puzzling Championship,22557667,Angela Morford,0.1606292656254607,4505.540798128152,2,0.1606292656254607,4505.540798128152,2,0.0,0,True,False
2025-10-17,251017.03,HI2025 - Hawaii Speed Puzzling Championship,21906792,Joey Marshall,-0.0384453240334768,5427.009586265684,3,-0.0384453240334768,5427.009586265684,3,0.0,0,True,False
2025-10-17,251017.03,HI2025 - Hawaii Speed Puzzling Championship,22561030,Allie Arendell,0.4613557141436596,3292.3026820076366,1,0.4613557141436596,3292.3026820076366,1,0.0,0,True,False
2025-10-17,251017.03,HI2025 - Hawaii Speed Puzzling Championship,22825074,Katherine Wood,0.1450646952256282,4517.136350189547,2,0.1450646952256282,4517.136350189547,2,0.0,0,True,False
2025-10-25,251025.0,AZ2025 - Arizona Speed Puzzling Championship,17593434,Jonathan Cluff,0.142592634761345,3185.2752834919675,8,0.142592634761345,3185.2752834919675,8,0.0,0,True,False
2025-10-25,251025.0,AZ2025 - Arizona Speed Puzzling Championship,17915498,Melynda Owens,0.2395910766786172,2890.82021885454,3,0.2395910766786172,2890.82021885454,3,0.0,0,True,False
2025-10-25,251025.0,AZ2025 - Arizona Speed Puzzling Championship,18405080,Kelly Walter,0.7046902250222165,1815.645635072705,1,0.7046902250222165,1815.645635072705,1,0.0,0,True,False
2025-10-25,251025.0,AZ2025 - Arizona Speed Puzzling Championship,19526690,Heather Haynes-O'Brien,-0.2436542813273281,4686.966786512092,15,-0.2436542813273281,4686.966786512092,15,0.0,0,True,False
2025-10-25,251025.0,AZ2025 - Arizona Speed Puzzling Championship,21594891,Kinsey Keltz,0.1945186590371249,3024.097476986718,7,0.1945186590371249,3024.097476986718,5,0.0,2,True,True
2025-10-25,251025.0,AZ2025 - Arizona Speed Puzzling Championship,21616379,Debbie Dyson,-0.1213217755853044,4147.28178001424,14,-0.1213217755853044,4147.28178001424,14,0.0,0,True,False
2025-10-25,251025.0,AZ2025 - Arizona Speed Puzzling Championship,21960422,Andrew Paul,0.2221480688983496,2941.6871649732198,4,0.2221480688983496,2941.6871649732198,4,0.0,0,True,False
2025-10-25,251025.0,AZ2025 - Arizona Speed Puzzling Championship,22402963,Nancy Siner,0.498694891010243,2230.9699817121814,2,0.498694891010243,2230.9699817121814,2,0.0,0,True,False
2025-10-25,251025.0,AZ2025 - Arizona Speed Puzzling Championship,22407890,Selina Gilbertson,0.1984089792519839,3012.3556240332578,5,0.1984089792519839,3012.3556240332578,6,0.0,1,True,True
2025-10-25,251025.0,AZ2025 - Arizona Speed Puzzling Championship,22489256,Alyssa Graham,0.0546632779642037,3478.037066606467,10,0.0546632779642037,3478.037066606467,10,0.0,0,True,False
2025-10-25,251025.0,AZ2025 - Arizona Speed Puzzling Championship,22687589,Connie Mangilin,-0.3765006925349987,5352.865600768274,16,-0.3765006925349987,5352.865600768274,16,0.0,0,True,False
2025-10-25,251025.0,AZ2025 - Arizona Speed Puzzling Championship,22849486,Debra Svendson,-0.0804427273103691,3981.163362016148,12,-0.0804427273103691,3981.163362016148,12,0.0,0,True,False
2025-10-25,251025.0,AZ2025 - Arizona Speed Puzzling Championship,22874878,Kara Bancroft,-0.0824153271630434,3989.024355025328,13,-0.0824153271630434,3989.024355025328,13,0.0,0,True,False
2025-10-25,251025.0,AZ2025 - Arizona Speed Puzzling Championship,23764458,Megan Banks,0.1963145966326771,3018.671260666605,6,0.1963145966326771,3018.671260666605,7,0.0,1,True,True
2025-10-25,251025.0,AZ2025 - Arizona Speed Puzzling Championship,24005736,Monika Koops,0.0886298363212374,3361.883945697592,9,0.0886298363212374,3361.883945697592,9,0.0,0,True,False
2025-10-25,251025.0,AZ2025 - Arizona Speed Puzzling Championship,24184564,Julie Kutchera,0.0510730724688636,3490.5463764558403,11,0.0510730724688636,3490.5463764558403,11,0.0,0,True,False
2025-11-01,251101.0,SPDC 435,17593433,Tammy McLeod,0.3979868447281874,3374.0914581976376,14,0.3979868447281874,3374.0914581976376,14,0.0,0,True,False
2025-11-01,251101.0,SPDC 435,17593434,Jonathan Cluff,0.1366355602482833,4381.87789210007,60,0.1366355602482833,4381.87789210007,62,0.0,2,True,True
2025-11-01,251101.0,SPDC 435,17731882,Noelle Marshall,0.0578135505935747,4741.243222989599,80,0.0578135505935747,4741.243222989599,80,0.0,0,True,False
2025-11-01,251101.0,SPDC 435,17731928,Kara Taylor,0.2397363534510447,3952.611824482241,33,0.2397363534510447,3952.611824482241,39,0.0,6,True,True
2025-11-01,251101.0,SPDC 435,17887918,Aly Krasny,0.3233604273843652,3635.5212850026633,19,0.3233604273843652,3635.5212850026633,27,0.0,8,True,True
2025-11-01,251101.0,SPDC 435,17915498,Melynda Owens,0.2504516407395324,3910.4845591959056,31,0.2504516407395324,3910.4845591959056,37,0.0,6,True,True
2025-11-01,251101.0,SPDC 435,18846642,Heather Mueller,0.3049796953342903,3702.962740511372,22,0.3049796953342903,3702.962740511372,29,0.0,7,True,True
2025-11-01,251101.0,SPDC 435,18852026,Kimberly Kenne,0.2004125035604895,4111.140285192291,45,0.2004125035604895,4111.140285192291,23,0.0,22,True,True
2025-11-01,251101.0,SPDC 435,19548766,Lindsay Steenstra,0.207114244695244,4083.6806038456943,42,0.207114244695244,4083.6806038456943,49,0.0,7,True,True
2025-11-01,251101.0,SPDC 435,19573602,Isabel Urrutia,0.2192584555635594,4034.387444553217,36,0.2192584555635594,4034.387444553217,41,0.0,5,True,True
2025-11-01,251101.0,SPDC 435,19958106,Taylor Reed,0.3693961828971592,3471.951237998747,16,0.3693961828971592,3471.951237998747,13,0.0,3,True,True
2025-11-01,251101.0,SPDC 435,20321851,Ann Marie Greenleaf,-0.0052861094675844,5050.054547474466,92,-0.0052861094675844,5050.054547474466,92,0.0,0,True,False
2025-11-01,251101.0,SPDC 435,20491289,Stephanie McIntyre,0.0657294345417694,4703.860246722174,76,0.0657294345417694,4703.860246722174,76,0.0,0,True,False
2025-11-01,251101.0,SPDC 435,20531734,Norah Molina,0.0478257892580019,4788.834900265335,81,0.0478257892580019,4788.834900265335,81,0.0,0,True,False
2025-11-01,251101.0,SPDC 435,20533269,Elizaveta Gallagher,0.3069065551949027,3695.834519987805,20,0.3069065551949027,3695.834519987805,21,0.0,1,True,True
2025-11-01,251101.0,SPDC 435,20563304,Jessica Derby,0.3599123968428187,3505.0351129576743,17,0.3599123968428187,3505.0351129576743,12,0.0,5,True,True
2025-11-01,251101.0,SPDC 435,20696150,Tessa Melli,0.17479731105295,4217.808263070392,51,0.17479731105295,4217.808263070392,55,0.0,4,True,True
2025-11-01,251101.0,SPDC 435,20720301,Melissa Martin,0.0405189215632913,4823.954433932948,82,0.0405189215632913,4823.954433932948,82,0.0,0,True,False
2025-11-01,251101.0,SPDC 435,20720304,Lisa George,0.0829591265921368,4623.508389874272,72,0.0829591265921368,4623.508389874272,72,0.0,0,True,False
2025-11-01,251101.0,SPDC 435,20736847,Stephanie Vargas,-0.2707970994373037,6585.761925175162,130,-0.2707970994373037,6585.761925175162,130,0.0,0,True,False
2025-11-01,251101.0,SPDC 435,20814175,Carolyn Canterman,0.0681134881583995,4692.659348764717,74,0.0681134881583995,4692.659348764717,74,0.0,0,True,False
2025-11-01,251101.0,SPDC 435,20866882,Stephanie Thompson,0.1151851921606223,4476.886123679343,64,0.1151851921606223,4476.886123679343,66,0.0,2,True,True
2025-11-01,251101.0,SPDC 435,21090776,Ashley Willard,0.0123075629087784,4961.98256883748,87,0.0123075629087784,4961.98256883748,87,0.0,0,True,False
2025-11-01,251101.0,SPDC 435,21111122,Deanna OMara,-0.0906013707832039,5499.814178963318,110,-0.0906013707832039,5499.814178963318,110,0.0,0,True,False
2025-11-01,251101.0,SPDC 435,21178939,Karen Brownlow,-0.1611546150463403,5901.859969434235,120,-0.1611546150463403,5901.859969434235,120,0.0,0,True,False
2025-11-01,251101.0,SPDC 435,21187349,Alison Filley,0.2055901365043262,4089.909320316275,44,0.2055901365043262,4089.909320316275,26,0.0,18,True,True
2025-11-01,251101.0,SPDC 435,21259768,Melissa Germait,0.2664426298460352,3848.44936717018,27,0.2664426298460352,3848.44936717018,32,0.0,5,True,True
2025-11-01,251101.0,SPDC 435,21394027,Elizabeth Tashiro,0.2119352695412044,4064.040459044754,39,0.2119352695412044,4064.040459044754,24,0.0,15,True,True
2025-11-01,251101.0,SPDC 435,21412436,Iryna Shvydchenko,0.5592684080726925,2871.52867450149,3,0.5592684080726925,2871.52867450149,2,0.0,1,True,True
2025-11-01,251101.0,SPDC 435,21428556,Caryn Knill,0.5864224221554232,2794.604274125448,1,0.5864224221554232,2794.604274125448,3,0.0,2,True,True
2025-11-01,251101.0,SPDC 435,21550393,Sarah Eggerichs,0.0841462189493341,4618.023114809417,71,0.0841462189493341,4618.023114809417,44,0.0,27,True,True
2025-11-01,251101.0,SPDC 435,21583590,Lindsay Wang,0.4091719676171193,3336.5621070658567,12,0.4091719676171193,3336.5621070658567,17,0.0,5,True,True
2025-11-01,251101.0,SPDC 435,21594891,Kinsey Keltz,0.2071943696783258,4083.353412114689,41,0.2071943696783258,4083.353412114689,45,0.0,4,True,True
2025-11-01,251101.0,SPDC 435,21606421,Robin Patrick,0.0673133207579651,4696.415764477216,75,0.0673133207579651,4696.415764477216,75,0.0,0,True,False
2025-11-01,251101.0,SPDC 435,21696301,Mary Beth Harris,0.2081188156543218,4079.580316764408,40,0.2081188156543218,4079.580316764408,38,0.0,2,True,True
2025-11-01,251101.0,SPDC 435,21858254,Kara Bingham,0.2364499737253144,3965.622975927713,34,0.2364499737253144,3965.622975927713,33,0.0,1,True,True
2025-11-01,251101.0,SPDC 435,21892775,Andrea Reynolds,0.2571081856486905,3884.54068718243,29,0.2571081856486905,3884.54068718243,18,0.0,11,True,True
2025-11-01,251101.0,SPDC 435,21896723,Tricia Marotz,-0.0914942382410854,5504.726976980463,111,-0.0914942382410854,5504.726976980463,111,0.0,0,True,False
2025-11-01,251101.0,SPDC 435,21900482,Hiromi Kimura,0.1614313006791529,4274.561972484231,53,0.1614313006791529,4274.561972484231,57,0.0,4,True,True
2025-11-01,251101.0,SPDC 435,21916237,Katie Greenfield,-0.3750610524804006,7309.493536594349,136,-0.3750610524804006,7309.493536594349,136,0.0,0,True,False
2025-11-01,251101.0,SPDC 435,21922205,Maria Seitz,0.0903737253994728,4589.353708186674,70,0.0903737253994728,4589.353708186674,35,0.0,35,True,True
2025-11-01,251101.0,SPDC 435,21925090,Emma Pan,0.5823569531316614,2805.9887772276466,2,0.5823569531316614,2805.9887772276466,1,0.0,1,True,True
2025-11-01,251101.0,SPDC 435,21925467,Ameenah Saafir,-0.0709863429254414,5392.986311568368,106,-0.0709863429254414,5392.986311568368,106,0.0,0,True,False
2025-11-01,251101.0,SPDC 435,21926468,Meredith Yeager,0.1449834523333304,4345.450704982931,57,0.1449834523333304,4345.450704982931,46,0.0,11,True,True
2025-11-01,251101.0,SPDC 435,21926492,Michelle Philo,-0.0328768761559883,5191.329403032129,96,-0.0328768761559883,5191.329403032129,96,0.0,0,True,False
2025-11-01,251101.0,SPDC 435,21927072,Katie Graham,-0.2913538113302334,6722.544620142126,131,-0.2913538113302334,6722.544620142126,131,0.0,0,True,False
2025-11-01,251101.0,SPDC 435,21927536,Skye Vandeleest,0.4388203665005104,3239.090461842308,9,0.4388203665005104,3239.090461842308,9,0.0,0,True,False
2025-11-01,251101.0,SPDC 435,21927541,Chloe Glikbarg,0.3981101917492574,3373.675299733932,13,0.3981101917492574,3373.675299733932,10,0.0,3,True,True
2025-11-01,251101.0,SPDC 435,21935425,Arlyn Purcell,-0.1980600662420634,6123.739880590218,123,-0.1980600662420634,6123.739880590218,123,0.0,0,True,False
2025-11-01,251101.0,SPDC 435,21942386,Megan Bailey,0.2063911571890046,4086.63453011469,43,0.2063911571890046,4086.63453011469,50,0.0,7,True,True
2025-11-01,251101.0,SPDC 435,21966640,Cindy Markison,0.1129385346910554,4486.955460269248,65,0.1129385346910554,4486.955460269248,67,0.0,2,True,True
2025-11-01,251101.0,SPDC 435,21968495,Jennifer Morrow,0.0911671805704466,4585.713706035725,69,0.0911671805704466,4585.713706035725,71,0.0,2,True,True
2025-11-01,251101.0,SPDC 435,21968784,Cindy Grimley-Beason,-0.3227875118813111,6937.215346688227,133,-0.3227875118813111,6937.215346688227,133,0.0,0,True,False
2025-11-01,251101.0,SPDC 435,21979616,Jennifer McCarthy,-0.0499169847651212,5280.548210140425,99,-0.0499169847651212,5280.548210140425,99,0.0,0,True,False
2025-11-01,251101.0,SPDC 435,22035202,Rebecca Streitz,0.4155109141161506,3315.4787122325306,10,0.4155109141161506,3315.4787122325306,16,0.0,6,True,True
2025-11-01,251101.0,SPDC 435,22035203,Jessica Streitz,0.4507278097139272,3200.749898162898,8,0.4507278097139272,3200.749898162898,6,0.0,2,True,True
2025-11-01,251101.0,SPDC 435,22048522,CHARESE GAINOR,0.2761826637588859,3811.14729643711,25,0.2761826637588859,3811.14729643711,20,0.0,5,True,True
2025-11-01,251101.0,SPDC 435,22065952,Jodie Morse,0.0616471289404538,4723.102090576191,78,0.0616471289404538,4723.102090576191,78,0.0,0,True,False
2025-11-01,251101.0,SPDC 435,22207268,Sarah Proctor,0.1822124504363781,4186.6482974269575,49,0.1822124504363781,4186.6482974269575,48,0.0,1,True,True
2025-11-01,251101.0,SPDC 435,22226725,Greta Block,0.117542726288477,4466.344143278199,63,0.117542726288477,4466.344143278199,65,0.0,2,True,True
2025-11-01,251101.0,SPDC 435,22233683,Chris Morrissey,-0.1689859428792954,5948.260822680209,122,-0.1689859428792954,5948.260822680209,122,0.0,0,True,False
2025-11-01,251101.0,SPDC 435,22250420,Julie Headlee,-0.6952959868865489,10068.471645046318,139,-0.6952959868865489,10068.471645046318,139,0.0,0,True,False
2025-11-01,251101.0,SPDC 435,22344218,Amanda Van Straten,0.1857686853443164,4171.786035115752,47,0.1857686853443164,4171.786035115752,52,0.0,5,True,True
2025-11-01,251101.0,SPDC 435,22386336,Jodi Green,0.0236955653114586,4905.796032843705,84,0.0236955653114586,4905.796032843705,84,0.0,0,True,False
2025-11-01,251101.0,SPDC 435,22389912,Tazia Statucki,0.1402243375549126,4366.180492244325,59,0.1402243375549126,4366.180492244325,47,0.0,12,True,True
2025-11-01,251101.0,SPDC 435,22423946,Jennifer Sipple,0.5110208159618498,3013.469640160891,4,0.5110208159618498,3013.469640160891,5,0.0,1,True,True
2025-11-01,251101.0,SPDC 435,22451266,Kendelle Leckie,-0.2669946031253622,6560.767141146983,129,-0.2669946031253622,6560.767141146983,129,0.0,0,True,False
2025-11-01,251101.0,SPDC 435,22477087,Toni MacReynolds,0.2153176095326784,4050.31771305204,37,0.2153176095326784,4050.31771305204,42,0.0,5,True,True
2025-11-01,251101.0,SPDC 435,22477088,Samantha Saake,0.3017393550761664,3714.9810609617457,23,0.3017393550761664,3714.9810609617457,25,0.0,2,True,True
2025-11-01,251101.0,SPDC 435,22477750,Jessica Norris,0.1777836459261617,4205.23126407822,50,0.1777836459261617,4205.23126407822,54,0.0,4,True,True
2025-11-01,251101.0,SPDC 435,22489256,Alyssa Graham,0.0957197204904067,4564.884510175139,68,0.0957197204904067,4564.884510175139,70,0.0,2,True,True
2025-11-01,251101.0,SPDC 435,22490366,Alicia Gould,-0.0887286515783402,5489.52420944626,109,-0.0887286515783402,5489.52420944626,109,0.0,0,True,False
2025-11-01,251101.0,SPDC 435,22549301,Jenevieve Parker,-0.0338829186248175,5196.554728890401,97,-0.0338829186248175,5196.554728890401,97,0.0,0,True,False
2025-11-01,251101.0,SPDC 435,22549913,Sabrina Monserate-Lindsay,0.2714288656063581,3829.307853023856,26,0.2714288656063581,3829.307853023856,31,0.0,5,True,True
2025-11-01,251101.0,SPDC 435,22557667,Angela Morford,0.1203967833042009,4453.615115767077,62,0.1203967833042009,4453.615115767077,64,0.0,2,True,True
2025-11-01,251101.0,SPDC 435,22609934,Christine Parsons,0.2590210242840597,3877.117289819449,28,0.2590210242840597,3877.117289819449,22,0.0,6,True,True
2025-11-01,251101.0,SPDC 435,22629662,Kate Amey,-0.4047604927054837,7529.837249356302,137,-0.4047604927054837,7529.837249356302,137,0.0,0,True,False
2025-11-01,251101.0,SPDC 435,22638087,Karen Bell,-0.0165668640226583,5107.345508400976,93,-0.0165668640226583,5107.345508400976,93,0.0,0,True,False
2025-11-01,251101.0,SPDC 435,22640026,Leslie Richardson,0.359752314962153,3505.596250483137,18,0.359752314962153,3505.596250483137,11,0.0,7,True,True
2025-11-01,251101.0,SPDC 435,22654912,Karen Wells,0.0737685251512914,4666.197079628538,73,0.0737685251512914,4666.197079628538,73,0.0,0,True,False
2025-11-01,251101.0,SPDC 435,22673646,Gloria Johnston,-0.4415451020631053,7811.976753788955,138,-0.4415451020631053,7811.976753788955,138,0.0,0,True,False
2025-11-01,251101.0,SPDC 435,22682522,Marjorie No Last Name,-0.0627067190418313,5348.518754650943,104,-0.0627067190418313,5348.518754650943,104,0.0,0,True,False
2025-11-01,251101.0,SPDC 435,22684893,Ellen Leader,-0.2125594637975885,6213.177246728009,125,-0.2125594637975885,6213.177246728009,125,0.0,0,True,False
2025-11-01,251101.0,SPDC 435,22691193,Wendy Weigant,0.0182552315237665,4932.557931581189,86,0.0182552315237665,4932.557931581189,86,0.0,0,True,False
2025-11-01,251101.0,SPDC 435,22700663,Carter Lennon,0.1530338431485592,4310.6085631417245,56,0.1530338431485592,4310.6085631417245,60,0.0,4,True,True
2025-11-01,251101.0,SPDC 435,22703189,Beatrice Endler,0.4687384341180627,3143.618425050377,6,0.4687384341180627,3143.618425050377,4,0.0,2,True,True
2025-11-01,251101.0,SPDC 435,22703414,Heather Harris,-0.3721909285625037,7288.54446196818,135,-0.3721909285625037,7288.54446196818,135,0.0,0,True,False
2025-11-01,251101.0,SPDC 435,22704935,Samantha Nutter-Topel,-0.1010661292860123,5557.670604926479,115,-0.1010661292860123,5557.670604926479,115,0.0,0,True,False
2025-11-01,251101.0,SPDC 435,22704976,Daniela Spano,-0.1130351379894293,5624.590093850778,117,-0.1130351379894293,5624.590093850778,117,0.0,0,True,False
2025-11-01,251101.0,SPDC 435,22717065,Jose Salinas,-0.2545470138584239,6479.607574890213,128,-0.2545470138584239,6479.607574890213,128,0.0,0,True,False
2025-11-01,251101.0,SPDC 435,22722527,June Huber,-0.067400062877449,5373.680191628439,105,-0.067400062877449,5373.680191628439,105,0.0,0,True,False
2025-11-01,251101.0,SPDC 435,22729973,Ashley Tucker,0.1839575516812384,4179.348543528673,48,0.1839575516812384,4179.348543528673,53,0.0,5,True,True
2025-11-01,251101.0,SPDC 435,22732244,Amber Whitear,0.2531630319555784,3899.896066970923,30,0.2531630319555784,3899.896066970923,34,0.0,4,True,True
2025-11-01,251101.0,SPDC 435,22733821,Tara Mills,-0.3236426401773993,6943.15009295032,134,-0.3236426401773993,6943.15009295032,134,0.0,0,True,False
2025-11-01,251101.0,SPDC 435,22737556,Miranda Mann,0.0289744812477164,4879.966982659592,83,0.0289744812477164,4879.966982659592,83,0.0,0,True,False
2025-11-01,251101.0,SPDC 435,22755028,Jarom Chung,0.3056314759960408,3700.55000737774,21,0.3056314759960408,3700.55000737774,28,0.0,7,True,True
2025-11-01,251101.0,SPDC 435,22797552,Melissa McCarthy,0.0076841624411482,4984.976916445101,88,0.0076841624411482,4984.976916445101,88,0.0,0,True,False
2025-11-01,251101.0,SPDC 435,22814478,Irene Ho,0.1577669050225662,4290.2543928690175,54,0.1577669050225662,4290.2543928690175,58,0.0,4,True,True
2025-11-01,251101.0,SPDC 435,22816351,Michelle Malcom,0.0048663862175954,4999.043274492773,90,0.0048663862175954,4999.043274492773,90,0.0,0,True,False
2025-11-01,251101.0,SPDC 435,22817937,J.D. Armstrong,0.0049508294859584,4998.621156762735,89,0.0049508294859584,4998.621156762735,89,0.0,0,True,False
2025-11-01,251101.0,SPDC 435,22825074,Katherine Wood,0.123310181401848,4440.658844513443,61,0.123310181401848,4440.658844513443,63,0.0,2,True,True
2025-11-01,251101.0,SPDC 435,22830270,Dessa Burt,-0.1613790568801144,5903.184742370126,121,-0.1613790568801144,5903.184742370126,121,0.0,0,True,False
2025-11-01,251101.0,SPDC 435,22838801,Bonnie Smith,0.1539774675791137,4306.5428861287455,55,0.1539774675791137,4306.5428861287455,59,0.0,4,True,True
2025-11-01,251101.0,SPDC 435,22849486,Debra Svendson,-0.0561284307088863,5313.450128359144,102,-0.0561284307088863,5313.450128359144,102,0.0,0,True,False
2025-11-01,251101.0,SPDC 435,22858066,Olga Brezo Fernandez,-0.1464629027064969,5815.785380280444,118,-0.1464629027064969,5815.785380280444,118,0.0,0,True,False
2025-11-01,251101.0,SPDC 435,22860511,Lydia Utkin,0.2413355797974677,3946.295755273613,32,0.2413355797974677,3946.295755273613,36,0.0,4,True,True
2025-11-01,251101.0,SPDC 435,22861788,Xin Li Phuah,0.3785262315008609,3440.3964221420288,15,0.3785262315008609,3440.3964221420288,15,0.0,0,True,False
2025-11-01,251101.0,SPDC 435,23741633,Kim Knaub,0.4645603629265716,3156.7801628215866,7,0.4645603629265716,3156.7801628215866,8,0.0,1,True,True
2025-11-01,251101.0,SPDC 435,23749445,Michaela Yaman,-0.0918642916193283,5506.76439674839,112,-0.0918642916193283,5506.76439674839,112,0.0,0,True,False
2025-11-01,251101.0,SPDC 435,23749556,Audrey Nelson,0.1097825165905188,4501.138742493217,66,0.1097825165905188,4501.138742493217,68,0.0,2,True,True
2025-11-01,251101.0,SPDC 435,23750128,Jasmine Lambert,0.4722288192146966,3132.6651129089582,5,0.4722288192146966,3132.6651129089582,7,0.0,2,True,True
2025-11-01,251101.0,SPDC 435,23764458,Megan Banks,0.1900712867051037,4153.875062363234,46,0.1900712867051037,4153.875062363234,51,0.0,5,True,True
2025-11-01,251101.0,SPDC 435,23764496,Marie Mogni,-0.2010728455807941,6142.217177611284,124,-0.2010728455807941,6142.217177611284,124,0.0,0,True,False
2025-11-01,251101.0,SPDC 435,23848490,Ryder Jackson,0.2301297429321711,3990.765999534736,35,0.2301297429321711,3990.765999534736,40,0.0,5,True,True
2025-11-01,251101.0,SPDC 435,23848898,Nikki Hall,0.0630279554241273,4716.584806778995,77,0.0630279554241273,4716.584806778995,77,0.0,0,True,False
2025-11-01,251101.0,SPDC 435,23855343,Elizabeth Winters,0.1415236103538927,4360.511316395812,58,0.1415236103538927,4360.511316395812,61,0.0,3,True,True
2025-11-01,251101.0,SPDC 435,23887819,Chris Viox,0.4101445530313921,3333.318592979632,11,0.4101445530313921,3333.318592979632,19,0.0,8,True,True
2025-11-01,251101.0,SPDC 435,23973497,Erin Manthey,-0.1524596980419602,5850.766236608558,119,-0.1524596980419602,5850.766236608558,119,0.0,0,True,False
2025-11-01,251101.0,SPDC 435,23987651,Jill Gregerson,-0.1023473994458746,5564.796046263807,116,-0.1023473994458746,5564.796046263807,116,0.0,0,True,False
2025-11-01,251101.0,SPDC 435,23994944,Cassie VonRueden,0.099175536660194,4549.1363355428575,67,0.099175536660194,4549.1363355428575,69,0.0,2,True,True
2025-11-01,251101.0,SPDC 435,24004029,Sara Feyereisen,0.0045848244915214,5000.451011919042,91,0.0045848244915214,5000.451011919042,91,0.0,0,True,False
2025-11-01,251101.0,SPDC 435,24005690,Hannah Bevis,-0.053363396900341,5298.7785521638325,101,-0.053363396900341,5298.7785521638325,101,0.0,0,True,False
2025-11-01,251101.0,SPDC 435,24098345,Erin Bahr,-0.0224220952262898,5137.337917747432,94,-0.0224220952262898,5137.337917747432,94,0.0,0,True,False
2025-11-01,251101.0,SPDC 435,24098367,Stephanie Klenzing,-0.0810211959457772,5447.376579300433,107,-0.0810211959457772,5447.376579300433,107,0.0,0,True,False
2025-11-01,251101.0,SPDC 435,24101904,Stefanie Haney,-0.0454314482586637,5256.915161445885,98,-0.0454314482586637,5256.915161445885,98,0.0,0,True,False
2025-11-01,251101.0,SPDC 435,24108436,Nicole Norstrud,-0.0507987375633515,5285.206401685816,100,-0.0507987375633515,5285.206401685816,100,0.0,0,True,False
2025-11-01,251101.0,SPDC 435,24126099,Nicole Pichette,0.2847593435015761,3778.600079663404,24,0.2847593435015761,3778.600079663404,30,0.0,6,True,True
2025-11-01,251101.0,SPDC 435,24137527,Cassiday Van Dyke,0.0201975147475235,4922.98680498867,85,0.0201975147475235,4922.98680498867,85,0.0,0,True,False
2025-11-01,251101.0,SPDC 435,24144931,Rebecca Simons,0.0588670863347975,4736.25078411452,79,0.0588670863347975,4736.25078411452,79,0.0,0,True,False
2025-11-01,251101.0,SPDC 435,24189141,Susan Adams,-0.2385739305836886,6376.930481462377,127,-0.2385739305836886,6376.930481462377,127,0.0,0,True,False
2025-11-01,251101.0,SPDC 435,24207911,Kristina Key,-0.0996405223208151,5549.753195899465,114,-0.0996405223208151,5549.753195899465,114,0.0,0,True,False
2025-11-01,251101.0,SPDC 435,24244256,Kelsie Foster,0.2150775462446164,4051.290162359952,38,0.2150775462446164,4051.290162359952,43,0.0,5,True,True
2025-11-01,251101.0,SPDC 435,24244451,Cherie Giannandrea,-0.3058884714547917,6820.96806431407,132,-0.3058884714547917,6820.96806431407,132,0.0,0,True,False
2025-11-01,251101.0,SPDC 435,24261980,Joanne Johnson,-0.233303585624015,6343.410267176994,126,-0.233303585624015,6343.410267176994,126,0.0,0,True,False
2025-11-01,251101.0,SPDC 435,24337113,Shay Gibson,-0.0941495003456031,5519.36289241486,113,-0.0941495003456031,5519.36289241486,113,0.0,0,True,False
2025-11-01,251101.0,SPDC 435,24471543,Paula Marques-Roberts,-0.0625700466992201,5347.787810014341,103,-0.0625700466992201,5347.787810014341,103,0.0,0,True,False
2025-11-01,251101.0,SPDC 435,24490623,Teresa Osterman,-0.0839155055258852,5463.165811961804,108,-0.0839155055258852,5463.165811961804,108,0.0,0,True,False
2025-11-01,251101.0,SPDC 435,24600486,Amber Eskridge,-0.0299980075472036,5176.40573971593,95,-0.0299980075472036,5176.40573971593,95,0.0,0,True,False
2025-11-01,251101.0,SPDC 435,24638757,Angella Caton,0.168457921829098,4244.631523033439,52,0.168457921829098,4244.631523033439,56,0.0,4,True,True
2025-11-08,251108.0,MN2025 - Minnesota Speed Puzzling Championship,17593434,Jonathan Cluff,0.129635346560419,4322.252174805642,19,0.129635346560419,4322.252174805642,19,0.0,0,True,False
2025-11-08,251108.0,MN2025 - Minnesota Speed Puzzling Championship,17731892,Noelle Marshall,0.0813119061833373,4536.247114944683,23,0.0813119061833373,4536.247114944683,23,0.0,0,True,False
2025-11-08,251108.0,MN2025 - Minnesota Speed Puzzling Championship,17731928,Kara Taylor,0.2664940777976649,3769.407668211879,11,0.2664940777976649,3769.407668211879,13,0.0,2,True,True
2025-11-08,251108.0,MN2025 - Minnesota Speed Puzzling Championship,17731998,Liz Walters,0.3595821170357685,3434.3573957225144,6,0.3595821170357685,3434.3573957225144,6,0.0,0,True,False
2025-11-08,251108.0,MN2025 - Minnesota Speed Puzzling Championship,17915498,Melynda Owens,0.2559002245669126,3809.5524885301857,12,0.2559002245669126,3809.5524885301857,12,0.0,0,True,False
2025-11-08,251108.0,MN2025 - Minnesota Speed Puzzling Championship,18141625,Andrea Kyle,0.4991499582045083,2986.977455074496,3,0.4991499582045083,2986.977455074496,2,0.0,1,True,True
2025-11-08,251108.0,MN2025 - Minnesota Speed Puzzling Championship,18475588,Dawne Rasmusson,0.5400673323695881,2867.224868939501,2,0.5400673323695881,2867.224868939501,3,0.0,1,True,True
2025-11-08,251108.0,MN2025 - Minnesota Speed Puzzling Championship,18497651,Lisa Schuler,-0.2217946689173359,6142.345169381096,35,-0.2217946689173359,6142.345169381096,35,0.0,0,True,False
2025-11-08,251108.0,MN2025 - Minnesota Speed Puzzling Championship,18846642,Heather Mueller,0.3390189984259416,3505.7095918282766,7,0.3390189984259416,3505.7095918282766,10,0.0,3,True,True
2025-11-08,251108.0,MN2025 - Minnesota Speed Puzzling Championship,19556372,Katie Everson,-0.0709836851594495,5282.479738374004,27,-0.0709836851594495,5282.479738374004,27,0.0,0,True,False
2025-11-08,251108.0,MN2025 - Minnesota Speed Puzzling Championship,20563304,Jessica Derby,0.3674638413465136,3407.395131688873,5,0.3674638413465136,3407.395131688873,4,0.0,1,True,True
2025-11-08,251108.0,MN2025 - Minnesota Speed Puzzling Championship,21113122,Jeremy Seidling,0.2672234545281477,3766.659352371632,10,0.2672234545281477,3766.659352371632,9,0.0,1,True,True
2025-11-08,251108.0,MN2025 - Minnesota Speed Puzzling Championship,21198876,Angie Gazdic,0.3119167382474328,3602.02148501077,9,0.3119167382474328,3602.02148501077,8,0.0,1,True,True
2025-11-08,251108.0,MN2025 - Minnesota Speed Puzzling Championship,21576268,Lauren Kautz,0.6379639179751316,2599.835130714171,1,0.6379639179751316,2599.835130714171,1,0.0,0,True,False
2025-11-08,251108.0,MN2025 - Minnesota Speed Puzzling Championship,21594891,Kinsey Keltz,0.2118408219033218,3981.151614521512,14,0.2118408219033218,3981.151614521512,15,0.0,1,True,True
2025-11-08,251108.0,MN2025 - Minnesota Speed Puzzling Championship,21922408,KaSaundra Olsen,-0.1955876140539371,5983.463397550831,34,-0.1955876140539371,5983.463397550831,34,0.0,0,True,False
2025-11-08,251108.0,MN2025 - Minnesota Speed Puzzling Championship,21960422,Andrew Paul,0.2557618311491927,3810.0797420024255,13,0.2557618311491927,3810.0797420024255,14,0.0,1,True,True
2025-11-08,251108.0,MN2025 - Minnesota Speed Puzzling Championship,21966640,Cindy Markison,0.1095005623239332,4410.16184090934,21,0.1095005623239332,4410.16184090934,21,0.0,0,True,False
2025-11-08,251108.0,MN2025 - Minnesota Speed Puzzling Championship,22344740,Meagan Brucker-Hahn,0.1024101117529148,4441.542997248919,22,0.1024101117529148,4441.542997248919,22,0.0,0,True,False
2025-11-08,251108.0,MN2025 - Minnesota Speed Puzzling Championship,22447425,Kevin Erickson,0.1788423720634738,4114.715019517892,16,0.1788423720634738,4114.715019517892,16,0.0,0,True,False
2025-11-08,251108.0,MN2025 - Minnesota Speed Puzzling Championship,22477750,Jessica Norris,0.186462244281964,4083.4805692425434,15,0.186462244281964,4083.4805692425434,17,0.0,2,True,True
2025-11-08,251108.0,MN2025 - Minnesota Speed Puzzling Championship,22629662,Kate Amey,-0.3194957172884912,6772.753106867633,36,-0.3194957172884912,6772.753106867633,36,0.0,0,True,False
2025-11-08,251108.0,MN2025 - Minnesota Speed Puzzling Championship,22639311,Samantha Dahlke,-0.053792190518341,5192.442173933679,26,-0.053792190518341,5192.442173933679,26,0.0,0,True,False
2025-11-08,251108.0,MN2025 - Minnesota Speed Puzzling Championship,22704935,Samantha Nutter-Topel,-0.093764411066581,5404.199631212947,28,-0.093764411066581,5404.199631212947,28,0.0,0,True,False
2025-11-08,251108.0,MN2025 - Minnesota Speed Puzzling Championship,22812262,Jolene Metty,-0.0986427042204433,5430.627309847968,30,-0.0986427042204433,5430.627309847968,30,0.0,0,True,False
2025-11-08,251108.0,MN2025 - Minnesota Speed Puzzling Championship,22830270,Dessa Burt,-0.1628443402882327,5790.717995432836,33,-0.1628443402882327,5790.717995432836,33,0.0,0,True,False
2025-11-08,251108.0,MN2025 - Minnesota Speed Puzzling Championship,22838801,Bonnie Smith,0.1529263217527521,4222.746002734663,18,0.1529263217527521,4222.746002734663,18,0.0,0,True,False
2025-11-08,251108.0,MN2025 - Minnesota Speed Puzzling Championship,22858691,Chelsea Suedkamp,0.3132717326742299,3597.1440711539253,8,0.3132717326742299,3597.1440711539253,7,0.0,1,True,True
2025-11-08,251108.0,MN2025 - Minnesota Speed Puzzling Championship,23742868,Katie Erickson,0.3746516504594523,3382.991236248988,4,0.3746516504594523,3382.991236248988,5,0.0,1,True,True
2025-11-08,251108.0,MN2025 - Minnesota Speed Puzzling Championship,23743266,Jeff Amey,-0.1461699600441783,5694.9619169404405,31,-0.1461699600441783,5694.9619169404405,31,0.0,0,True,False
2025-11-08,251108.0,MN2025 - Minnesota Speed Puzzling Championship,23765024,David Telintelo,0.1763479287362415,4124.991754980196,17,0.1763479287362415,4124.991754980196,11,0.0,6,True,True
2025-11-08,251108.0,MN2025 - Minnesota Speed Puzzling Championship,23889376,Katie Frank,-0.0067040938500221,4953.607225351067,24,-0.0067040938500221,4953.607225351067,24,0.0,0,True,False
2025-11-08,251108.0,MN2025 - Minnesota Speed Puzzling Championship,23973497,Erin Manthey,-0.1605612928587302,5777.512591615892,32,-0.1605612928587302,5777.512591615892,32,0.0,0,True,False
2025-11-08,251108.0,MN2025 - Minnesota Speed Puzzling Championship,23994944,Cassie VonRueden,0.1262845946048096,4336.7592609834655,20,0.1262845946048096,4336.7592609834655,20,0.0,0,True,False
2025-11-08,251108.0,MN2025 - Minnesota Speed Puzzling Championship,24098345,Erin Bahr,-0.0491505662121215,5168.39665643082,25,-0.0491505662121215,5168.39665643082,25,0.0,0,True,False
2025-11-08,251108.0,MN2025 - Minnesota Speed Puzzling Championship,24718662,Jennifer Cadwell,-0.0965514344705553,5419.282270135854,29,-0.0965514344705553,5419.282270135854,29,0.0,0,True,False
2025-11-15,251115.0,CA2025 - California Speed Puzzling Championship,17593433,Tammy McLeod,0.3756833044022522,3408.312239643534,18,0.3756833044022522,3408.312239643534,18,0.0,0,True,False
2025-11-15,251115.0,CA2025 - California Speed Puzzling Championship,17593434,Jonathan Cluff,0.1330154361875438,4344.388848699461,42,0.1330154361875438,4344.388848699461,42,0.0,0,True,False
2025-11-15,251115.0,CA2025 - California Speed Puzzling Championship,17732010,Yvonne Feucht,0.4326375490023664,3219.6188396939256,12,0.4326375490023664,3219.6188396939256,9,0.0,3,True,True
2025-11-15,251115.0,CA2025 - California Speed Puzzling Championship,17732023,Andrew Bradburn,0.3482269864902331,3503.1884597457865,21,0.3482269864902331,3503.1884597457865,23,0.0,2,True,True
2025-11-15,251115.0,CA2025 - California Speed Puzzling Championship,17887918,Aly Krasny,0.3342587620119092,3552.465135172956,23,0.3342587620119092,3552.465135172956,29,0.0,6,True,True
2025-11-15,251115.0,CA2025 - California Speed Puzzling Championship,17915498,Melynda Owens,0.2583120786586969,3832.7725708210983,27,0.2583120786586969,3832.7725708210983,33,0.0,6,True,True
2025-11-15,251115.0,CA2025 - California Speed Puzzling Championship,18141627,Alyssa Zackler,0.3751202520496756,3410.2318382349144,19,0.3751202520496756,3410.2318382349144,21,0.0,2,True,True
2025-11-15,251115.0,CA2025 - California Speed Puzzling Championship,18495081,Trisha Siedlecki,0.4643961984783075,3118.9747133784067,8,0.4643961984783075,3118.9747133784067,8,0.0,0,True,False
2025-11-15,251115.0,CA2025 - California Speed Puzzling Championship,18852026,Kimberly Kenne,0.2174945335041009,3992.453664012896,33,0.2174945335041009,3992.453664012896,25,0.0,8,True,True
2025-11-15,251115.0,CA2025 - California Speed Puzzling Championship,18956787,Kelly Buhr,0.4848326320348003,3055.880896087482,6,0.4848326320348003,3055.880896087482,12,0.0,6,True,True
2025-11-15,251115.0,CA2025 - California Speed Puzzling Championship,19326944,Min-Yee Deng,0.5327159615335934,2913.0031730607416,4,0.5327159615335934,2913.0031730607416,4,0.0,0,True,False
2025-11-15,251115.0,CA2025 - California Speed Puzzling Championship,19526690,Heather Haynes-O'Brien,-0.1450986834519888,5737.360218138475,57,-0.1450986834519888,5737.360218138475,57,0.0,0,True,False
2025-11-15,251115.0,CA2025 - California Speed Puzzling Championship,19548766,Lindsay Steenstra,0.2008171198107819,4059.595787691826,37,0.2008171198107819,4059.595787691826,38,0.0,1,True,True
2025-11-15,251115.0,CA2025 - California Speed Puzzling Championship,20453946,Sammy Brownlow,0.4612381916517026,3128.8400259786345,9,0.4612381916517026,3128.8400259786345,17,0.0,8,True,True
2025-11-15,251115.0,CA2025 - California Speed Puzzling Championship,20503559,Mandi Schalon,0.2372053164016038,3914.529769959209,32,0.2372053164016038,3914.529769959209,35,0.0,3,True,True
2025-11-15,251115.0,CA2025 - California Speed Puzzling Championship,20531734,Norah Molina,0.0469862285019794,4734.680746977879,47,0.0469862285019794,4734.680746977879,47,0.0,0,True,False
2025-11-15,251115.0,CA2025 - California Speed Puzzling Championship,20539458,Kyle Kossin,0.4999574640172229,3010.008987898119,5,0.4999574640172229,3010.008987898119,5,0.0,0,True,False
2025-11-15,251115.0,CA2025 - California Speed Puzzling Championship,20720345,Doug Ellwanger,0.3631204218329422,3451.400556096273,20,0.3631204218329422,3451.400556096273,16,0.0,4,True,True
2025-11-15,251115.0,CA2025 - California Speed Puzzling Championship,20725541,Rosemary Dabbs,0.0983656336985761,4497.55940447459,46,0.0983656336985761,4497.55940447459,46,0.0,0,True,False
2025-11-15,251115.0,CA2025 - California Speed Puzzling Championship,20737662,Michael Suey,0.2088551497426023,4027.0954296515847,36,0.2088551497426023,4027.0954296515847,37,0.0,1,True,True
2025-11-15,251115.0,CA2025 - California Speed Puzzling Championship,21088908,Elizabeth Forsyth,0.1974519533667124,4073.280015150842,38,0.1974519533667124,4073.280015150842,32,0.0,6,True,True
2025-11-15,251115.0,CA2025 - California Speed Puzzling Championship,21178749,Yuewen Chun,0.3003157574666059,3675.116273895781,25,0.3003157574666059,3675.116273895781,28,0.0,3,True,True
2025-11-15,251115.0,CA2025 - California Speed Puzzling Championship,21394027,Elizabeth Tashiro,0.2116546065162356,4015.8375154473815,35,0.2116546065162356,4015.8375154473815,26,0.0,9,True,True
2025-11-15,251115.0,CA2025 - California Speed Puzzling Championship,21412436,Iryna Shvydchenko,0.6328898443668487,2635.335990311947,3,0.6328898443668487,2635.335990311947,3,0.0,0,True,False
2025-11-15,251115.0,CA2025 - California Speed Puzzling Championship,21566454,Alice Rowe,0.7504216780507381,2343.1094000585904,1,0.7504216780507381,2343.1094000585904,2,0.0,1,True,True
2025-11-15,251115.0,CA2025 - California Speed Puzzling Championship,21594891,Kinsey Keltz,0.2134821905481345,4008.504937421645,34,0.2134821905481345,4008.504937421645,36,0.0,2,True,True
2025-11-15,251115.0,CA2025 - California Speed Puzzling Championship,21616379,Debbie Dyson,-0.1006881216172361,5488.135884451738,52,-0.1006881216172361,5488.135884451738,52,0.0,0,True,False
2025-11-15,251115.0,CA2025 - California Speed Puzzling Championship,21844431,Susie Peat,-0.3321236116818458,6917.290456804984,64,-0.3321236116818458,6917.290456804984,64,0.0,0,True,False
2025-11-15,251115.0,CA2025 - California Speed Puzzling Championship,21863962,Ted DesMaisons,-0.1788028404016589,5934.028764062095,59,-0.1788028404016589,5934.028764062095,59,0.0,0,True,False
2025-11-15,251115.0,CA2025 - California Speed Puzzling Championship,21925075,Diana Jaffe,0.4021620608034488,3319.2487193967227,16,0.4021620608034488,3319.2487193967227,15,0.0,1,True,True
2025-11-15,251115.0,CA2025 - California Speed Puzzling Championship,21926492,Michelle Philo,-0.0573675343744909,5255.462769536227,50,-0.0573675343744909,5255.462769536227,50,0.0,0,True,False
2025-11-15,251115.0,CA2025 - California Speed Puzzling Championship,21926559,Lisa Matyas,0.1972043237234065,4074.2888049260514,39,0.1972043237234065,4074.2888049260514,39,0.0,0,True,False
2025-11-15,251115.0,CA2025 - California Speed Puzzling Championship,21927536,Skye Vandeleest,0.4569024335197028,3142.435371331575,11,0.4569024335197028,3142.435371331575,10,0.0,1,True,True
2025-11-15,251115.0,CA2025 - California Speed Puzzling Championship,21927541,Chloe Glikbarg,0.4194194485281708,3262.458591337904,15,0.4194194485281708,3262.458591337904,14,0.0,1,True,True
2025-11-15,251115.0,CA2025 - California Speed Puzzling Championship,21935409,Darya Leylian,0.2456914569068935,3881.45107406188,29,0.2456914569068935,3881.45107406188,31,0.0,2,True,True
2025-11-15,251115.0,CA2025 - California Speed Puzzling Championship,21936039,Caroline Orsi,0.3421375982274222,3524.585816723246,22,0.3421375982274222,3524.585816723246,24,0.0,2,True,True
2025-11-15,251115.0,CA2025 - California Speed Puzzling Championship,21968530,Alison Youngblood,0.2582757901036424,3832.91165912319,28,0.2582757901036424,3832.91165912319,22,0.0,6,True,True
2025-11-15,251115.0,CA2025 - California Speed Puzzling Championship,21968784,Cindy Grimley-Beason,-0.2734352654377285,6523.00914140372,61,-0.2734352654377285,6523.00914140372,61,0.0,0,True,False
2025-11-15,251115.0,CA2025 - California Speed Puzzling Championship,22035202,Rebecca Streitz,0.4304852924014175,3226.5557479196896,13,0.4304852924014175,3226.5557479196896,20,0.0,7,True,True
2025-11-15,251115.0,CA2025 - California Speed Puzzling Championship,22035203,Jessica Streitz,0.4595171430258144,3134.229548290633,10,0.4595171430258144,3134.229548290633,6,0.0,4,True,True
2025-11-15,251115.0,CA2025 - California Speed Puzzling Championship,22197641,Marissa Belau,-0.1045859729463749,5509.5695677215945,53,-0.1045859729463749,5509.5695677215945,53,0.0,0,True,False
2025-11-15,251115.0,CA2025 - California Speed Puzzling Championship,22344894,Ermelinda Kraft,-0.3250925748739234,6868.825312755927,63,-0.3250925748739234,6868.825312755927,63,0.0,0,True,False
2025-11-15,251115.0,CA2025 - California Speed Puzzling Championship,22549310,Brooke Vlasich,-0.0195889627401435,5060.622459911596,49,-0.0195889627401435,5060.622459911596,49,0.0,0,True,False
2025-11-15,251115.0,CA2025 - California Speed Puzzling Championship,22682522,Marjorie No Last Name,-0.078499578514258,5367.703198769191,51,-0.078499578514258,5367.703198769191,51,0.0,0,True,False
2025-11-15,251115.0,CA2025 - California Speed Puzzling Championship,22687589,Connie Mangilin,-0.39464925751831,7363.606205413291,66,-0.39464925751831,7363.606205413291,66,0.0,0,True,False
2025-11-15,251115.0,CA2025 - California Speed Puzzling Championship,22814478,Irene Ho,0.1393464508492758,4316.9713411017765,41,0.1393464508492758,4316.9713411017765,41,0.0,0,True,False
2025-11-15,251115.0,CA2025 - California Speed Puzzling Championship,22858066,Olga Brezo Fernandez,-0.1477729875381155,5752.724198834791,58,-0.1477729875381155,5752.724198834791,58,0.0,0,True,False
2025-11-15,251115.0,CA2025 - California Speed Puzzling Championship,22862266,Kaitlyn McCluskie,0.4276869742046561,3235.597322282926,14,0.4276869742046561,3235.597322282926,11,0.0,3,True,True
2025-11-15,251115.0,CA2025 - California Speed Puzzling Championship,22862625,Angela Guglielmino,0.1128194201653674,4433.020182865146,45,0.1128194201653674,4433.020182865146,45,0.0,0,True,False
2025-11-15,251115.0,CA2025 - California Speed Puzzling Championship,22862686,Clare Kay,-0.1166478388532672,5576.427663154117,54,-0.1166478388532672,5576.427663154117,54,0.0,0,True,False
2025-11-15,251115.0,CA2025 - California Speed Puzzling Championship,22862692,Jennifer Hancock,0.1310095724438282,4353.111846427367,43,0.1310095724438282,4353.111846427367,43,0.0,0,True,False
2025-11-15,251115.0,CA2025 - California Speed Puzzling Championship,23608821,Jeff Soesbe,-0.8509129467446572,11620.996156821278,69,-0.8509129467446572,11620.996156821278,69,0.0,0,True,False
2025-11-15,251115.0,CA2025 - California Speed Puzzling Championship,23741737,Christopher Nammour,0.3873315485059176,3368.8417141369514,17,0.3873315485059176,3368.8417141369514,13,0.0,4,True,True
2025-11-15,251115.0,CA2025 - California Speed Puzzling Championship,23749556,Audrey Nelson,0.1238227366386509,4384.509636748253,44,0.1238227366386509,4384.509636748253,44,0.0,0,True,False
2025-11-15,251115.0,CA2025 - California Speed Puzzling Championship,23750128,Jasmine Lambert,0.4794667579279471,3072.3224404404323,7,0.4794667579279471,3072.3224404404323,7,0.0,0,True,False
2025-11-15,251115.0,CA2025 - California Speed Puzzling Championship,23751282,Marissa Salvato,-0.016355637102544,5044.286243954787,48,-0.016355637102544,5044.286243954787,48,0.0,0,True,False
2025-11-15,251115.0,CA2025 - California Speed Puzzling Championship,23758339,Anne Marie Barrette,-0.1425386195972245,5722.690994708349,55,-0.1425386195972245,5722.690994708349,55,0.0,0,True,False
2025-11-15,251115.0,CA2025 - California Speed Puzzling Championship,23758655,Hannah Doyle,0.6672923009497319,2546.215725866275,2,0.6672923009497319,2546.215725866275,1,0.0,1,True,True
2025-11-15,251115.0,CA2025 - California Speed Puzzling Championship,23764496,Marie Mogni,-0.2532763892984365,6392.829157669064,60,-0.2532763892984365,6392.829157669064,60,0.0,0,True,False
2025-11-15,251115.0,CA2025 - California Speed Puzzling Championship,23764843,Jason Fox,-0.3351950066671643,6938.568848471327,65,-0.3351950066671643,6938.568848471327,65,0.0,0,True,False
2025-11-15,251115.0,CA2025 - California Speed Puzzling Championship,23764984,Helen Hu,0.318046835692299,3610.5268123398337,24,0.318046835692299,3610.5268123398337,19,0.0,5,True,True
2025-11-15,251115.0,CA2025 - California Speed Puzzling Championship,23820090,Matthew Swanson,0.2423725408038168,3894.354685692444,31,0.2423725408038168,3894.354685692444,30,0.0,1,True,True
2025-11-15,251115.0,CA2025 - California Speed Puzzling Championship,23888265,Feifei Xue,0.2693004203022304,3790.887302636783,26,0.2693004203022304,3790.887302636783,27,0.0,1,True,True
2025-11-15,251115.0,CA2025 - California Speed Puzzling Championship,24234701,Kimberly Ziaei,0.1756746986691806,4162.957795321101,40,0.1756746986691806,4162.957795321101,40,0.0,0,True,False
2025-11-15,251115.0,CA2025 - California Speed Puzzling Championship,24493539,Karen Christopher,0.2454311630872118,3882.461523288997,30,0.2454311630872118,3882.461523288997,34,0.0,4,True,True
2025-11-15,251115.0,CA2025 - California Speed Puzzling Championship,24505873,Cristina Wood,-0.3153363649315496,6802.137450305766,62,-0.3153363649315496,6802.137450305766,62,0.0,0,True,False
2025-11-15,251115.0,CA2025 - California Speed Puzzling Championship,24685819,Brandon Harrington,-0.4048044618377519,7438.766117163136,67,-0.4048044618377519,7438.766117163136,67,0.0,0,True,False
2025-11-15,251115.0,CA2025 - California Speed Puzzling Championship,24718209,Max Schooley,-0.4799126114606452,8018.9953042511215,68,-0.4799126114606452,8018.9953042511215,68,0.0,0,True,False
2025-11-15,251115.0,CA2025 - California Speed Puzzling Championship,24825726,Sarah Fleming,-0.1447957771590695,5735.622598804856,56,-0.1447957771590695,5735.622598804856,56,0.0,0,True,False
2025-11-15,251115.01,Chicago Puzzle Club USAJPA Sanctioned Speed Puzzle Competition,19958106,Taylor Reed,0.4071966401762463,3447.6016614290797,2,0.4071966401762463,3447.6016614290797,2,0.0,0,True,False
2025-11-15,251115.01,Chicago Puzzle Club USAJPA Sanctioned Speed Puzzle Competition,20568290,John Walczak,-0.1129952460566842,5800.074167280728,10,-0.1129952460566842,5800.074167280728,10,0.0,0,True,False
2025-11-15,251115.01,Chicago Puzzle Club USAJPA Sanctioned Speed Puzzle Competition,21108114,Madeleine Bouchie,0.2694816911627025,3956.6344111017006,6,0.2694816911627025,3956.6344111017006,6,0.0,0,True,False
2025-11-15,251115.01,Chicago Puzzle Club USAJPA Sanctioned Speed Puzzle Competition,21198876,Angie Gazdic,0.3133914471471022,3786.6586658427454,5,0.3133914471471022,3786.6586658427454,5,0.0,0,True,False
2025-11-15,251115.01,Chicago Puzzle Club USAJPA Sanctioned Speed Puzzle Competition,21960422,Andrew Paul,0.2654060332326335,3972.793206008206,7,0.2654060332326335,3972.793206008206,7,0.0,0,True,False
2025-11-15,251115.01,Chicago Puzzle Club USAJPA Sanctioned Speed Puzzle Competition,21979616,Jennifer McCarthy,-0.076014598116725,5589.501225579653,9,-0.076014598116725,5589.501225579653,9,0.0,0,True,False
2025-11-15,251115.01,Chicago Puzzle Club USAJPA Sanctioned Speed Puzzle Competition,22392412,Elizabeth Alvarez,0.1698902772111332,4370.971001937245,8,0.1698902772111332,4370.971001937245,8,0.0,0,True,False
2025-11-15,251115.01,Chicago Puzzle Club USAJPA Sanctioned Speed Puzzle Competition,22623572,Melissa Harlow,0.3888288271795488,3511.511711151681,3,0.3888288271795488,3511.511711151681,3,0.0,0,True,False
2025-11-15,251115.01,Chicago Puzzle Club USAJPA Sanctioned Speed Puzzle Competition,23758345,Lihan Chen,-0.3025139272038386,7010.362321447806,12,-0.3025139272038386,7010.362321447806,12,0.0,0,True,False
2025-11-15,251115.01,Chicago Puzzle Club USAJPA Sanctioned Speed Puzzle Competition,23765860,Kate Yee,0.379520992550881,3544.3488657858297,4,0.379520992550881,3544.3488657858297,1,0.0,3,True,True
2025-11-15,251115.01,Chicago Puzzle Club USAJPA Sanctioned Speed Puzzle Competition,23887819,Chris Viox,0.4526033772837553,3294.5582150562054,1,0.4526033772837553,3294.5582150562054,4,0.0,3,True,True
2025-11-15,251115.01,Chicago Puzzle Club USAJPA Sanctioned Speed Puzzle Competition,24676109,Angela Bourgeois,-0.2323326080847619,6535.233433615616,11,-0.2323326080847619,6535.233433615616,11,0.0,0,True,False
2026-01-25,260125.0,Saint Paul Winter Carnival,17593435,Aly Krasny,0.3414569593667655,3524.0315326789887,27,0.3414569593667655,3524.0315326789887,34,0.0,7,True,True
2026-01-25,260125.0,Saint Paul Winter Carnival,17731928,Kara Taylor,0.2555106617086828,3840.305626516848,32,0.2555106617086828,3840.305626516848,37,0.0,5,True,True
2026-01-25,260125.0,Saint Paul Winter Carnival,17731998,Liz Walters,0.3246030179061909,3583.92868757156,28,0.3246030179061909,3583.92868757156,24,0.0,4,True,True
2026-01-25,260125.0,Saint Paul Winter Carnival,17732010,Yvonne Feucht,0.445351787003546,3176.280405510658,13,0.445351787003546,3176.280405510658,10,0.0,3,True,True
2026-01-25,260125.0,Saint Paul Winter Carnival,17732023,Andrew Bradburn,0.3685605075354463,3429.800539866305,20,0.3685605075354463,3429.800539866305,26,0.0,6,True,True
2026-01-25,260125.0,Saint Paul Winter Carnival,18256922,Phil Ehresmann,0.2357590596384632,3916.911872634751,37,0.2357590596384632,3916.911872634751,39,0.0,2,True,True
2026-01-25,260125.0,Saint Paul Winter Carnival,18475588,Dawne Rasmusson,0.4646853833162822,3115.461302806506,11,0.4646853833162822,3115.461302806506,11,0.0,0,True,False
2026-01-25,260125.0,Saint Paul Winter Carnival,18497651,Lisa Schuler,-0.1269882905501468,5629.6704507183,67,-0.1269882905501468,5629.6704507183,67,0.0,0,True,False
2026-01-25,260125.0,Saint Paul Winter Carnival,18542626,Jeanne Roiter,0.6084062970799354,2698.3927508517927,3,0.6084062970799354,2698.3927508517927,2,0.0,1,True,True
2026-01-25,260125.0,Saint Paul Winter Carnival,18846642,Heather Mueller,0.3595016336359489,3461.011826571432,23,0.3595016336359489,3461.011826571432,33,0.0,10,True,True
2026-01-25,260125.0,Saint Paul Winter Carnival,18852026,Kimberly Kenne,0.2406898512982634,3897.645933441048,35,0.2406898512982634,3897.645933441048,29,0.0,6,True,True
2026-01-25,260125.0,Saint Paul Winter Carnival,19326944,Min-Yee Deng,0.5191369195214276,2950.35557167233,6,0.5191369195214276,2950.35557167233,5,0.0,1,True,True
2026-01-25,260125.0,Saint Paul Winter Carnival,19548766,Lindsay Steenstra,0.2134840300558281,4005.1401966929698,40,0.2134840300558281,4005.1401966929698,45,0.0,5,True,True
2026-01-25,260125.0,Saint Paul Winter Carnival,19556372,Katie Everson,-0.0294425524520515,5106.453683213232,59,-0.0294425524520515,5106.453683213232,59,0.0,0,True,False
2026-01-25,260125.0,Saint Paul Winter Carnival,19573602,Isabel Urrutia,0.2230660758176226,3966.946041352505,39,0.2230660758176226,3966.946041352505,41,0.0,2,True,True
2026-01-25,260125.0,Saint Paul Winter Carnival,19958106,Taylor Reed,0.4197274508929873,3258.722229772265,14,0.4197274508929873,3258.722229772265,17,0.0,3,True,True
2026-01-25,260125.0,Saint Paul Winter Carnival,20503559,Mandi Schalon,0.2491360733235011,3864.864186352193,34,0.2491360733235011,3864.864186352193,38,0.0,4,True,True
2026-01-25,260125.0,Saint Paul Winter Carnival,20508154,Meri Cartee,0.1020852270910001,4477.108385139779,52,0.1020852270910001,4477.108385139779,52,0.0,0,True,False
2026-01-25,260125.0,Saint Paul Winter Carnival,20533720,Melissa Cody,0.1647401827734547,4205.202430130916,46,0.1647401827734547,4205.202430130916,49,0.0,3,True,True
2026-01-25,260125.0,Saint Paul Winter Carnival,20539458,Kyle Kossin,0.4888430941419275,3041.1006969097857,7,0.4888430941419275,3041.1006969097857,6,0.0,1,True,True
2026-01-25,260125.0,Saint Paul Winter Carnival,20563304,Jessica Derby,0.3807388036516281,3388.2847223348185,18,0.3807388036516281,3388.2847223348185,15,0.0,3,True,True
2026-01-25,260125.0,Saint Paul Winter Carnival,20720301,Melissa Martin,0.021629857707188,4852.202655731404,55,0.021629857707188,4852.202655731404,55,0.0,0,True,False
2026-01-25,260125.0,Saint Paul Winter Carnival,20722068,Elizabeth Nelson,0.378390619232711,3396.250388493036,19,0.378390619232711,3396.250388493036,14,0.0,5,True,True
2026-01-25,260125.0,Saint Paul Winter Carnival,20737327,Amy Paull,0.3648418440914069,3442.578557602957,21,0.3648418440914069,3442.578557602957,20,0.0,1,True,True
2026-01-25,260125.0,Saint Paul Winter Carnival,20739624,Mari Black,0.6196374822692854,2668.2561537886672,1,0.6196374822692854,2668.2561537886672,3,0.0,2,True,True
2026-01-25,260125.0,Saint Paul Winter Carnival,20866603,Cathy Roiter,0.5678209205551307,2810.160768855311,4,0.5678209205551307,2810.160768855311,4,0.0,0,True,False
2026-01-25,260125.0,Saint Paul Winter Carnival,21169710,Rachel Shields,-0.1246042066503472,5616.264830446934,66,-0.1246042066503472,5616.264830446934,66,0.0,0,True,False
2026-01-25,260125.0,Saint Paul Winter Carnival,21181014,Emily Chandran,0.4752954063822426,3082.5809257539504,9,0.4752954063822426,3082.5809257539504,7,0.0,2,True,True
2026-01-25,260125.0,Saint Paul Winter Carnival,21394027,Elizabeth Tashiro,0.2039121819900578,4043.6608529668,41,0.2039121819900578,4043.6608529668,30,0.0,11,True,True
2026-01-25,260125.0,Saint Paul Winter Carnival,21446122,Emilee Frost,-0.1634048839047361,5838.462544689148,70,-0.1634048839047361,5838.462544689148,70,0.0,0,True,False
2026-01-25,260125.0,Saint Paul Winter Carnival,21553962,Michelle Parsons,-0.0597881941369464,5263.787420252257,61,-0.0597881941369464,5263.787420252257,61,0.0,0,True,False
2026-01-25,260125.0,Saint Paul Winter Carnival,21576268,Lauren Kautz,0.6090437183725406,2696.6732859265844,2,0.6090437183725406,2696.6732859265844,1,0.0,1,True,True
2026-01-25,260125.0,Saint Paul Winter Carnival,21832826,Krystal Cotriss,0.0976493000874549,4497.0126253628605,53,0.0976493000874549,4497.0126253628605,53,0.0,0,True,False
2026-01-25,260125.0,Saint Paul Winter Carnival,21851725,Maud Dias,0.459308655018098,3132.257405331596,12,0.459308655018098,3132.257405331596,13,0.0,1,True,True
2026-01-25,260125.0,Saint Paul Winter Carnival,21858254,Kara Bingham,0.2507604231765887,3858.591390765424,33,0.2507604231765887,3858.591390765424,36,0.0,3,True,True
2026-01-25,260125.0,Saint Paul Winter Carnival,21916024,Emmie Lee,0.2392784948428266,3903.150784930288,36,0.2392784948428266,3903.150784930288,35,0.0,1,True,True
2026-01-25,260125.0,Saint Paul Winter Carnival,21916237,Katie Greenfield,-0.4099436690663116,7470.831347459965,75,-0.4099436690663116,7470.831347459965,75,0.0,0,True,False
2026-01-25,260125.0,Saint Paul Winter Carnival,21918754,Karen Ni,0.3073091003782566,3646.447897574091,30,0.3073091003782566,3646.447897574091,28,0.0,2,True,True
2026-01-25,260125.0,Saint Paul Winter Carnival,21921863,Janna Goodrich,0.2233332007428285,3965.886512707464,38,0.2233332007428285,3965.886512707464,40,0.0,2,True,True
2026-01-25,260125.0,Saint Paul Winter Carnival,21922408,KaSaundra Olsen,-0.2180764115149609,6166.546932614629,72,-0.2180764115149609,6166.546932614629,72,0.0,0,True,False
2026-01-25,260125.0,Saint Paul Winter Carnival,21964658,Cosmo Smith,0.3464413711906324,3506.5100117537577,24,0.3464413711906324,3506.5100117537577,21,0.0,3,True,True
2026-01-25,260125.0,Saint Paul Winter Carnival,21988310,Ashley Bromiley,0.3644673748550395,3443.867938768283,22,0.3644673748550395,3443.867938768283,23,0.0,1,True,True
2026-01-25,260125.0,Saint Paul Winter Carnival,22074241,Josh Nelson,0.3050389563567076,3654.735262665704,31,0.3050389563567076,3654.735262665704,22,0.0,9,True,True
2026-01-25,260125.0,Saint Paul Winter Carnival,22251076,Jessica Henderson,0.1439103900798264,4293.7145694591045,48,0.1439103900798264,4293.7145694591045,43,0.0,5,True,True
2026-01-25,260125.0,Saint Paul Winter Carnival,22324939,Lindsey Anderson,0.1793383401870732,4144.26012802077,44,0.1793383401870732,4144.26012802077,32,0.0,12,True,True
2026-01-25,260125.0,Saint Paul Winter Carnival,22389912,Tazia Statucki,0.131641287379141,4346.719088523482,50,0.131641287379141,4346.719088523482,42,0.0,8,True,True
2026-01-25,260125.0,Saint Paul Winter Carnival,22423946,Jennifer Sipple,0.5608687874427389,2829.7654487986065,5,0.5608687874427389,2829.7654487986065,8,0.0,3,True,True
2026-01-25,260125.0,Saint Paul Winter Carnival,22447425,Kevin Erickson,0.1377378706893454,4320.299569703719,49,0.1377378706893454,4320.299569703719,44,0.0,5,True,True
2026-01-25,260125.0,Saint Paul Winter Carnival,22557667,Angela Morford,0.1222579019384887,4387.697988866617,51,0.1222579019384887,4387.697988866617,51,0.0,0,True,False
2026-01-25,260125.0,Saint Paul Winter Carnival,22629662,Kate Amey,-0.3137873715260244,6785.920743673958,74,-0.3137873715260244,6785.920743673958,74,0.0,0,True,False
2026-01-25,260125.0,Saint Paul Winter Carnival,22638087,Karen Bell,-0.0112739760753963,5014.514421267502,58,-0.0112739760753963,5014.514421267502,58,0.0,0,True,False
2026-01-25,260125.0,Saint Paul Winter Carnival,22645517,Marguerite Byrnes,0.1982619052064737,4066.5733259542017,42,0.1982619052064737,4066.5733259542017,46,0.0,4,True,True
2026-01-25,260125.0,Saint Paul Winter Carnival,22684893,Ellen Leader,-0.2065055252133823,6095.605736936132,71,-0.2065055252133823,6095.605736936132,71,0.0,0,True,False
2026-01-25,260125.0,Saint Paul Winter Carnival,22729973,Ashley Tucker,0.1763880207684767,4156.505073520371,45,0.1763880207684767,4156.505073520371,48,0.0,3,True,True
2026-01-25,260125.0,Saint Paul Winter Carnival,22812262,Jolene Metty,-0.0992638699501194,5475.734847021241,64,-0.0992638699501194,5475.734847021241,64,0.0,0,True,False
2026-01-25,260125.0,Saint Paul Winter Carnival,22830270,Dessa Burt,-0.1448740337612002,5731.267148604857,69,-0.1448740337612002,5731.267148604857,69,0.0,0,True,False
2026-01-25,260125.0,Saint Paul Winter Carnival,22838801,Bonnie Smith,0.15598744014455,4242.171037040113,47,0.15598744014455,4242.171037040113,50,0.0,3,True,True
2026-01-25,260125.0,Saint Paul Winter Carnival,22846309,Deanna Chorzempa,-0.1115501261317891,5543.426112741219,65,-0.1115501261317891,5543.426112741219,65,0.0,0,True,False
2026-01-25,260125.0,Saint Paul Winter Carnival,22857066,Nathan Biberdorf,0.4680539904103745,3104.9841942989497,10,0.4680539904103745,3104.9841942989497,12,0.0,2,True,True
2026-01-25,260125.0,Saint Paul Winter Carnival,22871519,Grace Byrnes,0.3097244617808702,3637.651036142151,29,0.3097244617808702,3637.651036142151,27,0.0,2,True,True
2026-01-25,260125.0,Saint Paul Winter Carnival,23742868,Katie Erickson,0.3431737084672834,3517.9868448058864,26,0.3431737084672834,3517.9868448058864,18,0.0,8,True,True
2026-01-25,260125.0,Saint Paul Winter Carnival,23743266,Jeff Amey,-0.1335802128945412,5666.903384633657,68,-0.1335802128945412,5666.903384633657,68,0.0,0,True,False
2026-01-25,260125.0,Saint Paul Winter Carnival,23750128,Jasmine Lambert,0.4818858073292717,3062.332278143649,8,0.4818858073292717,3062.332278143649,9,0.0,1,True,True
2026-01-25,260125.0,Saint Paul Winter Carnival,23758517,Kabao Lor,0.000483106790049,4955.903581080719,57,0.000483106790049,4955.903581080719,57,0.0,0,True,False
2026-01-25,260125.0,Saint Paul Winter Carnival,23764523,Aubrey Barrow,0.4051078837925241,3306.713287552253,17,0.4051078837925241,3306.713287552253,19,0.0,2,True,True
2026-01-25,260125.0,Saint Paul Winter Carnival,23838242,Rose Barrett,0.4138894094090918,3277.8024266324933,16,0.4138894094090918,3277.8024266324933,16,0.0,0,True,False
2026-01-25,260125.0,Saint Paul Winter Carnival,23888265,Feifei Xue,0.3450832969720544,3511.275347705436,25,0.3450832969720544,3511.275347705436,31,0.0,6,True,True
2026-01-25,260125.0,Saint Paul Winter Carnival,23971129,Amy Ellenberger,-0.2496706361332796,6364.484580011809,73,-0.2496706361332796,6364.484580011809,73,0.0,0,True,False
2026-01-25,260125.0,Saint Paul Winter Carnival,23971267,Jean Doroff,-0.6337214546997857,9344.463884993089,76,-0.6337214546997857,9344.463884993089,76,0.0,0,True,False
2026-01-25,260125.0,Saint Paul Winter Carnival,23994883,Emily Doroff,-0.0642760357579712,5287.4635521483215,62,-0.0642760357579712,5287.4635521483215,62,0.0,0,True,False
2026-01-25,260125.0,Saint Paul Winter Carnival,24098345,Erin Bahr,-0.0795095698262711,5368.626941369872,63,-0.0795095698262711,5368.626941369872,63,0.0,0,True,False
2026-01-25,260125.0,Saint Paul Winter Carnival,24132989,DoRae Wulbecker,0.0784752745568609,4584.070417247255,54,0.0784752745568609,4584.070417247255,54,0.0,0,True,False
2026-01-25,260125.0,Saint Paul Winter Carnival,24179977,Emily Howard,0.192446977363267,4090.289042177348,43,0.192446977363267,4090.289042177348,47,0.0,4,True,True
2026-01-25,260125.0,Saint Paul Winter Carnival,24489863,Joelle Hershberger,0.0070102894114785,4923.660834971563,56,0.0070102894114785,4923.660834971563,56,0.0,0,True,False
2026-01-25,260125.0,Saint Paul Winter Carnival,24552661,Nicole Kunkler,-0.0561084677517821,5244.453715982406,60,-0.0561084677517821,5244.453715982406,60,0.0,0,True,False
2026-01-25,260125.0,Saint Paul Winter Carnival,24581974,Jessica Rottenbacher,0.4150397042120454,3274.034155263026,15,0.4150397042120454,3274.034155263026,25,0.0,10,True,True
2026-03-27,260327.01,2026 USA Jigsaw Nationals Individual Prelim A,17731926,Komal Shah,-0.1678725149453194,5329.653710264186,89,-0.1678725149453194,5329.653710264186,89,0.0,0,True,False
2026-03-27,260327.01,2026 USA Jigsaw Nationals Individual Prelim A,18141627,Alyssa Zackler,0.3719842009849856,3106.291435608492,19,0.3719842009849856,3106.291435608492,19,0.0,0,True,False
2026-03-27,260327.01,2026 USA Jigsaw Nationals Individual Prelim A,18405080,Kelly Walter,0.6707645447305833,2304.005676201056,1,0.6707645447305833,2304.005676201056,1,0.0,0,True,False
2026-03-27,260327.01,2026 USA Jigsaw Nationals Individual Prelim A,18518434,Elizabeth McElveen,0.3307499533653324,3237.054456122828,24,0.3307499533653324,3237.054456122828,34,0.0,10,True,True
2026-03-27,260327.01,2026 USA Jigsaw Nationals Individual Prelim A,19369070,Amanda Messinger,0.2230237044094709,3605.246143540444,38,0.2230237044094709,3605.246143540444,28,0.0,10,True,True
2026-03-27,260327.01,2026 USA Jigsaw Nationals Individual Prelim A,19883351,Julia Winer,0.1001811979288979,4076.474628515288,58,0.1001811979288979,4076.474628515288,58,0.0,0,True,False
2026-03-27,260327.01,2026 USA Jigsaw Nationals Individual Prelim A,20453946,Sammy Brownlow,0.4712596576517271,2812.7259259708467,11,0.4712596576517271,2812.7259259708467,14,0.0,3,True,True
2026-03-27,260327.01,2026 USA Jigsaw Nationals Individual Prelim A,20533269,Elizaveta Gallagher,0.2936790129060393,3359.307119528941,28,0.2936790129060393,3359.307119528941,27,0.0,1,True,True
2026-03-27,260327.01,2026 USA Jigsaw Nationals Individual Prelim A,20539458,Kyle Kossin,0.498828925538732,2736.2403021902383,6,0.498828925538732,2736.2403021902383,5,0.0,1,True,True
2026-03-27,260327.01,2026 USA Jigsaw Nationals Individual Prelim A,20722129,Karen Kavett,0.4608473959831402,2842.1657659963057,12,0.4608473959831402,2842.1657659963057,17,0.0,5,True,True
2026-03-27,260327.01,2026 USA Jigsaw Nationals Individual Prelim A,20723938,Joyce Yoo,0.0964593077505041,4091.675089073073,59,0.0964593077505041,4091.675089073073,59,0.0,0,True,False
2026-03-27,260327.01,2026 USA Jigsaw Nationals Individual Prelim A,20755407,Carrie Campbell,0.0238176566149876,4399.962836221001,69,0.0238176566149876,4399.962836221001,69,0.0,0,True,False
2026-03-27,260327.01,2026 USA Jigsaw Nationals Individual Prelim A,20859985,Jessa Douglas,0.5465864442045925,2608.6355503251734,4,0.5465864442045925,2608.6355503251734,7,0.0,3,True,True
2026-03-27,260327.01,2026 USA Jigsaw Nationals Individual Prelim A,20860009,Andrea Heistand,0.4896278370074478,2761.532872604446,8,0.4896278370074478,2761.532872604446,3,0.0,5,True,True
2026-03-27,260327.01,2026 USA Jigsaw Nationals Individual Prelim A,20865889,Stephanie Pringle,-0.4137410355581456,6815.195740513429,110,-0.4137410355581456,6815.195740513429,110,0.0,0,True,False
2026-03-27,260327.01,2026 USA Jigsaw Nationals Individual Prelim A,21085430,Kristen Sweeney,0.1444284599471019,3900.0340787678338,51,0.1444284599471019,3900.0340787678338,44,0.0,7,True,True
2026-03-27,260327.01,2026 USA Jigsaw Nationals Individual Prelim A,21090776,Ashley Willard,0.0193522986148082,4419.654177196203,70,0.0193522986148082,4419.654177196203,70,0.0,0,True,False
2026-03-27,260327.01,2026 USA Jigsaw Nationals Individual Prelim A,21124700,Shirley Jiang,-0.0359117080999181,4670.777094782814,78,-0.0359117080999181,4670.777094782814,78,0.0,0,True,False
2026-03-27,260327.01,2026 USA Jigsaw Nationals Individual Prelim A,21173211,Natalie Hinkley,-0.1711123700073143,5346.949017832375,90,-0.1711123700073143,5346.949017832375,90,0.0,0,True,False
2026-03-27,260327.01,2026 USA Jigsaw Nationals Individual Prelim A,21178749,Yuewen Chun,0.286248430509303,3384.361697650865,29,0.286248430509303,3384.361697650865,32,0.0,3,True,True
2026-03-27,260327.01,2026 USA Jigsaw Nationals Individual Prelim A,21187349,Alison Filley,0.2217727183785387,3609.759078324723,39,0.2217727183785387,3609.759078324723,35,0.0,4,True,True
2026-03-27,260327.01,2026 USA Jigsaw Nationals Individual Prelim A,21254948,Catherine Huang,-0.2285685242881225,5663.161331804706,97,-0.2285685242881225,5663.161331804706,97,0.0,0,True,False
2026-03-27,260327.01,2026 USA Jigsaw Nationals Individual Prelim A,21394027,Elizabeth Tashiro,0.2030402896622955,3678.0159454360455,43,0.2030402896622955,3678.0159454360455,30,0.0,13,True,True
2026-03-27,260327.01,2026 USA Jigsaw Nationals Individual Prelim A,21405969,Owen Wartella,0.0404992872021737,4327.173095340613,67,0.0404992872021737,4327.173095340613,67,0.0,0,True,False
2026-03-27,260327.01,2026 USA Jigsaw Nationals Individual Prelim A,21423906,Gail McCormick,0.3911877602772091,3047.208698947678,17,0.3911877602772091,3047.208698947678,22,0.0,5,True,True
2026-03-27,260327.01,2026 USA Jigsaw Nationals Individual Prelim A,21467665,Rachelle Martineau,-0.43372880719058,6952.786805263943,111,-0.43372880719058,6952.786805263943,111,0.0,0,True,False
2026-03-27,260327.01,2026 USA Jigsaw Nationals Individual Prelim A,21556752,Hanna Sigler,0.636880177362074,2383.413190137905,2,0.636880177362074,2383.413190137905,2,0.0,0,True,False
2026-03-27,260327.01,2026 USA Jigsaw Nationals Individual Prelim A,21581068,Andrea Peng,0.5155774169652453,2690.794045415704,5,0.5155774169652453,2690.794045415704,4,0.0,1,True,True
2026-03-27,260327.01,2026 USA Jigsaw Nationals Individual Prelim A,21617866,Margaret Long,0.3673748036838999,3120.6426167064774,20,0.3673748036838999,3120.6426167064774,12,0.0,8,True,True
2026-03-27,260327.01,2026 USA Jigsaw Nationals Individual Prelim A,21696285,Michelle Penta,0.1187032363820123,4001.66496116872,56,0.1187032363820123,4001.66496116872,56,0.0,0,True,False
2026-03-27,260327.01,2026 USA Jigsaw Nationals Individual Prelim A,21832826,Krystal Cotriss,0.1516388442222427,3872.0144718343936,49,0.1516388442222427,3872.0144718343936,51,0.0,2,True,True
2026-03-27,260327.01,2026 USA Jigsaw Nationals Individual Prelim A,21851725,Maud Dias,0.474262639335419,2804.2920312875385,9,0.474262639335419,2804.2920312875385,10,0.0,1,True,True
2026-03-27,260327.01,2026 USA Jigsaw Nationals Individual Prelim A,21858254,Kara Bingham,0.2566223087496301,3486.127225086075,35,0.2566223087496301,3486.127225086075,37,0.0,2,True,True
2026-03-27,260327.01,2026 USA Jigsaw Nationals Individual Prelim A,21892775,Andrea Reynolds,0.2612131903714593,3470.159508669872,34,0.2612131903714593,3470.159508669872,21,0.0,13,True,True
2026-03-27,260327.01,2026 USA Jigsaw Nationals Individual Prelim A,21896776,Tally Klinefelter,0.4435824304155719,2891.661703442421,13,0.4435824304155719,2891.661703442421,8,0.0,5,True,True
2026-03-27,260327.01,2026 USA Jigsaw Nationals Individual Prelim A,21900482,Hiromi Kimura,0.1583040871660343,3846.292371946411,47,0.1583040871660343,3846.292371946411,49,0.0,2,True,True
2026-03-27,260327.01,2026 USA Jigsaw Nationals Individual Prelim A,21918754,Karen Ni,0.2995077939073972,3339.783409005361,26,0.2995077939073972,3339.783409005361,25,0.0,1,True,True
2026-03-27,260327.01,2026 USA Jigsaw Nationals Individual Prelim A,21926827,Emily Boudreaux,0.1356401586034686,3934.4598037549576,53,0.1356401586034686,3934.4598037549576,53,0.0,0,True,False
2026-03-27,260327.01,2026 USA Jigsaw Nationals Individual Prelim A,21927536,Skye Vandeleest,0.4731246595769711,2807.4850753210767,10,0.4731246595769711,2807.4850753210767,9,0.0,1,True,True
2026-03-27,260327.01,2026 USA Jigsaw Nationals Individual Prelim A,21930531,Beth Luebbe,-0.0425810043650057,4702.0319992748455,80,-0.0425810043650057,4702.0319992748455,80,0.0,0,True,False
2026-03-27,260327.01,2026 USA Jigsaw Nationals Individual Prelim A,21973658,Leah Robbins,-0.0933504739383542,4946.915371815614,83,-0.0933504739383542,4946.915371815614,83,0.0,0,True,False
2026-03-27,260327.01,2026 USA Jigsaw Nationals Individual Prelim A,21974544,Jamie Lim,-0.0225811687365282,4608.926285111277,76,-0.0225811687365282,4608.926285111277,76,0.0,0,True,False
2026-03-27,260327.01,2026 USA Jigsaw Nationals Individual Prelim A,21988310,Ashley Bromiley,0.3820429246763299,3075.2027268424217,18,0.3820429246763299,3075.2027268424217,20,0.0,2,True,True
2026-03-27,260327.01,2026 USA Jigsaw Nationals Individual Prelim A,21991929,Allyson Haim,-0.1123078313719005,5041.59037328146,84,-0.1123078313719005,5041.59037328146,84,0.0,0,True,False
2026-03-27,260327.01,2026 USA Jigsaw Nationals Individual Prelim A,22060891,Kirsty Weitzel,0.2143126778281494,3636.78872319473,40,0.2143126778281494,3636.78872319473,40,0.0,0,True,False
2026-03-27,260327.01,2026 USA Jigsaw Nationals Individual Prelim A,22065952,Jodie Morse,0.0480357327828303,4294.684170073506,65,0.0480357327828303,4294.684170073506,65,0.0,0,True,False
2026-03-27,260327.01,2026 USA Jigsaw Nationals Individual Prelim A,22255681,Jessica Crosby,-0.1510871906727102,5240.940368465584,88,-0.1510871906727102,5240.940368465584,88,0.0,0,True,False
2026-03-27,260327.01,2026 USA Jigsaw Nationals Individual Prelim A,22408132,Jen Lunsford,0.4094854815127439,2991.958739303427,14,0.4094854815127439,2991.958739303427,13,0.0,1,True,True
2026-03-27,260327.01,2026 USA Jigsaw Nationals Individual Prelim A,22423946,Jennifer Sipple,0.5524170591328739,2593.469856567688,3,0.5524170591328739,2593.469856567688,6,0.0,3,True,True
2026-03-27,260327.01,2026 USA Jigsaw Nationals Individual Prelim A,22477087,Toni MacReynolds,0.2078077749250331,3660.5227909315713,41,0.2078077749250331,3660.5227909315713,45,0.0,4,True,True
2026-03-27,260327.01,2026 USA Jigsaw Nationals Individual Prelim A,22549301,Jenevieve Parker,-0.0226924984171754,4609.439423965989,77,-0.0226924984171754,4609.439423965989,77,0.0,0,True,False
2026-03-27,260327.01,2026 USA Jigsaw Nationals Individual Prelim A,22549310,Brooke Vlasich,-0.2072544374620423,5543.733488388833,94,-0.2072544374620423,5543.733488388833,94,0.0,0,True,False
2026-03-27,260327.01,2026 USA Jigsaw Nationals Individual Prelim A,22557667,Angela Morford,0.1547287609770194,3860.06873461434,48,0.1547287609770194,3860.06873461434,50,0.0,2,True,True
2026-03-27,260327.01,2026 USA Jigsaw Nationals Individual Prelim A,22610319,Patty Baker,-1.095309894241976,13473.484533608997,120,-1.095309894241976,13473.484533608997,120,0.0,0,True,False
2026-03-27,260327.01,2026 USA Jigsaw Nationals Individual Prelim A,22640026,Leslie Richardson,0.4070270950094131,2999.3231788970897,16,0.4070270950094131,2999.3231788970897,11,0.0,5,True,True
2026-03-27,260327.01,2026 USA Jigsaw Nationals Individual Prelim A,22651572,Jeanette Ward,-0.4865190215702403,7329.686699492795,115,-0.4865190215702403,7329.686699492795,115,0.0,0,True,False
2026-03-27,260327.01,2026 USA Jigsaw Nationals Individual Prelim A,22654912,Karen Wells,0.1035462846790145,4062.779992497739,57,0.1035462846790145,4062.779992497739,57,0.0,0,True,False
2026-03-27,260327.01,2026 USA Jigsaw Nationals Individual Prelim A,22673646,Gloria Johnston,-0.4540699863924989,7095.662895322195,114,-0.4540699863924989,7095.662895322195,114,0.0,0,True,False
2026-03-27,260327.01,2026 USA Jigsaw Nationals Individual Prelim A,22686729,Rebecca Young,0.0724348807469697,4191.165554057216,62,0.0724348807469697,4191.165554057216,62,0.0,0,True,False
2026-03-27,260327.01,2026 USA Jigsaw Nationals Individual Prelim A,22691848,Ann Glezen,-0.2074955459505071,5545.070290741394,95,-0.2074955459505071,5545.070290741394,95,0.0,0,True,False
2026-03-27,260327.01,2026 USA Jigsaw Nationals Individual Prelim A,22713270,Christina Harwell,0.4913623623464416,2756.747075605401,7,0.4913623623464416,2756.747075605401,16,0.0,9,True,True
2026-03-27,260327.01,2026 USA Jigsaw Nationals Individual Prelim A,22717065,Jose Salinas,-0.2493472884355513,5782.065892229708,98,-0.2493472884355513,5782.065892229708,98,0.0,0,True,False
2026-03-27,260327.01,2026 USA Jigsaw Nationals Individual Prelim A,22721983,Lisa Coleman,-0.2765497969980494,5941.511416248089,102,-0.2765497969980494,5941.511416248089,102,0.0,0,True,False
2026-03-27,260327.01,2026 USA Jigsaw Nationals Individual Prelim A,22729973,Ashley Tucker,0.1913038235154909,3721.437162470108,44,0.1913038235154909,3721.437162470108,47,0.0,3,True,True
2026-03-27,260327.01,2026 USA Jigsaw Nationals Individual Prelim A,22732942,Melissa Ryburn,-0.0897019328793862,4928.899234260774,81,-0.0897019328793862,4928.899234260774,81,0.0,0,True,False
2026-03-27,260327.01,2026 USA Jigsaw Nationals Individual Prelim A,22755028,Jarom Chung,0.3461809722587858,3187.4868307013594,22,0.3461809722587858,3187.4868307013594,33,0.0,11,True,True
2026-03-27,260327.01,2026 USA Jigsaw Nationals Individual Prelim A,22817937,J.D. Armstrong,0.0093913362836195,4463.898176551242,71,0.0093913362836195,4463.898176551242,71,0.0,0,True,False
2026-03-27,260327.01,2026 USA Jigsaw Nationals Individual Prelim A,22828246,Diana Stanley,-0.3875654620418221,6639.118596802073,109,-0.3875654620418221,6639.118596802073,109,0.0,0,True,False
2026-03-27,260327.01,2026 USA Jigsaw Nationals Individual Prelim A,22860134,Zoe Beckett,0.1436917206331021,3902.908445899223,52,0.1436917206331021,3902.908445899223,52,0.0,0,True,False
2026-03-27,260327.01,2026 USA Jigsaw Nationals Individual Prelim A,22861932,Trish Doty,0.1868774293202649,3737.946221169653,45,0.1868774293202649,3737.946221169653,43,0.0,2,True,True
2026-03-27,260327.01,2026 USA Jigsaw Nationals Individual Prelim A,22862145,Katie Ruberg,0.2691938385222409,3442.5756017351628,31,0.2691938385222409,3442.5756017351628,29,0.0,2,True,True
2026-03-27,260327.01,2026 USA Jigsaw Nationals Individual Prelim A,22873087,My-Lea Coulombe-Quach,-0.1871059594118523,5433.153446562949,92,-0.1871059594118523,5433.153446562949,92,0.0,0,True,False
2026-03-27,260327.01,2026 USA Jigsaw Nationals Individual Prelim A,23149275,Lori Eich,0.1509298318019808,3874.760751644556,50,0.1509298318019808,3874.760751644556,41,0.0,9,True,True
2026-03-27,260327.01,2026 USA Jigsaw Nationals Individual Prelim A,23608821,Jeff Soesbe,-0.6551086398578544,8675.668566501883,118,-0.6551086398578544,8675.668566501883,118,0.0,0,True,False
2026-03-27,260327.01,2026 USA Jigsaw Nationals Individual Prelim A,23741751,Andrew Dunkman,-0.2576855844870369,5830.480034646681,100,-0.2576855844870369,5830.480034646681,100,0.0,0,True,False
2026-03-27,260327.01,2026 USA Jigsaw Nationals Individual Prelim A,23742868,Katie Erickson,0.3412317026959142,3203.301665913508,23,0.3412317026959142,3203.301665913508,15,0.0,8,True,True
2026-03-27,260327.01,2026 USA Jigsaw Nationals Individual Prelim A,23745094,Gabby Melli,-0.1874081477943836,5434.795530511866,93,-0.1874081477943836,5434.795530511866,93,0.0,0,True,False
2026-03-27,260327.01,2026 USA Jigsaw Nationals Individual Prelim A,23749556,Audrey Nelson,0.1200639146962538,3996.223685187828,55,0.1200639146962538,3996.223685187828,55,0.0,0,True,False
2026-03-27,260327.01,2026 USA Jigsaw Nationals Individual Prelim A,23751282,Marissa Salvato,0.039358029616332,4332.114333537388,68,0.039358029616332,4332.114333537388,68,0.0,0,True,False
2026-03-27,260327.01,2026 USA Jigsaw Nationals Individual Prelim A,23758322,Shara Taylor,-0.4518426917279183,7079.876350383653,113,-0.4518426917279183,7079.876350383653,113,0.0,0,True,False
2026-03-27,260327.01,2026 USA Jigsaw Nationals Individual Prelim A,23758345,Lihan Chen,-0.2504057651382735,5788.189314448408,99,-0.2504057651382735,5788.189314448408,99,0.0,0,True,False
2026-03-27,260327.01,2026 USA Jigsaw Nationals Individual Prelim A,23758517,Kabao Lor,0.0806580238493398,4156.8423158019,60,0.0806580238493398,4156.8423158019,60,0.0,0,True,False
2026-03-27,260327.01,2026 USA Jigsaw Nationals Individual Prelim A,23764079,Glenn Hollingsworth,-0.3533317385867982,6415.683180691195,105,-0.3533317385867982,6415.683180691195,105,0.0,0,True,False
2026-03-27,260327.01,2026 USA Jigsaw Nationals Individual Prelim A,23764352,Makiko Hiromi,0.0721572268973245,4192.329408874708,63,0.0721572268973245,4192.329408874708,63,0.0,0,True,False
2026-03-27,260327.01,2026 USA Jigsaw Nationals Individual Prelim A,23764721,Jessie O'Neill,0.0007261267857804,4502.746862346721,72,0.0007261267857804,4502.746862346721,72,0.0,0,True,False
2026-03-27,260327.01,2026 USA Jigsaw Nationals Individual Prelim A,23764760,Erin Cherry,0.0425574275694731,4318.276324259165,66,0.0425574275694731,4318.276324259165,66,0.0,0,True,False
2026-03-27,260327.01,2026 USA Jigsaw Nationals Individual Prelim A,23764943,Sruti Sreerama,-0.6434741822547522,8575.316769719651,117,-0.6434741822547522,8575.316769719651,117,0.0,0,True,False
2026-03-27,260327.01,2026 USA Jigsaw Nationals Individual Prelim A,23764984,Helen Hu,0.3296205150523571,3240.7125748676267,25,0.3296205150523571,3240.7125748676267,18,0.0,7,True,True
2026-03-27,260327.01,2026 USA Jigsaw Nationals Individual Prelim A,23764995,Tara Griffitts,0.2673826435446643,3448.816427344908,32,0.2673826435446643,3448.816427344908,26,0.0,6,True,True
2026-03-27,260327.01,2026 USA Jigsaw Nationals Individual Prelim A,23765422,Todd OHara,-0.1818511249394499,5404.678006924027,91,-0.1818511249394499,5404.678006924027,91,0.0,0,True,False
2026-03-27,260327.01,2026 USA Jigsaw Nationals Individual Prelim A,23767204,Mary Wheeler,-0.7129691989207171,9192.454183936266,119,-0.7129691989207171,9192.454183936266,119,0.0,0,True,False
2026-03-27,260327.01,2026 USA Jigsaw Nationals Individual Prelim A,23786576,Dawn-Marie Bey,-0.2684653528600479,5893.671240285376,101,-0.2684653528600479,5893.671240285376,101,0.0,0,True,False
2026-03-27,260327.01,2026 USA Jigsaw Nationals Individual Prelim A,23820090,Matthew Swanson,0.2412577067030873,3540.10378490973,36,0.2412577067030873,3540.10378490973,39,0.0,3,True,True
2026-03-27,260327.01,2026 USA Jigsaw Nationals Individual Prelim A,23848490,Ryder Jackson,0.2383831404094649,3550.2946881218027,37,0.2383831404094649,3550.2946881218027,42,0.0,5,True,True
2026-03-27,260327.01,2026 USA Jigsaw Nationals Individual Prelim A,23854858,Jenn Thompson,-0.361196490935292,6466.339880140633,107,-0.361196490935292,6466.339880140633,107,0.0,0,True,False
2026-03-27,260327.01,2026 USA Jigsaw Nationals Individual Prelim A,23888265,Feifei Xue,0.3627367491948907,3135.1499440846715,21,0.3627367491948907,3135.1499440846715,31,0.0,10,True,True
2026-03-27,260327.01,2026 USA Jigsaw Nationals Individual Prelim A,23926084,Kyle Germait,-0.5579044972630274,7872.047930417503,116,-0.5579044972630274,7872.047930417503,116,0.0,0,True,False
2026-03-27,260327.01,2026 USA Jigsaw Nationals Individual Prelim A,23984023,Dakota Scully,0.2991505131454954,3340.976862552619,27,0.2991505131454954,3340.976862552619,36,0.0,9,True,True
2026-03-27,260327.01,2026 USA Jigsaw Nationals Individual Prelim A,23994883,Emily Doroff,-0.0401717238320271,4690.717120944816,79,-0.0401717238320271,4690.717120944816,79,0.0,0,True,False
2026-03-27,260327.01,2026 USA Jigsaw Nationals Individual Prelim A,24005690,Hannah Bevis,-0.0927951127738417,4944.168809871493,82,-0.0927951127738417,4944.168809871493,82,0.0,0,True,False
2026-03-27,260327.01,2026 USA Jigsaw Nationals Individual Prelim A,24108422,Melinda Shokler,0.408594312439731,2994.626268832991,15,0.408594312439731,2994.626268832991,24,0.0,9,True,True
2026-03-27,260327.01,2026 USA Jigsaw Nationals Individual Prelim A,24184546,Alex Sepela,0.1601231981880864,3839.30189924925,46,0.1601231981880864,3839.30189924925,48,0.0,2,True,True
2026-03-27,260327.01,2026 USA Jigsaw Nationals Individual Prelim A,24184814,Alexandra Michonski,0.2627541653755472,3464.81619761855,33,0.2627541653755472,3464.81619761855,23,0.0,10,True,True
2026-03-27,260327.01,2026 USA Jigsaw Nationals Individual Prelim A,24197396,Claire Sole,-0.0114673011604376,4557.986879939268,74,-0.0114673011604376,4557.986879939268,74,0.0,0,True,False
2026-03-27,260327.01,2026 USA Jigsaw Nationals Individual Prelim A,24201706,Sasha Laczkowski,-0.1236911041793467,5099.308056703877,86,-0.1236911041793467,5099.308056703877,86,0.0,0,True,False
2026-03-27,260327.01,2026 USA Jigsaw Nationals Individual Prelim A,24205770,Laura Vu,-0.4457599612549856,7036.942081933279,112,-0.4457599612549856,7036.942081933279,112,0.0,0,True,False
2026-03-27,260327.01,2026 USA Jigsaw Nationals Individual Prelim A,24337113,Shay Gibson,-0.1236131120953917,5098.910366550346,85,-0.1236131120953917,5098.910366550346,85,0.0,0,True,False
2026-03-27,260327.01,2026 USA Jigsaw Nationals Individual Prelim A,24471543,Paula Marques-Roberts,-0.0169243670622748,4582.928105784477,75,-0.0169243670622748,4582.928105784477,75,0.0,0,True,False
2026-03-27,260327.01,2026 USA Jigsaw Nationals Individual Prelim A,24495053,Nicole Zern,0.066670526028427,4215.394684556311,64,0.066670526028427,4215.394684556311,64,0.0,0,True,False
2026-03-27,260327.01,2026 USA Jigsaw Nationals Individual Prelim A,24617008,Alexandra Babcock,0.1218475750124278,3989.102132689367,54,0.1218475750124278,3989.102132689367,54,0.0,0,True,False
2026-03-27,260327.01,2026 USA Jigsaw Nationals Individual Prelim A,24675695,Jamie Kosberg,0.2042300618599313,3673.6425465118296,42,0.2042300618599313,3673.6425465118296,46,0.0,4,True,True
2026-03-27,260327.01,2026 USA Jigsaw Nationals Individual Prelim A,24675966,Sonia Lara,0.0743204174326883,4183.270403286435,61,0.0743204174326883,4183.270403286435,61,0.0,0,True,False
2026-03-27,260327.01,2026 USA Jigsaw Nationals Individual Prelim A,24676165,Jayme Becerra,-0.2107655748084871,5563.232509917878,96,-0.2107655748084871,5563.232509917878,96,0.0,0,True,False
2026-03-27,260327.01,2026 USA Jigsaw Nationals Individual Prelim A,24685813,Megan Bodway,-0.3454821187149718,6365.519646417432,104,-0.3454821187149718,6365.519646417432,104,0.0,0,True,False
2026-03-27,260327.01,2026 USA Jigsaw Nationals Individual Prelim A,24701677,Dani Gurevitch,-0.0021523159929654,4515.726433051168,73,-0.0021523159929654,4515.726433051168,73,0.0,0,True,False
2026-03-27,260327.01,2026 USA Jigsaw Nationals Individual Prelim A,24718378,Arabella Etzold-Erickson,0.275004848535874,3422.6287721840017,30,0.275004848535874,3422.6287721840017,38,0.0,8,True,True
2026-03-27,260327.01,2026 USA Jigsaw Nationals Individual Prelim A,24718528,Gracie Jing,-0.3627193968113033,6476.1950094528565,108,-0.3627193968113033,6476.1950094528565,108,0.0,0,True,False
2026-03-27,260327.01,2026 USA Jigsaw Nationals Individual Prelim A,24718620,Chelsea Linn,-0.1503623582565855,5237.142941410912,87,-0.1503623582565855,5237.142941410912,87,0.0,0,True,False
2026-03-27,260327.01,2026 USA Jigsaw Nationals Individual Prelim A,24718960,Michelle Lewandowski,-0.3110439225523118,6150.03439042881,103,-0.3110439225523118,6150.03439042881,103,0.0,0,True,False
2026-03-27,260327.01,2026 USA Jigsaw Nationals Individual Prelim A,24821793,Maggie Hobbs,-0.3575402942671308,6442.740837475125,106,-0.3575402942671308,6442.740837475125,106,0.0,0,True,False
2026-03-27,260327.02,2026 USA Jigsaw Nationals Individual Prelim B,17915498,Melynda Owens,0.2630962336746639,3951.228078011328,32,0.2630962336746639,3951.228078011328,32,0.0,0,True,False
2026-03-27,260327.02,2026 USA Jigsaw Nationals Individual Prelim B,18282851,Michelle Kaufman,0.1449168754283629,4446.893642974211,51,0.1449168754283629,4446.893642974211,51,0.0,0,True,False
2026-03-27,260327.02,2026 USA Jigsaw Nationals Individual Prelim B,18374624,Sue Kroger,0.2043416979997813,4190.336211371664,43,0.2043416979997813,4190.336211371664,43,0.0,0,True,False
2026-03-27,260327.02,2026 USA Jigsaw Nationals Individual Prelim B,18475588,Dawne Rasmusson,0.4607805748367478,3242.491757727666,13,0.4607805748367478,3242.491757727666,13,0.0,0,True,False
2026-03-27,260327.02,2026 USA Jigsaw Nationals Individual Prelim B,18495081,Trisha Siedlecki,0.4465067263083438,3289.10648828522,14,0.4465067263083438,3289.10648828522,14,0.0,0,True,False
2026-03-27,260327.02,2026 USA Jigsaw Nationals Individual Prelim B,18542626,Jeanne Roiter,0.6139468216828868,2782.0160102001496,3,0.6139468216828868,2782.0160102001496,3,0.0,0,True,False
2026-03-27,260327.02,2026 USA Jigsaw Nationals Individual Prelim B,18859031,Michelle Micheli,0.3053234574904768,3787.8524120836814,24,0.3053234574904768,3787.8524120836814,24,0.0,0,True,False
2026-03-27,260327.02,2026 USA Jigsaw Nationals Individual Prelim B,18956787,Kelly Buhr,0.4746144399711856,3197.944405521253,11,0.4746144399711856,3197.944405521253,11,0.0,0,True,False
2026-03-27,260327.02,2026 USA Jigsaw Nationals Individual Prelim B,19326944,Min-Yee Deng,0.5119746735426883,3080.67274411788,7,0.5119746735426883,3080.67274411788,7,0.0,0,True,False
2026-03-27,260327.02,2026 USA Jigsaw Nationals Individual Prelim B,19548766,Lindsay Steenstra,0.2119928672923193,4158.397579374182,41,0.2119928672923193,4158.397579374182,41,0.0,0,True,False
2026-03-27,260327.02,2026 USA Jigsaw Nationals Individual Prelim B,20498998,Rachel Falk,-0.033117887631304,5313.445833887683,81,-0.033117887631304,5313.445833887683,81,0.0,0,True,False
2026-03-27,260327.02,2026 USA Jigsaw Nationals Individual Prelim B,20508154,Meri Cartee,0.184556922423949,4274.066635475733,47,0.184556922423949,4274.066635475733,47,0.0,0,True,False
2026-03-27,260327.02,2026 USA Jigsaw Nationals Individual Prelim B,20533720,Melissa Cody,0.0369410246865885,4953.932201696315,69,0.0369410246865885,4953.932201696315,69,0.0,0,True,False
2026-03-27,260327.02,2026 USA Jigsaw Nationals Individual Prelim B,20720301,Melissa Martin,0.0445205227159816,4916.525822204739,66,0.0445205227159816,4916.525822204739,66,0.0,0,True,False
2026-03-27,260327.02,2026 USA Jigsaw Nationals Individual Prelim B,20729491,Simmie Berman,0.527488319440681,3033.2490860868247,6,0.527488319440681,3033.2490860868247,6,0.0,0,True,False
2026-03-27,260327.02,2026 USA Jigsaw Nationals Individual Prelim B,20736847,Stephanie Vargas,-0.2645565374696298,6697.130878297835,101,-0.2645565374696298,6697.130878297835,101,0.0,0,True,False
2026-03-27,260327.02,2026 USA Jigsaw Nationals Individual Prelim B,20737327,Amy Paull,0.3581036101285397,3593.113367521653,20,0.3581036101285397,3593.113367521653,20,0.0,0,True,False
2026-03-27,260327.02,2026 USA Jigsaw Nationals Individual Prelim B,20739624,Mari Black,0.6427100572519926,2703.1360874360844,2,0.6427100572519926,2703.1360874360844,2,0.0,0,True,False
2026-03-27,260327.02,2026 USA Jigsaw Nationals Individual Prelim B,21039865,Lisa Hobbs,-0.1536465373280108,5994.061370037135,93,-0.1536465373280108,5994.061370037135,93,0.0,0,True,False
2026-03-27,260327.02,2026 USA Jigsaw Nationals Individual Prelim B,21108114,Madeleine Bouchie,0.3057462777609953,3786.251169844814,23,0.3057462777609953,3786.251169844814,23,0.0,0,True,False
2026-03-27,260327.02,2026 USA Jigsaw Nationals Individual Prelim B,21113122,Jeremy Seidling,0.2570506202038896,3975.188029030317,33,0.2570506202038896,3975.188029030317,33,0.0,0,True,False
2026-03-27,260327.02,2026 USA Jigsaw Nationals Individual Prelim B,21141700,Chelsea Jacobs,-0.4405549908165609,7985.901391618479,110,-0.4405549908165609,7985.901391618479,110,0.0,0,True,False
2026-03-27,260327.02,2026 USA Jigsaw Nationals Individual Prelim B,21259768,Melissa Germait,0.2699870558025074,3924.09446196648,30,0.2699870558025074,3924.09446196648,30,0.0,0,True,False
2026-03-27,260327.02,2026 USA Jigsaw Nationals Individual Prelim B,21410220,Ashlyn Koga,0.219572894755046,4126.99597438855,39,0.219572894755046,4126.99597438855,39,0.0,0,True,False
2026-03-27,260327.02,2026 USA Jigsaw Nationals Individual Prelim B,21447077,Maurice Werner,-0.3413949812662038,7232.014668452486,103,-0.3413949812662038,7232.014668452486,103,0.0,0,True,False
2026-03-27,260327.02,2026 USA Jigsaw Nationals Individual Prelim B,21538991,Natalie Schimmelbusch,0.1962063460649116,4224.565114479704,45,0.1962063460649116,4224.565114479704,45,0.0,0,True,False
2026-03-27,260327.02,2026 USA Jigsaw Nationals Individual Prelim B,21576268,Lauren Kautz,0.5896045661022702,2850.567519168967,4,0.5896045661022702,2850.567519168967,4,0.0,0,True,False
2026-03-27,260327.02,2026 USA Jigsaw Nationals Individual Prelim B,21594891,Kinsey Keltz,0.2146547408231457,4147.343170173851,40,0.2146547408231457,4147.343170173851,40,0.0,0,True,False
2026-03-27,260327.02,2026 USA Jigsaw Nationals Individual Prelim B,21639042,Nicholas Ebelhack,-0.0811504523139144,5574.892989235864,88,-0.0811504523139144,5574.892989235864,88,0.0,0,True,False
2026-03-27,260327.02,2026 USA Jigsaw Nationals Individual Prelim B,21848873,Eric Goulet,0.3948619230544915,3463.4345701056604,18,0.3948619230544915,3463.4345701056604,18,0.0,0,True,False
2026-03-27,260327.02,2026 USA Jigsaw Nationals Individual Prelim B,21857678,Elizabeth Beetschen,0.042214344318629,4927.877292072201,68,0.042214344318629,4927.877292072201,68,0.0,0,True,False
2026-03-27,260327.02,2026 USA Jigsaw Nationals Individual Prelim B,21857882,Hope Thompson,0.2932746097698314,3833.767726825564,27,0.2932746097698314,3833.767726825564,27,0.0,0,True,False
2026-03-27,260327.02,2026 USA Jigsaw Nationals Individual Prelim B,21916237,Katie Greenfield,-0.4226516002638935,7844.19894222288,109,-0.4226516002638935,7844.19894222288,109,0.0,0,True,False
2026-03-27,260327.02,2026 USA Jigsaw Nationals Individual Prelim B,21922892,Susan Miller (IN),-0.7713864657818479,11117.3742892602,114,-0.7713864657818479,11117.3742892602,114,0.0,0,True,False
2026-03-27,260327.02,2026 USA Jigsaw Nationals Individual Prelim B,21924776,Nicholas Mueller,0.3034009767956361,3795.141489531162,25,0.3034009767956361,3795.141489531162,25,0.0,0,True,False
2026-03-27,260327.02,2026 USA Jigsaw Nationals Individual Prelim B,21926492,Michelle Philo,-0.0335821341195882,5315.913155135047,82,-0.0335821341195882,5315.913155135047,82,0.0,0,True,False
2026-03-27,260327.02,2026 USA Jigsaw Nationals Individual Prelim B,21926758,Victoria Chu,0.0967357846452883,4666.395282223303,59,0.0967357846452883,4666.395282223303,59,0.0,0,True,False
2026-03-27,260327.02,2026 USA Jigsaw Nationals Individual Prelim B,21927541,Chloe Glikbarg,0.4393899519098834,3312.597809200613,16,0.4393899519098834,3312.597809200613,16,0.0,0,True,False
2026-03-27,260327.02,2026 USA Jigsaw Nationals Individual Prelim B,21939662,Scott Eng,0.2503457029696302,4001.9308899025546,34,0.2503457029696302,4001.9308899025546,34,0.0,0,True,False
2026-03-27,260327.02,2026 USA Jigsaw Nationals Individual Prelim B,21972367,Sarah Mackey,-0.0167957579092483,5227.423029187759,78,-0.0167957579092483,5227.423029187759,78,0.0,0,True,False
2026-03-27,260327.02,2026 USA Jigsaw Nationals Individual Prelim B,21973858,Frank Hollander,-0.2641723190389299,6694.558211446244,100,-0.2641723190389299,6694.558211446244,100,0.0,0,True,False
2026-03-27,260327.02,2026 USA Jigsaw Nationals Individual Prelim B,21974641,Lydia Osner,0.0340242152998232,4968.4029716229,70,0.0340242152998232,4968.4029716229,70,0.0,0,True,False
2026-03-27,260327.02,2026 USA Jigsaw Nationals Individual Prelim B,22035202,Rebecca Streitz,0.4429201525227101,3300.9242914375573,15,0.4429201525227101,3300.9242914375573,15,0.0,0,True,False
2026-03-27,260327.02,2026 USA Jigsaw Nationals Individual Prelim B,22060102,Christine Durkin,0.1249006081607074,4536.800654269023,56,0.1249006081607074,4536.800654269023,56,0.0,0,True,False
2026-03-27,260327.02,2026 USA Jigsaw Nationals Individual Prelim B,22074241,Josh Nelson,0.2243993259880355,4107.125302907069,38,0.2243993259880355,4107.125302907069,38,0.0,0,True,False
2026-03-27,260327.02,2026 USA Jigsaw Nationals Individual Prelim B,22077461,Jessica Musser,0.281294709527601,3879.9720909863095,28,0.281294709527601,3879.9720909863095,28,0.0,0,True,False
2026-03-27,260327.02,2026 USA Jigsaw Nationals Individual Prelim B,22206793,Bill McFadden,0.0877189008580205,4708.661896391895,60,0.0877189008580205,4708.661896391895,60,0.0,0,True,False
2026-03-27,260327.02,2026 USA Jigsaw Nationals Individual Prelim B,22211360,Gregory Wiseburn,-0.801577468608643,11458.137069601502,115,-0.801577468608643,11458.137069601502,115,0.0,0,True,False
2026-03-27,260327.02,2026 USA Jigsaw Nationals Individual Prelim B,22211710,Kim Bottorff,-0.2868965847204354,6848.428807609037,102,-0.2868965847204354,6848.428807609037,102,0.0,0,True,False
2026-03-27,260327.02,2026 USA Jigsaw Nationals Individual Prelim B,22233683,Chris Morrissey,-0.2058579271578875,6315.333702558056,98,-0.2058579271578875,6315.333702558056,98,0.0,0,True,False
2026-03-27,260327.02,2026 USA Jigsaw Nationals Individual Prelim B,22267923,Aria Collopy,0.0693180757487455,4796.107226224963,64,0.0693180757487455,4796.107226224963,64,0.0,0,True,False
2026-03-27,260327.02,2026 USA Jigsaw Nationals Individual Prelim B,22293191,Luann Thompson,0.1587325779770734,4385.879132801018,49,0.1587325779770734,4385.879132801018,49,0.0,0,True,False
2026-03-27,260327.02,2026 USA Jigsaw Nationals Individual Prelim B,22324939,Lindsey Anderson,0.1961201385415554,4224.92931947386,46,0.1961201385415554,4224.92931947386,46,0.0,0,True,False
2026-03-27,260327.02,2026 USA Jigsaw Nationals Individual Prelim B,22333204,Soon Kim,-0.0185050149427874,5236.365679234222,80,-0.0185050149427874,5236.365679234222,80,0.0,0,True,False
2026-03-27,260327.02,2026 USA Jigsaw Nationals Individual Prelim B,22344218,Amanda Van Straten,0.1403980337525106,4467.033922391246,52,0.1403980337525106,4467.033922391246,52,0.0,0,True,False
2026-03-27,260327.02,2026 USA Jigsaw Nationals Individual Prelim B,22386336,Jodi Green,0.0317928042222975,4979.501899581478,71,0.0317928042222975,4979.501899581478,71,0.0,0,True,False
2026-03-27,260327.02,2026 USA Jigsaw Nationals Individual Prelim B,22447425,Kevin Erickson,0.1502059588660581,4423.435741541979,50,0.1502059588660581,4423.435741541979,50,0.0,0,True,False
2026-03-27,260327.02,2026 USA Jigsaw Nationals Individual Prelim B,22453619,Jennifer waltman,-0.1641402138239355,6057.2922931433,94,-0.1641402138239355,6057.2922931433,94,0.0,0,True,False
2026-03-27,260327.02,2026 USA Jigsaw Nationals Individual Prelim B,22489256,Alyssa Graham,0.1266704626622321,4528.778278521555,55,0.1266704626622321,4528.778278521555,55,0.0,0,True,False
2026-03-27,260327.02,2026 USA Jigsaw Nationals Individual Prelim B,22490556,Cecilia Frew,-0.1352313388951088,5884.689681980338,90,-0.1352313388951088,5884.689681980338,90,0.0,0,True,False
2026-03-27,260327.02,2026 USA Jigsaw Nationals Individual Prelim B,22543407,Tulsi Mali,-0.0513556062442094,5411.240024706956,85,-0.0513556062442094,5411.240024706956,85,0.0,0,True,False
2026-03-27,260327.02,2026 USA Jigsaw Nationals Individual Prelim B,22555702,Rose Robbins,0.2489045123378848,4007.702593273386,35,0.2489045123378848,4007.702593273386,35,0.0,0,True,False
2026-03-27,260327.02,2026 USA Jigsaw Nationals Individual Prelim B,22629662,Kate Amey,-0.3874984980198089,7573.24141579249,106,-0.3874984980198089,7573.24141579249,106,0.0,0,True,False
2026-03-27,260327.02,2026 USA Jigsaw Nationals Individual Prelim B,22639397,Lauren Turner,0.1242437666273139,4539.781592262239,57,0.1242437666273139,4539.781592262239,57,0.0,0,True,False
2026-03-27,260327.02,2026 USA Jigsaw Nationals Individual Prelim B,22645517,Marguerite Byrnes,0.24159548793611,4037.102300027637,37,0.24159548793611,4037.102300027637,37,0.0,0,True,False
2026-03-27,260327.02,2026 USA Jigsaw Nationals Individual Prelim B,22726262,Dana Saunders,-0.1435884802521615,5934.074937847845,92,-0.1435884802521615,5934.074937847845,92,0.0,0,True,False
2026-03-27,260327.02,2026 USA Jigsaw Nationals Individual Prelim B,22730960,Angela Ott,-0.0569249494752209,5441.461155519598,86,-0.0569249494752209,5441.461155519598,86,0.0,0,True,False
2026-03-27,260327.02,2026 USA Jigsaw Nationals Individual Prelim B,22732244,Amber Whitear,0.280134155858433,3884.477620781638,29,0.280134155858433,3884.477620781638,29,0.0,0,True,False
2026-03-27,260327.02,2026 USA Jigsaw Nationals Individual Prelim B,22746584,Cathy Cimaglia,-0.1672933542829206,6076.421929911161,95,-0.1672933542829206,6076.421929911161,95,0.0,0,True,False
2026-03-27,260327.02,2026 USA Jigsaw Nationals Individual Prelim B,22814742,Grayson Shannon,0.6643422264163321,2645.289321599357,1,0.6643422264163321,2645.289321599357,1,0.0,0,True,False
2026-03-27,260327.02,2026 USA Jigsaw Nationals Individual Prelim B,22818857,Sami Heathcote,-0.0124511259625007,5204.761064690386,77,-0.0124511259625007,5204.761064690386,77,0.0,0,True,False
2026-03-27,260327.02,2026 USA Jigsaw Nationals Individual Prelim B,22820661,Joe Feehan,-0.0486610411094011,5396.678713012126,84,-0.0486610411094011,5396.678713012126,84,0.0,0,True,False
2026-03-27,260327.02,2026 USA Jigsaw Nationals Individual Prelim B,22830270,Dessa Burt,-0.1727013489808863,6109.372204639854,96,-0.1727013489808863,6109.372204639854,96,0.0,0,True,False
2026-03-27,260327.02,2026 USA Jigsaw Nationals Individual Prelim B,22860411,Danielle Dudley,-0.367260134174666,7421.511957412654,105,-0.367260134174666,7421.511957412654,105,0.0,0,True,False
2026-03-27,260327.02,2026 USA Jigsaw Nationals Individual Prelim B,22862138,Michelle Bone,0.3023173115491243,3799.256381649065,26,0.3023173115491243,3799.256381649065,26,0.0,0,True,False
2026-03-27,260327.02,2026 USA Jigsaw Nationals Individual Prelim B,22862266,Kaitlyn McCluskie,0.4729620850831019,3203.232912633567,12,0.4729620850831019,3203.232912633567,12,0.0,0,True,False
2026-03-27,260327.02,2026 USA Jigsaw Nationals Individual Prelim B,22862335,Sarah Hosley,-0.0048218875643056,5165.203789533495,76,-0.0048218875643056,5165.203789533495,76,0.0,0,True,False
2026-03-27,260327.02,2026 USA Jigsaw Nationals Individual Prelim B,22862692,Jennifer Hancock,0.1744797888936365,4317.354719259345,48,0.1744797888936365,4317.354719259345,48,0.0,0,True,False
2026-03-27,260327.02,2026 USA Jigsaw Nationals Individual Prelim B,22870980,Annabelle Platt,0.4118089747322527,3405.234121405919,17,0.4118089747322527,3405.234121405919,17,0.0,0,True,False
2026-03-27,260327.02,2026 USA Jigsaw Nationals Individual Prelim B,23741580,Lindsay Cooper,0.1390596352292537,4473.01659670448,53,0.1390596352292537,4473.01659670448,53,0.0,0,True,False
2026-03-27,260327.02,2026 USA Jigsaw Nationals Individual Prelim B,23741737,Christopher Nammour,0.4825643360521291,3172.621868958824,9,0.4825643360521291,3172.621868958824,9,0.0,0,True,False
2026-03-27,260327.02,2026 USA Jigsaw Nationals Individual Prelim B,23763890,Megan Barwegen,-0.0420774083397058,5361.2656633592005,83,-0.0420774083397058,5361.2656633592005,83,0.0,0,True,False
2026-03-27,260327.02,2026 USA Jigsaw Nationals Individual Prelim B,23764372,Amy Aldridge,0.0272116941410315,5002.365877146031,72,0.0272116941410315,5002.365877146031,72,0.0,0,True,False
2026-03-27,260327.02,2026 USA Jigsaw Nationals Individual Prelim B,23764523,Aubrey Barrow,0.3097852811610135,3770.989330554768,22,0.3097852811610135,3770.989330554768,22,0.0,0,True,False
2026-03-27,260327.02,2026 USA Jigsaw Nationals Individual Prelim B,23764633,Danielle Swales,-0.3635828045232274,7394.270729618537,104,-0.3635828045232274,7394.270729618537,104,0.0,0,True,False
2026-03-27,260327.02,2026 USA Jigsaw Nationals Individual Prelim B,23764765,Timothy Miller,0.3141664403264918,3754.5041645231945,21,0.3141664403264918,3754.5041645231945,21,0.0,0,True,False
2026-03-27,260327.02,2026 USA Jigsaw Nationals Individual Prelim B,23764843,Jason Fox,-0.4932035440482761,8417.61230776931,111,-0.4932035440482761,8417.61230776931,111,0.0,0,True,False
2026-03-27,260327.02,2026 USA Jigsaw Nationals Individual Prelim B,23765316,Katie Wren,0.2692370962329611,3927.038477968536,31,0.2692370962329611,3927.038477968536,31,0.0,0,True,False
2026-03-27,260327.02,2026 USA Jigsaw Nationals Individual Prelim B,23766473,Marisa Martin,0.0855452272114939,4718.908122608105,61,0.0855452272114939,4718.908122608105,61,0.0,0,True,False
2026-03-27,260327.02,2026 USA Jigsaw Nationals Individual Prelim B,23766491,Maggie Kirkland,0.1199069940728169,4559.512345445422,58,0.1199069940728169,4559.512345445422,58,0.0,0,True,False
2026-03-27,260327.02,2026 USA Jigsaw Nationals Individual Prelim B,23767196,Emily English,-0.2327186139615115,6487.266684901758,99,-0.2327186139615115,6487.266684901758,99,0.0,0,True,False
2026-03-27,260327.02,2026 USA Jigsaw Nationals Individual Prelim B,23839584,Jennifer Ferris,-0.3930425679264809,7615.344599275275,107,-0.3930425679264809,7615.344599275275,107,0.0,0,True,False
2026-03-27,260327.02,2026 USA Jigsaw Nationals Individual Prelim B,23846192,Kathy Johnson,-0.414324097160401,7779.147584805105,108,-0.414324097160401,7779.147584805105,108,0.0,0,True,False
2026-03-27,260327.02,2026 USA Jigsaw Nationals Individual Prelim B,23887819,Chris Viox,0.4842259414735945,3167.354600533866,8,0.4842259414735945,3167.354600533866,8,0.0,0,True,False
2026-03-27,260327.02,2026 USA Jigsaw Nationals Individual Prelim B,23971363,Tim Bodway,0.0104621849769654,5086.8586814126265,73,0.0104621849769654,5086.8586814126265,73,0.0,0,True,False
2026-03-27,260327.02,2026 USA Jigsaw Nationals Individual Prelim B,23999262,Cami Pottle,0.1340595151210074,4495.438225639075,54,0.1340595151210074,4495.438225639075,54,0.0,0,True,False
2026-03-27,260327.02,2026 USA Jigsaw Nationals Individual Prelim B,24126099,Nicole Pichette,0.3709389636941153,3547.2892008506205,19,0.3709389636941153,3547.2892008506205,19,0.0,0,True,False
2026-03-27,260327.02,2026 USA Jigsaw Nationals Individual Prelim B,24136720,Lisa Furbush,-0.6243873990789107,9597.57122598222,113,-0.6243873990789107,9597.57122598222,113,0.0,0,True,False
2026-03-27,260327.02,2026 USA Jigsaw Nationals Individual Prelim B,24166515,Ezekiel Blain,0.0096855640034445,5090.810776995472,74,0.0096855640034445,5090.810776995472,74,0.0,0,True,False
2026-03-27,260327.02,2026 USA Jigsaw Nationals Individual Prelim B,24179977,Emily Howard,0.198770763880069,4213.745443446815,44,0.198770763880069,4213.745443446815,44,0.0,0,True,False
2026-03-27,260327.02,2026 USA Jigsaw Nationals Individual Prelim B,24184564,Julie Kutchera,0.0790590851686151,4749.615108260367,62,0.0790590851686151,4749.615108260367,62,0.0,0,True,False
2026-03-27,260327.02,2026 USA Jigsaw Nationals Individual Prelim B,24186226,Kathy Tieu,-0.5545261223469211,8949.957578463654,112,-0.5545261223469211,8949.957578463654,112,0.0,0,True,False
2026-03-27,260327.02,2026 USA Jigsaw Nationals Individual Prelim B,24193461,Shea Burkett,0.5328276149831358,3017.0968319640056,5,0.5328276149831358,3017.0968319640056,5,0.0,0,True,False
2026-03-27,260327.02,2026 USA Jigsaw Nationals Individual Prelim B,24244256,Kelsie Foster,0.2090789791174193,4170.532356012223,42,0.2090789791174193,4170.532356012223,42,0.0,0,True,False
2026-03-27,260327.02,2026 USA Jigsaw Nationals Individual Prelim B,24257674,Laura McDiarmid,-0.0039564134379904,5160.735373224776,75,-0.0039564134379904,5160.735373224776,75,0.0,0,True,False
2026-03-27,260327.02,2026 USA Jigsaw Nationals Individual Prelim B,24475467,Katie Pribylshay,-0.0168950913033157,5227.942312650138,79,-0.0168950913033157,5227.942312650138,79,0.0,0,True,False
2026-03-27,260327.02,2026 USA Jigsaw Nationals Individual Prelim B,24489863,Joelle Hershberger,0.0422453222768645,4927.724638859711,67,0.0422453222768645,4927.724638859711,67,0.0,0,True,False
2026-03-27,260327.02,2026 USA Jigsaw Nationals Individual Prelim B,24676109,Angela Bourgeois,-0.0831688140786491,5586.156503187005,89,-0.0831688140786491,5586.156503187005,89,0.0,0,True,False
2026-03-27,260327.02,2026 USA Jigsaw Nationals Individual Prelim B,24712598,Julia Buck,0.0755528434299704,4766.297636392788,63,0.0755528434299704,4766.297636392788,63,0.0,0,True,False
2026-03-27,260327.02,2026 USA Jigsaw Nationals Individual Prelim B,24714921,Karen Kent,-0.1895551419739127,6213.210878915409,97,-0.1895551419739127,6213.210878915409,97,0.0,0,True,False
2026-03-27,260327.02,2026 USA Jigsaw Nationals Individual Prelim B,24715625,Emily Ma,-0.076851975210423,5550.980869036283,87,-0.076851975210423,5550.980869036283,87,0.0,0,True,False
2026-03-27,260327.02,2026 USA Jigsaw Nationals Individual Prelim B,24719111,Ben Weissmann,0.4770733407695499,3190.0906372450504,10,0.4770733407695499,3190.0906372450504,10,0.0,0,True,False
2026-03-27,260327.02,2026 USA Jigsaw Nationals Individual Prelim B,24728793,Jamie Marsigit,0.2472439114355373,4014.363316687141,36,0.2472439114355373,4014.363316687141,36,0.0,0,True,False
2026-03-27,260327.02,2026 USA Jigsaw Nationals Individual Prelim B,24825726,Sarah Fleming,-0.1430048890647281,5930.612874321696,91,-0.1430048890647281,5930.612874321696,91,0.0,0,True,False
2026-03-27,260327.02,2026 USA Jigsaw Nationals Individual Prelim B,24855268,Wendy Shieu,0.0454022789199031,4912.192555782299,65,0.0454022789199031,4912.192555782299,65,0.0,0,True,False
2026-03-27,260327.03,2026 USA Jigsaw Nationals Individual Prelim C,17731928,Kara Taylor,0.2470444865033716,3623.32268868009,39,0.2470444865033716,3623.32268868009,39,0.0,0,True,False
2026-03-27,260327.03,2026 USA Jigsaw Nationals Individual Prelim C,17731966,Melinda Whiting,0.3925166325540424,3132.7754240610457,19,0.3925166325540424,3132.7754240610457,19,0.0,0,True,False
2026-03-27,260327.03,2026 USA Jigsaw Nationals Individual Prelim C,17731998,Liz Walters,0.311420865535965,3397.4158401366667,27,0.311420865535965,3397.4158401366667,27,0.0,0,True,False
2026-03-27,260327.03,2026 USA Jigsaw Nationals Individual Prelim C,18141625,Andrea Kyle,0.4752858160383821,2883.9190348443576,8,0.4752858160383821,2883.9190348443576,8,0.0,0,True,False
2026-03-27,260327.03,2026 USA Jigsaw Nationals Individual Prelim C,18619443,Lisa Weaver,-0.1901950527699014,5610.450469627214,89,-0.1901950527699014,5610.450469627214,89,0.0,0,True,False
2026-03-27,260327.03,2026 USA Jigsaw Nationals Individual Prelim C,19526690,Heather Haynes-O'Brien,-0.2249074723238346,5808.622395153755,93,-0.2249074723238346,5808.622395153755,93,0.0,0,True,False
2026-03-27,260327.03,2026 USA Jigsaw Nationals Individual Prelim C,19892655,Linda Hirschfeld,0.094273087428102,4221.383313450038,61,0.094273087428102,4221.383313450038,61,0.0,0,True,False
2026-03-27,260327.03,2026 USA Jigsaw Nationals Individual Prelim C,19958106,Taylor Reed,0.413657727024553,3067.2403057986203,16,0.413657727024553,3067.2403057986203,16,0.0,0,True,False
2026-03-27,260327.03,2026 USA Jigsaw Nationals Individual Prelim C,20341319,Hannah Scott,0.5686125460312627,2626.9498363971657,4,0.5686125460312627,2626.9498363971657,4,0.0,0,True,False
2026-03-27,260327.03,2026 USA Jigsaw Nationals Individual Prelim C,20696150,Tessa Melli,0.1974643793561667,3807.495339675912,48,0.1974643793561667,3807.495339675912,48,0.0,0,True,False
2026-03-27,260327.03,2026 USA Jigsaw Nationals Individual Prelim C,20720345,Doug Ellwanger,0.3508094986056723,3266.197494469884,22,0.3508094986056723,3266.197494469884,22,0.0,0,True,False
2026-03-27,260327.03,2026 USA Jigsaw Nationals Individual Prelim C,20722068,Elizabeth Nelson,0.435862614982125,2999.8831747958857,12,0.435862614982125,2999.8831747958857,12,0.0,0,True,False
2026-03-27,260327.03,2026 USA Jigsaw Nationals Individual Prelim C,20850953,Aimee Seligstein,0.2687622332044075,3545.4806210270094,34,0.2687622332044075,3545.4806210270094,34,0.0,0,True,False
2026-03-27,260327.03,2026 USA Jigsaw Nationals Individual Prelim C,20853119,Kevin Collins,0.3574123215938712,3244.702412773032,21,0.3574123215938712,3244.702412773032,21,0.0,0,True,False
2026-03-27,260327.03,2026 USA Jigsaw Nationals Individual Prelim C,20895955,Susan Hann,-0.7249552422118756,9577.25678991241,113,-0.7249552422118756,9577.25678991241,113,0.0,0,True,False
2026-03-27,260327.03,2026 USA Jigsaw Nationals Individual Prelim C,21130118,Tanya Vattanasil,-0.1561558701790145,5422.689072951618,86,-0.1561558701790145,5422.689072951618,86,0.0,0,True,False
2026-03-27,260327.03,2026 USA Jigsaw Nationals Individual Prelim C,21169710,Rachel Shields,-0.1512919217387741,5396.377433994323,85,-0.1512919217387741,5396.377433994323,85,0.0,0,True,False
2026-03-27,260327.03,2026 USA Jigsaw Nationals Individual Prelim C,21178628,Gretchen Etzold,0.2010674335385053,3793.801412463459,46,0.2010674335385053,3793.801412463459,46,0.0,0,True,False
2026-03-27,260327.03,2026 USA Jigsaw Nationals Individual Prelim C,21178939,Karen Brownlow,-0.0764924011894414,5007.457805925616,81,-0.0764924011894414,5007.457805925616,81,0.0,0,True,False
2026-03-27,260327.03,2026 USA Jigsaw Nationals Individual Prelim C,21181439,Chelsea Widmaier,0.2352310487465019,3666.380414869464,40,0.2352310487465019,3666.380414869464,40,0.0,0,True,False
2026-03-27,260327.03,2026 USA Jigsaw Nationals Individual Prelim C,21410956,Kori Klustaitis,0.098359645780781,4204.167584709133,60,0.098359645780781,4204.167584709133,60,0.0,0,True,False
2026-03-27,260327.03,2026 USA Jigsaw Nationals Individual Prelim C,21412436,Iryna Shvydchenko,0.40248535734295,3101.700792595217,17,0.40248535734295,3101.700792595217,17,0.0,0,True,False
2026-03-27,260327.03,2026 USA Jigsaw Nationals Individual Prelim C,21428556,Caryn Knill,0.5985581002367126,2549.450538669201,2,0.5985581002367126,2549.450538669201,2,0.0,0,True,False
2026-03-27,260327.03,2026 USA Jigsaw Nationals Individual Prelim C,21446122,Emilee Frost,-0.0372817174339033,4814.911565349502,77,-0.0372817174339033,4814.911565349502,77,0.0,0,True,False
2026-03-27,260327.03,2026 USA Jigsaw Nationals Individual Prelim C,21564197,Rachel Wood,0.0134685730738782,4576.65045143557,70,0.0134685730738782,4576.65045143557,70,0.0,0,True,False
2026-03-27,260327.03,2026 USA Jigsaw Nationals Individual Prelim C,21602103,Asha Philip,-0.5159832387814017,7771.158092590767,108,-0.5159832387814017,7771.158092590767,108,0.0,0,True,False
2026-03-27,260327.03,2026 USA Jigsaw Nationals Individual Prelim C,21606421,Robin Patrick,0.1550794174297454,3972.3447748097815,51,0.1550794174297454,3972.3447748097815,51,0.0,0,True,False
2026-03-27,260327.03,2026 USA Jigsaw Nationals Individual Prelim C,21616379,Debbie Dyson,-0.069726853968868,4973.693957926836,80,-0.069726853968868,4973.693957926836,80,0.0,0,True,False
2026-03-27,260327.03,2026 USA Jigsaw Nationals Individual Prelim C,21654699,Kelsi Cook,0.4338296720281421,3005.9879694059337,13,0.4338296720281421,3005.9879694059337,13,0.0,0,True,False
2026-03-27,260327.03,2026 USA Jigsaw Nationals Individual Prelim C,21837736,Mollie Tessler,-0.1904810030091382,5612.055008679458,90,-0.1904810030091382,5612.055008679458,90,0.0,0,True,False
2026-03-27,260327.03,2026 USA Jigsaw Nationals Individual Prelim C,21844431,Susie Peat,-0.4989180936200017,7639.667297459635,107,-0.4989180936200017,7639.667297459635,107,0.0,0,True,False
2026-03-27,260327.03,2026 USA Jigsaw Nationals Individual Prelim C,21863873,Kristen Born,-0.0158476381256479,4712.806541642343,74,-0.0158476381256479,4712.806541642343,74,0.0,0,True,False
2026-03-27,260327.03,2026 USA Jigsaw Nationals Individual Prelim C,21873336,Meg Craig,-0.2093564306164267,5718.991003108068,91,-0.2093564306164267,5718.991003108068,91,0.0,0,True,False
2026-03-27,260327.03,2026 USA Jigsaw Nationals Individual Prelim C,21906515,Elizabeth Sondag,0.0494960975389616,4414.699920716359,65,0.0494960975389616,4414.699920716359,65,0.0,0,True,False
2026-03-27,260327.03,2026 USA Jigsaw Nationals Individual Prelim C,21916024,Emmie Lee,0.277008074593893,3516.3653550805525,32,0.277008074593893,3516.3653550805525,32,0.0,0,True,False
2026-03-27,260327.03,2026 USA Jigsaw Nationals Individual Prelim C,21921565,Michael Dickman,0.0348909922203027,4479.650226500076,67,0.0348909922203027,4479.650226500076,67,0.0,0,True,False
2026-03-27,260327.03,2026 USA Jigsaw Nationals Individual Prelim C,21923506,Linnea Shieh,0.3988118257197161,3113.115942662876,18,0.3988118257197161,3113.115942662876,18,0.0,0,True,False
2026-03-27,260327.03,2026 USA Jigsaw Nationals Individual Prelim C,21924461,Jonathan Huang,-0.4031480845018967,6941.959238220025,105,-0.4031480845018967,6941.959238220025,105,0.0,0,True,False
2026-03-27,260327.03,2026 USA Jigsaw Nationals Individual Prelim C,21925368,Betsey English,0.2698703905210093,3541.553846879546,33,0.2698703905210093,3541.553846879546,33,0.0,0,True,False
2026-03-27,260327.03,2026 USA Jigsaw Nationals Individual Prelim C,21926468,Meredith Yeager,0.1481086458201116,4000.1318190411057,52,0.1481086458201116,4000.1318190411057,52,0.0,0,True,False
2026-03-27,260327.03,2026 USA Jigsaw Nationals Individual Prelim C,21935409,Darya Leylian,0.2546021114659605,3596.042192410207,36,0.2546021114659605,3596.042192410207,36,0.0,0,True,False
2026-03-27,260327.03,2026 USA Jigsaw Nationals Individual Prelim C,21936039,Caroline Orsi,0.3506846349588365,3266.6053492629167,23,0.3506846349588365,3266.6053492629167,23,0.0,0,True,False
2026-03-27,260327.03,2026 USA Jigsaw Nationals Individual Prelim C,21968495,Jennifer Morrow,0.0990198947985362,4201.392703348,59,0.0990198947985362,4201.392703348,59,0.0,0,True,False
2026-03-27,260327.03,2026 USA Jigsaw Nationals Individual Prelim C,21968784,Cindy Grimley-Beason,-0.2766511805754852,6117.093966848027,98,-0.2766511805754852,6117.093966848027,98,0.0,0,True,False
2026-03-27,260327.03,2026 USA Jigsaw Nationals Individual Prelim C,21984502,Shayla Jones,-0.3774046546793076,6765.530087023624,102,-0.3774046546793076,6765.530087023624,102,0.0,0,True,False
2026-03-27,260327.03,2026 USA Jigsaw Nationals Individual Prelim C,22076476,Kylie Ledingham,0.5144861071556704,2773.0557028308403,6,0.5144861071556704,2773.0557028308403,6,0.0,0,True,False
2026-03-27,260327.03,2026 USA Jigsaw Nationals Individual Prelim C,22195650,Sarah Meyer,0.3276819054732032,3342.617075419526,25,0.3276819054732032,3342.617075419526,25,0.0,0,True,False
2026-03-27,260327.03,2026 USA Jigsaw Nationals Individual Prelim C,22229044,Courtney Buhler,-0.05920287458619,4921.625370196499,78,-0.05920287458619,4921.625370196499,78,0.0,0,True,False
2026-03-27,260327.03,2026 USA Jigsaw Nationals Individual Prelim C,22250420,Julie Headlee,-0.7088346941940099,9424.10393261109,112,-0.7088346941940099,9424.10393261109,112,0.0,0,True,False
2026-03-27,260327.03,2026 USA Jigsaw Nationals Individual Prelim C,22251076,Jessica Henderson,0.1990668735100993,3801.3987368428175,47,0.1990668735100993,3801.3987368428175,47,0.0,0,True,False
2026-03-27,260327.03,2026 USA Jigsaw Nationals Individual Prelim C,22325363,Marianne Bruno,-0.3948710210876994,6884.737342703347,104,-0.3948710210876994,6884.737342703347,104,0.0,0,True,False
2026-03-27,260327.03,2026 USA Jigsaw Nationals Individual Prelim C,22350095,Ashley Wu,0.0048495030381569,4616.267407609155,72,0.0048495030381569,4616.267407609155,72,0.0,0,True,False
2026-03-27,260327.03,2026 USA Jigsaw Nationals Individual Prelim C,22407890,Selina Gilbertson,0.204251300752054,3781.741661042661,45,0.204251300752054,3781.741661042661,45,0.0,0,True,False
2026-03-27,260327.03,2026 USA Jigsaw Nationals Individual Prelim C,22448265,Rachel Gaskin,-0.225850022134877,5814.099892096055,94,-0.225850022134877,5814.099892096055,94,0.0,0,True,False
2026-03-27,260327.03,2026 USA Jigsaw Nationals Individual Prelim C,22561030,Allie Arendell,0.5185062326409804,2761.93004917346,5,0.5185062326409804,2761.93004917346,5,0.0,0,True,False
2026-03-27,260327.03,2026 USA Jigsaw Nationals Individual Prelim C,22607906,Jason Pipkin,0.1469158441912158,4004.906029567645,54,0.1469158441912158,4004.906029567645,54,0.0,0,True,False
2026-03-27,260327.03,2026 USA Jigsaw Nationals Individual Prelim C,22623572,Melissa Harlow,0.4230919713508786,3038.439282908748,14,0.4230919713508786,3038.439282908748,14,0.0,0,True,False
2026-03-27,260327.03,2026 USA Jigsaw Nationals Individual Prelim C,22676681,Sarah Hauge,0.2629736636234363,3566.063397242811,35,0.2629736636234363,3566.063397242811,35,0.0,0,True,False
2026-03-27,260327.03,2026 USA Jigsaw Nationals Individual Prelim C,22691193,Wendy Weigant,0.0250336372873605,4524.026083722189,69,0.0250336372873605,4524.026083722189,69,0.0,0,True,False
2026-03-27,260327.03,2026 USA Jigsaw Nationals Individual Prelim C,22695388,Micaela Newman,0.1476467480802088,4001.979897666442,53,0.1476467480802088,4001.979897666442,53,0.0,0,True,False
2026-03-27,260327.03,2026 USA Jigsaw Nationals Individual Prelim C,22703189,Beatrice Endler,0.4563205180460079,2939.1353607443784,10,0.4563205180460079,2939.1353607443784,10,0.0,0,True,False
2026-03-27,260327.03,2026 USA Jigsaw Nationals Individual Prelim C,22703407,Dave Harris,-0.543875358333428,7990.963330171328,109,-0.543875358333428,7990.963330171328,109,0.0,0,True,False
2026-03-27,260327.03,2026 USA Jigsaw Nationals Individual Prelim C,22722527,June Huber,-0.0332084257855506,4795.338915899543,76,-0.0332084257855506,4795.338915899543,76,0.0,0,True,False
2026-03-27,260327.03,2026 USA Jigsaw Nationals Individual Prelim C,22755027,Megan Chung,0.0762384585757733,4298.205038234965,63,0.0762384585757733,4298.205038234965,63,0.0,0,True,False
2026-03-27,260327.03,2026 USA Jigsaw Nationals Individual Prelim C,22757315,Shalise Hassing,0.196488091089267,3811.214367828693,49,0.196488091089267,3811.214367828693,49,0.0,0,True,False
2026-03-27,260327.03,2026 USA Jigsaw Nationals Individual Prelim C,22815809,Sarah Barcousky,-0.022621550300829,4744.839049464851,75,-0.022621550300829,4744.839049464851,75,0.0,0,True,False
2026-03-27,260327.03,2026 USA Jigsaw Nationals Individual Prelim C,22816351,Michelle Malcom,0.0108961482263513,4588.438696461898,71,0.0108961482263513,4588.438696461898,71,0.0,0,True,False
2026-03-27,260327.03,2026 USA Jigsaw Nationals Individual Prelim C,22818396,Nicole Dominguez,-0.0659011079808943,4954.702220168263,79,-0.0659011079808943,4954.702220168263,79,0.0,0,True,False
2026-03-27,260327.03,2026 USA Jigsaw Nationals Individual Prelim C,22819700,Kristin Blair,0.2235062723297345,3709.6209026623255,43,0.2235062723297345,3709.6209026623255,43,0.0,0,True,False
2026-03-27,260327.03,2026 USA Jigsaw Nationals Individual Prelim C,22838801,Bonnie Smith,0.2172622336973782,3732.8563850226274,44,0.2172622336973782,3732.8563850226274,44,0.0,0,True,False
2026-03-27,260327.03,2026 USA Jigsaw Nationals Individual Prelim C,22858691,Chelsea Suedkamp,0.3083624070912989,3407.82260151437,28,0.3083624070912989,3407.82260151437,28,0.0,0,True,False
2026-03-27,260327.03,2026 USA Jigsaw Nationals Individual Prelim C,22860511,Lydia Utkin,0.2474996300917116,3621.673931828868,38,0.2474996300917116,3621.673931828868,38,0.0,0,True,False
2026-03-27,260327.03,2026 USA Jigsaw Nationals Individual Prelim C,22862625,Angela Guglielmino,0.1227134611726099,4103.0167670447845,56,0.1227134611726099,4103.0167670447845,56,0.0,0,True,False
2026-03-27,260327.03,2026 USA Jigsaw Nationals Individual Prelim C,22870921,Abigail Ricketts-Savit,0.1065299622033461,4169.958146517289,57,0.1065299622033461,4169.958146517289,57,0.0,0,True,False
2026-03-27,260327.03,2026 USA Jigsaw Nationals Individual Prelim C,22871519,Grace Byrnes,0.3072347510913171,3411.6676206398383,29,0.3072347510913171,3411.6676206398383,29,0.0,0,True,False
2026-03-27,260327.03,2026 USA Jigsaw Nationals Individual Prelim C,22874878,Kara Bancroft,-0.0991196282476334,5122.054301824317,83,-0.0991196282476334,5122.054301824317,83,0.0,0,True,False
2026-03-27,260327.03,2026 USA Jigsaw Nationals Individual Prelim C,23741633,Kim Knaub,0.4841719653113057,2858.4056256766376,7,0.4841719653113057,2858.4056256766376,7,0.0,0,True,False
2026-03-27,260327.03,2026 USA Jigsaw Nationals Individual Prelim C,23742686,Jessica Bradley,0.1008876301316894,4193.552937330544,58,0.1008876301316894,4193.552937330544,58,0.0,0,True,False
2026-03-27,260327.03,2026 USA Jigsaw Nationals Individual Prelim C,23743266,Jeff Amey,-0.1249569219534946,5256.118797078536,84,-0.1249569219534946,5256.118797078536,84,0.0,0,True,False
2026-03-27,260327.03,2026 USA Jigsaw Nationals Individual Prelim C,23751344,Lovesong Cahill,-0.2433605852642999,5916.804640020951,96,-0.2433605852642999,5916.804640020951,96,0.0,0,True,False
2026-03-27,260327.03,2026 USA Jigsaw Nationals Individual Prelim C,23758655,Hannah Doyle,0.6621783353589763,2392.305692517893,1,0.6621783353589763,2392.305692517893,1,0.0,0,True,False
2026-03-27,260327.03,2026 USA Jigsaw Nationals Individual Prelim C,23763793,Michael Ha,0.2247544505487902,3704.993523148597,42,0.2247544505487902,3704.993523148597,42,0.0,0,True,False
2026-03-27,260327.03,2026 USA Jigsaw Nationals Individual Prelim C,23764537,Soren Hansen,0.0710896347468526,4320.392810204748,64,0.0710896347468526,4320.392810204748,64,0.0,0,True,False
2026-03-27,260327.03,2026 USA Jigsaw Nationals Individual Prelim C,23764728,Caleb Pieplow,-0.2219281478062817,5791.3423782097225,92,-0.2219281478062817,5791.3423782097225,92,0.0,0,True,False
2026-03-27,260327.03,2026 USA Jigsaw Nationals Individual Prelim C,23764828,Kandace Gordon,-0.4983090641006433,7635.015931110884,106,-0.4983090641006433,7635.015931110884,106,0.0,0,True,False
2026-03-27,260327.03,2026 USA Jigsaw Nationals Individual Prelim C,23764863,Brian Wolfe,0.1272899790514043,4084.282139830575,55,0.1272899790514043,4084.282139830575,55,0.0,0,True,False
2026-03-27,260327.03,2026 USA Jigsaw Nationals Individual Prelim C,23769192,Angela Harrow,0.3498722392284749,3269.260203751647,24,0.3498722392284749,3269.260203751647,24,0.0,0,True,False
2026-03-27,260327.03,2026 USA Jigsaw Nationals Individual Prelim C,23786476,Bethany Quinn,0.2968399208808796,3447.316286210392,30,0.2968399208808796,3447.316286210392,30,0.0,0,True,False
2026-03-27,260327.03,2026 USA Jigsaw Nationals Individual Prelim C,23786677,Danika Dorris,0.252889573788344,3602.20582637632,37,0.252889573788344,3602.20582637632,37,0.0,0,True,False
2026-03-27,260327.03,2026 USA Jigsaw Nationals Individual Prelim C,23820273,Ed Siegel,-0.566136144753425,8170.843163312191,110,-0.566136144753425,8170.843163312191,110,0.0,0,True,False
2026-03-27,260327.03,2026 USA Jigsaw Nationals Individual Prelim C,23838242,Rose Barrett,0.384910561780295,3156.694384995738,20,0.384910561780295,3156.694384995738,20,0.0,0,True,False
2026-03-27,260327.03,2026 USA Jigsaw Nationals Individual Prelim C,23848770,Emily Landgraf,-0.1607168395029776,5447.478279899981,87,-0.1607168395029776,5447.478279899981,87,0.0,0,True,False
2026-03-27,260327.03,2026 USA Jigsaw Nationals Individual Prelim C,23887118,Sarah Stubeck,0.4435538692836184,2976.898813013443,11,0.4435538692836184,2976.898813013443,11,0.0,0,True,False
2026-03-27,260327.03,2026 USA Jigsaw Nationals Individual Prelim C,24108436,Nicole Norstrud,-0.0079280463388702,4675.630441736896,73,-0.0079280463388702,4675.630441736896,73,0.0,0,True,False
2026-03-27,260327.03,2026 USA Jigsaw Nationals Individual Prelim C,24124042,Amber Whitmill,0.4585783790608991,2932.506687723108,9,0.4585783790608991,2932.506687723108,9,0.0,0,True,False
2026-03-27,260327.03,2026 USA Jigsaw Nationals Individual Prelim C,24189640,Lizzy Klinnert,0.2263762006913416,3698.9898189442033,41,0.2263762006913416,3698.9898189442033,41,0.0,0,True,False
2026-03-27,260327.03,2026 USA Jigsaw Nationals Individual Prelim C,24196093,Barbara Harris,-0.3916418886375485,6862.541469932687,103,-0.3916418886375485,6862.541469932687,103,0.0,0,True,False
2026-03-27,260327.03,2026 USA Jigsaw Nationals Individual Prelim C,24204399,Katie Hartzler,0.318411409875469,3373.7488729373777,26,0.318411409875469,3373.7488729373777,26,0.0,0,True,False
2026-03-27,260327.03,2026 USA Jigsaw Nationals Individual Prelim C,24207911,Kristina Key,-0.0878698557206596,5064.755260946044,82,-0.0878698557206596,5064.755260946044,82,0.0,0,True,False
2026-03-27,260327.03,2026 USA Jigsaw Nationals Individual Prelim C,24223848,Anne Khong,0.0394539942818963,4459.256137801141,66,0.0394539942818963,4459.256137801141,66,0.0,0,True,False
2026-03-27,260327.03,2026 USA Jigsaw Nationals Individual Prelim C,24511922,Carrie Grose,0.158315699176245,3959.509927717105,50,0.158315699176245,3959.509927717105,50,0.0,0,True,False
2026-03-27,260327.03,2026 USA Jigsaw Nationals Individual Prelim C,24557670,Monica Ganz,-0.6608655892684081,8982.709388289477,111,-0.6608655892684081,8982.709388289477,111,0.0,0,True,False
2026-03-27,260327.03,2026 USA Jigsaw Nationals Individual Prelim C,24576206,Lisa Grow,0.0914126434707401,4233.475630292942,62,0.0914126434707401,4233.475630292942,62,0.0,0,True,False
2026-03-27,260327.03,2026 USA Jigsaw Nationals Individual Prelim C,24581974,Jessica Rottenbacher,0.4165274384720082,3058.4508288442494,15,0.4165274384720082,3058.4508288442494,15,0.0,0,True,False
2026-03-27,260327.03,2026 USA Jigsaw Nationals Individual Prelim C,24676248,Lewis Dracobly-Helsel,0.5891403972330183,2573.573921795929,3,0.5891403972330183,2573.573921795929,3,0.0,0,True,False
2026-03-27,260327.03,2026 USA Jigsaw Nationals Individual Prelim C,24685819,Brandon Harrington,-0.2361683706168807,5874.402376893739,95,-0.2361683706168807,5874.402376893739,95,0.0,0,True,False
2026-03-27,260327.03,2026 USA Jigsaw Nationals Individual Prelim C,24695473,Stephanie Gildenmeister,-0.3754781495760462,6752.508805594554,101,-0.3754781495760462,6752.508805594554,101,0.0,0,True,False
2026-03-27,260327.03,2026 USA Jigsaw Nationals Individual Prelim C,24714252,Beatrice Chau,-0.3000079309584189,6261.651023526786,99,-0.3000079309584189,6261.651023526786,99,0.0,0,True,False
2026-03-27,260327.03,2026 USA Jigsaw Nationals Individual Prelim C,24717966,Gwendolyn Adams,0.0342092031155068,4482.705444606661,68,0.0342092031155068,4482.705444606661,68,0.0,0,True,False
2026-03-27,260327.03,2026 USA Jigsaw Nationals Individual Prelim C,24718041,Jennifer Fong,0.2910022040935058,3467.4995972739166,31,0.2910022040935058,3467.4995972739166,31,0.0,0,True,False
2026-03-27,260327.03,2026 USA Jigsaw Nationals Individual Prelim C,24718079,India Eaford,-0.3203301912716397,6390.203742260315,100,-0.3203301912716397,6390.203742260315,100,0.0,0,True,False
2026-03-27,260327.03,2026 USA Jigsaw Nationals Individual Prelim C,24718284,Gwen Guerra,-0.2609991194862499,6022.094248554307,97,-0.2609991194862499,6022.094248554307,97,0.0,0,True,False
2026-03-27,260327.03,2026 USA Jigsaw Nationals Individual Prelim C,24718371,Shannon May,-0.1824820524548671,5567.343519053015,88,-0.1824820524548671,5567.343519053015,88,0.0,0,True,False
2026-03-27,260327.04,2026 USA Jigsaw Nationals Individual Prelim D,17593433,Tammy McLeod,0.4322922573827399,3084.885386005354,15,0.4322922573827399,3084.885386005354,15,0.0,0,True,False
2026-03-27,260327.04,2026 USA Jigsaw Nationals Individual Prelim D,17731892,Noelle Marshall,0.1163981651132678,4230.8740245889485,61,0.1163981651132678,4230.8740245889485,61,0.0,0,True,False
2026-03-27,260327.04,2026 USA Jigsaw Nationals Individual Prelim D,17731902,EB Caron,0.3737165106862068,3270.9820186535576,19,0.3737165106862068,3270.9820186535576,19,0.0,0,True,False
2026-03-27,260327.04,2026 USA Jigsaw Nationals Individual Prelim D,17732010,Yvonne Feucht,0.4370133399114673,3070.355712387674,14,0.4370133399114673,3070.355712387674,14,0.0,0,True,False
2026-03-27,260327.04,2026 USA Jigsaw Nationals Individual Prelim D,17732023,Andrew Bradburn,0.2861037593298166,3570.4905763521374,30,0.2861037593298166,3570.4905763521374,30,0.0,0,True,False
2026-03-27,260327.04,2026 USA Jigsaw Nationals Individual Prelim D,18497651,Lisa Schuler,-0.1255332224102969,5388.8930050791005,97,-0.1255332224102969,5388.8930050791005,97,0.0,0,True,False
2026-03-27,260327.04,2026 USA Jigsaw Nationals Individual Prelim D,18852026,Kimberly Kenne,0.2555958853309634,3681.0972617634775,35,0.2555958853309634,3681.0972617634775,35,0.0,0,True,False
2026-03-27,260327.04,2026 USA Jigsaw Nationals Individual Prelim D,18980068,Tiffany Medeiros,0.6571210957046117,2463.7526776944787,2,0.6571210957046117,2463.7526776944787,2,0.0,0,True,False
2026-03-27,260327.04,2026 USA Jigsaw Nationals Individual Prelim D,19556372,Katie Everson,0.0184349337490957,4666.325020044234,77,0.0184349337490957,4666.325020044234,77,0.0,0,True,False
2026-03-27,260327.04,2026 USA Jigsaw Nationals Individual Prelim D,19573602,Isabel Urrutia,0.1884765480865853,3936.6504177069705,49,0.1884765480865853,3936.6504177069705,49,0.0,0,True,False
2026-03-27,260327.04,2026 USA Jigsaw Nationals Individual Prelim D,20503559,Mandi Schalon,0.2408190659029281,3735.896050071397,38,0.2408190659029281,3735.896050071397,38,0.0,0,True,False
2026-03-27,260327.04,2026 USA Jigsaw Nationals Individual Prelim D,20505809,Madeleine Pedrow,0.1009768266299337,4296.625449425783,65,0.1009768266299337,4296.625449425783,65,0.0,0,True,False
2026-03-27,260327.04,2026 USA Jigsaw Nationals Individual Prelim D,20515638,Michelle Chan,0.1024101117529148,4290.471571274594,64,0.1024101117529148,4290.471571274594,64,0.0,0,True,False
2026-03-27,260327.04,2026 USA Jigsaw Nationals Individual Prelim D,20531734,Norah Molina,0.0649052944202495,4454.440516905916,70,0.0649052944202495,4454.440516905916,70,0.0,0,True,False
2026-03-27,260327.04,2026 USA Jigsaw Nationals Individual Prelim D,20563304,Jessica Derby,0.3658836193877214,3296.7038719736806,20,0.3658836193877214,3296.7038719736806,20,0.0,0,True,False
2026-03-27,260327.04,2026 USA Jigsaw Nationals Individual Prelim D,20568290,John Walczak,-0.1206296108927245,5362.532650561865,96,-0.1206296108927245,5362.532650561865,96,0.0,0,True,False
2026-03-27,260327.04,2026 USA Jigsaw Nationals Individual Prelim D,20620378,Jamie Ambabo,0.1384918053109258,4138.423659332076,57,0.1384918053109258,4138.423659332076,57,0.0,0,True,False
2026-03-27,260327.04,2026 USA Jigsaw Nationals Individual Prelim D,20719464,Deborah Wilson,-0.3223450460354294,6561.057590732157,110,-0.3223450460354294,6561.057590732157,110,0.0,0,True,False
2026-03-27,260327.04,2026 USA Jigsaw Nationals Individual Prelim D,20725541,Rosemary Dabbs,0.0154257863066796,4680.387827963503,78,0.0154257863066796,4680.387827963503,78,0.0,0,True,False
2026-03-27,260327.04,2026 USA Jigsaw Nationals Individual Prelim D,20865039,Whitney Presley,0.2324827292540054,3767.1699108327225,39,0.2324827292540054,3767.1699108327225,39,0.0,0,True,False
2026-03-27,260327.04,2026 USA Jigsaw Nationals Individual Prelim D,20866417,Felisa Lewis,0.0690935601348361,4435.823150864045,68,0.0690935601348361,4435.823150864045,68,0.0,0,True,False
2026-03-27,260327.04,2026 USA Jigsaw Nationals Individual Prelim D,20866603,Cathy Roiter,0.6023379273256848,2602.4904051026488,4,0.6023379273256848,2602.4904051026488,4,0.0,0,True,False
2026-03-27,260327.04,2026 USA Jigsaw Nationals Individual Prelim D,20866882,Stephanie Thompson,0.1193799191498089,4218.2773882565525,60,0.1193799191498089,4218.2773882565525,60,0.0,0,True,False
2026-03-27,260327.04,2026 USA Jigsaw Nationals Individual Prelim D,21103521,Erin Leidy,0.0511013968166922,4516.355508642538,71,0.0511013968166922,4516.355508642538,71,0.0,0,True,False
2026-03-27,260327.04,2026 USA Jigsaw Nationals Individual Prelim D,21125653,Frank Lieu,-0.2068023391887469,5845.131550748064,103,-0.2068023391887469,5845.131550748064,103,0.0,0,True,False
2026-03-27,260327.04,2026 USA Jigsaw Nationals Individual Prelim D,21169712,Rob Shields,-0.5481840226828415,8223.457858859489,119,-0.5481840226828415,8223.457858859489,119,0.0,0,True,False
2026-03-27,260327.04,2026 USA Jigsaw Nationals Individual Prelim D,21181014,Emily Chandran,0.4607193299949513,2998.42584322749,13,0.4607193299949513,2998.42584322749,13,0.0,0,True,False
2026-03-27,260327.04,2026 USA Jigsaw Nationals Individual Prelim D,21198876,Angie Gazdic,0.3413979665928271,3378.422198847828,24,0.3413979665928271,3378.422198847828,24,0.0,0,True,False
2026-03-27,260327.04,2026 USA Jigsaw Nationals Individual Prelim D,21213018,Jennifer Hill,0.0305139674486878,4610.299371910904,74,0.0305139674486878,4610.299371910904,74,0.0,0,True,False
2026-03-27,260327.04,2026 USA Jigsaw Nationals Individual Prelim D,21213678,Mary Ann Alwan,-0.1022687356879637,5264.970264036661,92,-0.1022687356879637,5264.970264036661,92,0.0,0,True,False
2026-03-27,260327.04,2026 USA Jigsaw Nationals Individual Prelim D,21249910,Lena Nguyen-Vo,0.2294698156846714,3778.537183881657,41,0.2294698156846714,3778.537183881657,41,0.0,0,True,False
2026-03-27,260327.04,2026 USA Jigsaw Nationals Individual Prelim D,21469145,Shannon O’Hara,0.2704192449681653,3626.933469667143,32,0.2704192449681653,3626.933469667143,32,0.0,0,True,False
2026-03-27,260327.04,2026 USA Jigsaw Nationals Individual Prelim D,21529071,Jane Davis,-0.3143616908222714,6508.886863223036,109,-0.3143616908222714,6508.886863223036,109,0.0,0,True,False
2026-03-27,260327.04,2026 USA Jigsaw Nationals Individual Prelim D,21566454,Alice Rowe,0.7745037230049753,2190.8794510071216,1,0.7745037230049753,2190.8794510071216,1,0.0,0,True,False
2026-03-27,260327.04,2026 USA Jigsaw Nationals Individual Prelim D,21583590,Lindsay Wang,0.416143164366593,3135.1079197627973,16,0.416143164366593,3135.1079197627973,16,0.0,0,True,False
2026-03-27,260327.04,2026 USA Jigsaw Nationals Individual Prelim D,21641657,Karen May,-0.225850022134877,5957.534876319009,105,-0.225850022134877,5957.534876319009,105,0.0,0,True,False
2026-03-27,260327.04,2026 USA Jigsaw Nationals Individual Prelim D,21659764,Sandra Kopec,-0.1348651721786956,5439.41726216496,98,-0.1348651721786956,5439.41726216496,98,0.0,0,True,False
2026-03-27,260327.04,2026 USA Jigsaw Nationals Individual Prelim D,21691159,Luanne Hill,-0.014059703643448,4820.4460519021695,82,-0.014059703643448,4820.4460519021695,82,0.0,0,True,False
2026-03-27,260327.04,2026 USA Jigsaw Nationals Individual Prelim D,21856865,Aloysia Larson,0.3581860984125348,3322.178238127636,22,0.3581860984125348,3322.178238127636,22,0.0,0,True,False
2026-03-27,260327.04,2026 USA Jigsaw Nationals Individual Prelim D,21906042,Erin Sweeney,-0.0250299991508091,4873.618897215181,85,-0.0250299991508091,4873.618897215181,85,0.0,0,True,False
2026-03-27,260327.04,2026 USA Jigsaw Nationals Individual Prelim D,21922205,Maria Seitz,0.0735624227222626,4416.044294153607,67,0.0735624227222626,4416.044294153607,67,0.0,0,True,False
2026-03-27,260327.04,2026 USA Jigsaw Nationals Individual Prelim D,21922695,Mathew Nettlow,0.4673083442795263,2978.734118286833,12,0.4673083442795263,2978.734118286833,12,0.0,0,True,False
2026-03-27,260327.04,2026 USA Jigsaw Nationals Individual Prelim D,21924024,Jasper Lee,0.4919244793618158,2906.3043250348146,9,0.4919244793618158,2906.3043250348146,9,0.0,0,True,False
2026-03-27,260327.04,2026 USA Jigsaw Nationals Individual Prelim D,21925090,Emma Pan,0.5953294396840485,2620.793992255524,5,0.5953294396840485,2620.793992255524,5,0.0,0,True,False
2026-03-27,260327.04,2026 USA Jigsaw Nationals Individual Prelim D,21926706,Stephanie Ho,0.0007809523245358,4749.43569388241,80,0.0007809523245358,4749.43569388241,80,0.0,0,True,False
2026-03-27,260327.04,2026 USA Jigsaw Nationals Individual Prelim D,21927214,Cindy Koster,0.1627418149800735,4039.273895752072,54,0.1627418149800735,4039.273895752072,54,0.0,0,True,False
2026-03-27,260327.04,2026 USA Jigsaw Nationals Individual Prelim D,21927294,Lori Nussbaum,0.0946537798945975,4323.879285784515,66,0.0946537798945975,4323.879285784515,66,0.0,0,True,False
2026-03-27,260327.04,2026 USA Jigsaw Nationals Individual Prelim D,21933468,Laurie Marcey,0.2081421372516662,3859.990123420347,43,0.2081421372516662,3859.990123420347,43,0.0,0,True,False
2026-03-27,260327.04,2026 USA Jigsaw Nationals Individual Prelim D,21942386,Megan Bailey,0.1870662847853937,3942.2060478505664,50,0.1870662847853937,3942.2060478505664,50,0.0,0,True,False
2026-03-27,260327.04,2026 USA Jigsaw Nationals Individual Prelim D,21964658,Cosmo Smith,0.3468255495924699,3360.1352039395906,23,0.3468255495924699,3360.1352039395906,23,0.0,0,True,False
2026-03-27,260327.04,2026 USA Jigsaw Nationals Individual Prelim D,21968785,Audrey Talish,-0.0470358224651134,4982.055637547283,90,-0.0470358224651134,4982.055637547283,90,0.0,0,True,False
2026-03-27,260327.04,2026 USA Jigsaw Nationals Individual Prelim D,21976246,Edith Lewis,0.3742258648168491,3269.3163546935207,18,0.3742258648168491,3269.3163546935207,18,0.0,0,True,False
2026-03-27,260327.04,2026 USA Jigsaw Nationals Individual Prelim D,21992691,Claire Bailey,0.3295720344415372,3418.6123652495744,25,0.3295720344415372,3418.6123652495744,25,0.0,0,True,False
2026-03-27,260327.04,2026 USA Jigsaw Nationals Individual Prelim D,22035057,alison satinoff,-0.5176313612377347,7976.008698661752,116,-0.5176313612377347,7976.008698661752,116,0.0,0,True,False
2026-03-27,260327.04,2026 USA Jigsaw Nationals Individual Prelim D,22035203,Jessica Streitz,0.487442941058874,2919.358268212497,10,0.487442941058874,2919.358268212497,10,0.0,0,True,False
2026-03-27,260327.04,2026 USA Jigsaw Nationals Individual Prelim D,22048522,CHARESE GAINOR,0.265285486995946,3645.60114494555,33,0.265285486995946,3645.60114494555,33,0.0,0,True,False
2026-03-27,260327.04,2026 USA Jigsaw Nationals Individual Prelim D,22195550,Carmen Dueñas,0.3207398665685956,3448.9398551463373,27,0.3207398665685956,3448.9398551463373,27,0.0,0,True,False
2026-03-27,260327.04,2026 USA Jigsaw Nationals Individual Prelim D,22197641,Marissa Belau,-0.0312315802272455,4903.93695271323,86,-0.0312315802272455,4903.93695271323,86,0.0,0,True,False
2026-03-27,260327.04,2026 USA Jigsaw Nationals Individual Prelim D,22233166,Mallory Roy,-0.1561983732901471,5556.704047718729,102,-0.1561983732901471,5556.704047718729,102,0.0,0,True,False
2026-03-27,260327.04,2026 USA Jigsaw Nationals Individual Prelim D,22332246,Laura Ghantous,-0.0429985760092661,4961.982398653119,88,-0.0429985760092661,4961.982398653119,88,0.0,0,True,False
2026-03-27,260327.04,2026 USA Jigsaw Nationals Individual Prelim D,22383450,Annabella Roiger,-0.518024210227859,7979.142681174871,117,-0.518024210227859,7979.142681174871,117,0.0,0,True,False
2026-03-27,260327.04,2026 USA Jigsaw Nationals Individual Prelim D,22389912,Tazia Statucki,0.1049141136728901,4279.741661686028,63,0.1049141136728901,4279.741661686028,63,0.0,0,True,False
2026-03-27,260327.04,2026 USA Jigsaw Nationals Individual Prelim D,22392412,Elizabeth Alvarez,0.2295572439398251,3778.2068474092216,40,0.2295572439398251,3778.2068474092216,40,0.0,0,True,False
2026-03-27,260327.04,2026 USA Jigsaw Nationals Individual Prelim D,22438220,Maria Grant,0.3219566859962409,3444.7456704260508,26,0.3219566859962409,3444.7456704260508,26,0.0,0,True,False
2026-03-27,260327.04,2026 USA Jigsaw Nationals Individual Prelim D,22465006,Calie Curran,0.2902703998896163,3555.6445759503554,29,0.2902703998896163,3555.6445759503554,29,0.0,0,True,False
2026-03-27,260327.04,2026 USA Jigsaw Nationals Individual Prelim D,22473728,Leila Beikmohamadi,-0.0465417636502808,4979.594816988662,89,-0.0465417636502808,4979.594816988662,89,0.0,0,True,False
2026-03-27,260327.04,2026 USA Jigsaw Nationals Individual Prelim D,22477088,Samantha Saake,0.3636353034435403,3304.1242423950625,21,0.3636353034435403,3304.1242423950625,21,0.0,0,True,False
2026-03-27,260327.04,2026 USA Jigsaw Nationals Individual Prelim D,22549913,Sabrina Monserate-Lindsay,0.3120727190250142,3478.9622420296723,28,0.3120727190250142,3478.9622420296723,28,0.0,0,True,False
2026-03-27,260327.04,2026 USA Jigsaw Nationals Individual Prelim D,22608003,Rushing Smith III,0.1052603678434579,4278.260039810397,62,0.1052603678434579,4278.260039810397,62,0.0,0,True,False
2026-03-27,260327.04,2026 USA Jigsaw Nationals Individual Prelim D,22630517,Manja Wurschke,0.0244244773554639,4638.459397342037,75,0.0244244773554639,4638.459397342037,75,0.0,0,True,False
2026-03-27,260327.04,2026 USA Jigsaw Nationals Individual Prelim D,22639767,Sola Grantham,0.1747512095038734,3991.054782658972,51,0.1747512095038734,3991.054782658972,51,0.0,0,True,False
2026-03-27,260327.04,2026 USA Jigsaw Nationals Individual Prelim D,22641588,Davey Black,0.160777014856346,4047.218063397332,55,0.160777014856346,4047.218063397332,55,0.0,0,True,False
2026-03-27,260327.04,2026 USA Jigsaw Nationals Individual Prelim D,22703414,Heather Harris,-0.3306805843381365,6615.976107301834,111,-0.3306805843381365,6615.976107301834,111,0.0,0,True,False
2026-03-27,260327.04,2026 USA Jigsaw Nationals Individual Prelim D,22704198,Sarah Goodman,0.203909043815667,3876.364454861219,45,0.203909043815667,3876.364454861219,45,0.0,0,True,False
2026-03-27,260327.04,2026 USA Jigsaw Nationals Individual Prelim D,22710362,Loretta Nowak,-0.5109395493663287,7922.812935495587,115,-0.5109395493663287,7922.812935495587,115,0.0,0,True,False
2026-03-27,260327.04,2026 USA Jigsaw Nationals Individual Prelim D,22736994,Brooke Ouro-Djobo,0.259937900034565,3665.148533191392,34,0.259937900034565,3665.148533191392,34,0.0,0,True,False
2026-03-27,260327.04,2026 USA Jigsaw Nationals Individual Prelim D,22814478,Irene Ho,0.1539190593641375,4075.069096158564,56,0.1539190593641375,4075.069096158564,56,0.0,0,True,False
2026-03-27,260327.04,2026 USA Jigsaw Nationals Individual Prelim D,22857066,Nathan Biberdorf,0.5368192550654938,2778.711988805013,6,0.5368192550654938,2778.711988805013,6,0.0,0,True,False
2026-03-27,260327.04,2026 USA Jigsaw Nationals Individual Prelim D,22861788,Xin Li Phuah,0.5173379921236358,2833.375536357148,7,0.5173379921236358,2833.375536357148,7,0.0,0,True,False
2026-03-27,260327.04,2026 USA Jigsaw Nationals Individual Prelim D,22861870,Jenna Wyly,0.376091420867219,3263.2229473511543,17,0.376091420867219,3263.2229473511543,17,0.0,0,True,False
2026-03-27,260327.04,2026 USA Jigsaw Nationals Individual Prelim D,22862046,Emma Williamson,0.6050496698766267,2595.442681257848,3,0.6050496698766267,2595.442681257848,3,0.0,0,True,False
2026-03-27,260327.04,2026 USA Jigsaw Nationals Individual Prelim D,22862686,Clare Kay,-0.1471121738701779,5506.443411493865,100,-0.1471121738701779,5506.443411493865,100,0.0,0,True,False
2026-03-27,260327.04,2026 USA Jigsaw Nationals Individual Prelim D,22871065,Cathy Luers,-0.2309734710610416,5988.136327529895,106,-0.2309734710610416,5988.136327529895,106,0.0,0,True,False
2026-03-27,260327.04,2026 USA Jigsaw Nationals Individual Prelim D,22871573,Carley Lauer,0.1890538359032294,3934.378493222703,48,0.1890538359032294,3934.378493222703,48,0.0,0,True,False
2026-03-27,260327.04,2026 USA Jigsaw Nationals Individual Prelim D,23526167,Mathew Murillo,-0.0650604770403849,5072.669659438943,91,-0.0650604770403849,5072.669659438943,91,0.0,0,True,False
2026-03-27,260327.04,2026 USA Jigsaw Nationals Individual Prelim D,23740970,Rebecca Widmayer,0.189812821066208,3931.393491250198,47,0.189812821066208,3931.393491250198,47,0.0,0,True,False
2026-03-27,260327.04,2026 USA Jigsaw Nationals Individual Prelim D,23743070,Maggie Horne,-0.0079437100356097,4791.054206448961,81,-0.0079437100356097,4791.054206448961,81,0.0,0,True,False
2026-03-27,260327.04,2026 USA Jigsaw Nationals Individual Prelim D,23744904,Brenna Kitchen,0.1913933253557069,3925.1848146859807,46,0.1913933253557069,3925.1848146859807,46,0.0,0,True,False
2026-03-27,260327.04,2026 USA Jigsaw Nationals Individual Prelim D,23750128,Jasmine Lambert,0.4964649029247696,2893.1383844881275,8,0.4964649029247696,2893.1383844881275,8,0.0,0,True,False
2026-03-27,260327.04,2026 USA Jigsaw Nationals Individual Prelim D,23751126,Faye Alleman,-0.1493519002231121,5518.790159420548,101,-0.1493519002231121,5518.790159420548,101,0.0,0,True,False
2026-03-27,260327.04,2026 USA Jigsaw Nationals Individual Prelim D,23763803,Kate Pieplow,-0.5359451388479626,8123.425305459811,118,-0.5359451388479626,8123.425305459811,118,0.0,0,True,False
2026-03-27,260327.04,2026 USA Jigsaw Nationals Individual Prelim D,23764078,Nailun Chen,-0.109429556210322,5302.80708079913,94,-0.109429556210322,5302.80708079913,94,0.0,0,True,False
2026-03-27,260327.04,2026 USA Jigsaw Nationals Individual Prelim D,23764862,Jessica Cutshall,-0.2718738365913891,6238.1308773047385,107,-0.2718738365913891,6238.1308773047385,107,0.0,0,True,False
2026-03-27,260327.04,2026 USA Jigsaw Nationals Individual Prelim D,23765860,Kate Yee,0.4675522514907916,2978.00767215127,11,0.4675522514907916,2978.00767215127,11,0.0,0,True,False
2026-03-27,260327.04,2026 USA Jigsaw Nationals Individual Prelim D,23766346,Robyn Curtis,0.2831831556206364,3580.9338072191017,31,0.2831831556206364,3580.9338072191017,31,0.0,0,True,False
2026-03-27,260327.04,2026 USA Jigsaw Nationals Individual Prelim D,23767732,Curt Schieler,-0.0234386305783103,4865.869341103293,84,-0.0234386305783103,4865.869341103293,84,0.0,0,True,False
2026-03-27,260327.04,2026 USA Jigsaw Nationals Individual Prelim D,23839230,Ann Mortimer,0.1710042396531162,4006.0371963994494,52,0.1710042396531162,4006.0371963994494,52,0.0,0,True,False
2026-03-27,260327.04,2026 USA Jigsaw Nationals Individual Prelim D,23846517,Karla Matute,-0.8410145947964232,11021.207341266076,123,-0.8410145947964232,11021.207341266076,123,0.0,0,True,False
2026-03-27,260327.04,2026 USA Jigsaw Nationals Individual Prelim D,23848515,Laura Schaefer,0.1243938912909709,4197.17999801048,59,0.1243938912909709,4197.17999801048,59,0.0,0,True,False
2026-03-27,260327.04,2026 USA Jigsaw Nationals Individual Prelim D,23848898,Nikki Hall,0.0372257915605016,4579.459465212941,73,0.0372257915605016,4579.459465212941,73,0.0,0,True,False
2026-03-27,260327.04,2026 USA Jigsaw Nationals Individual Prelim D,23971267,Jean Doroff,-0.6708168560080209,9296.366436245446,121,-0.6708168560080209,9296.366436245446,121,0.0,0,True,False
2026-03-27,260327.04,2026 USA Jigsaw Nationals Individual Prelim D,23973497,Erin Manthey,-0.1359308016282615,5445.216754894309,99,-0.1359308016282615,5445.216754894309,99,0.0,0,True,False
2026-03-27,260327.04,2026 USA Jigsaw Nationals Individual Prelim D,23994944,Cassie VonRueden,0.1292808542432411,4176.718572692259,58,0.1292808542432411,4176.718572692259,58,0.0,0,True,False
2026-03-27,260327.04,2026 USA Jigsaw Nationals Individual Prelim D,24117467,Lea Campbell,0.0409528756121037,4562.423202388032,72,0.0409528756121037,4562.423202388032,72,0.0,0,True,False
2026-03-27,260327.04,2026 USA Jigsaw Nationals Individual Prelim D,24123556,Caleigh Shaw,-0.1098245547902894,5304.902095802622,95,-0.1098245547902894,5304.902095802622,95,0.0,0,True,False
2026-03-27,260327.04,2026 USA Jigsaw Nationals Individual Prelim D,24191389,Bethany Litus,0.2460477169862568,3716.413331696403,37,0.2460477169862568,3716.413331696403,37,0.0,0,True,False
2026-03-27,260327.04,2026 USA Jigsaw Nationals Individual Prelim D,24208744,Melissa Reilly,0.0056595165765942,4726.321694098818,79,0.0056595165765942,4726.321694098818,79,0.0,0,True,False
2026-03-27,260327.04,2026 USA Jigsaw Nationals Individual Prelim D,24211524,Michelle McCrea,0.0657294345417694,4450.770946084982,69,0.0657294345417694,4450.770946084982,69,0.0,0,True,False
2026-03-27,260327.04,2026 USA Jigsaw Nationals Individual Prelim D,24211940,Jordan Halperin,-0.2215716057232972,5932.1005095354085,104,-0.2215716057232972,5932.1005095354085,104,0.0,0,True,False
2026-03-27,260327.04,2026 USA Jigsaw Nationals Individual Prelim D,24223016,Rebecca Watson,0.2041187506310439,3875.551640045529,44,0.2041187506310439,3875.551640045529,44,0.0,0,True,False
2026-03-27,260327.04,2026 USA Jigsaw Nationals Individual Prelim D,24242274,Erika Hunter,-0.7245013750245562,9809.076564135574,122,-0.7245013750245562,9809.076564135574,122,0.0,0,True,False
2026-03-27,260327.04,2026 USA Jigsaw Nationals Individual Prelim D,24243631,Jiamei Qian,-0.1051009295259906,5279.902816335595,93,-0.1051009295259906,5279.902816335595,93,0.0,0,True,False
2026-03-27,260327.04,2026 USA Jigsaw Nationals Individual Prelim D,24493679,Elizabeth Gray,-0.6174925064756209,8813.628956757055,120,-0.6174925064756209,8813.628956757055,120,0.0,0,True,False
2026-03-27,260327.04,2026 USA Jigsaw Nationals Individual Prelim D,24600486,Amber Eskridge,-0.0190552276006074,4844.586953661658,83,-0.0190552276006074,4844.586953661658,83,0.0,0,True,False
2026-03-27,260327.04,2026 USA Jigsaw Nationals Individual Prelim D,24605598,Cassie Sands,0.2240154578250706,3799.2029859744175,42,0.2240154578250706,3799.2029859744175,42,0.0,0,True,False
2026-03-27,260327.04,2026 USA Jigsaw Nationals Individual Prelim D,24673353,Kate McCrea,0.0215413602901571,4651.851915609267,76,0.0215413602901571,4651.851915609267,76,0.0,0,True,False
2026-03-27,260327.04,2026 USA Jigsaw Nationals Individual Prelim D,24675976,Cierra McPeak,-0.4266076450385307,7282.064499224569,113,-0.4266076450385307,7282.064499224569,113,0.0,0,True,False
2026-03-27,260327.04,2026 USA Jigsaw Nationals Individual Prelim D,24689138,Courtney Wong,-0.0356279649861937,4925.544008053262,87,-0.0356279649861937,4925.544008053262,87,0.0,0,True,False
2026-03-27,260327.04,2026 USA Jigsaw Nationals Individual Prelim D,24700469,Lucy Cruz,-0.4393779753097557,7375.65518803481,114,-0.4393779753097557,7375.65518803481,114,0.0,0,True,False
2026-03-27,260327.04,2026 USA Jigsaw Nationals Individual Prelim D,24716027,Christian Cimaglia,0.1672933542829206,4020.930758283294,53,0.1672933542829206,4020.930758283294,53,0.0,0,True,False
2026-03-27,260327.04,2026 USA Jigsaw Nationals Individual Prelim D,24718209,Max Schooley,-0.3045608645032813,6445.40598422495,108,-0.3045608645032813,6445.40598422495,108,0.0,0,True,False
2026-03-27,260327.04,2026 USA Jigsaw Nationals Individual Prelim D,24718323,Jenna Mikish,-0.4031480845018967,7113.218733634631,112,-0.4031480845018967,7113.218733634631,112,0.0,0,True,False
2026-03-27,260327.04,2026 USA Jigsaw Nationals Individual Prelim D,24719281,Caitlyn McMahan,0.2487020240102895,3706.561909818898,36,0.2487020240102895,3706.561909818898,36,0.0,0,True,False
2026-03-27,260327.04,2026 USA Jigsaw Nationals Individual Prelim D,24720693,Susan Dias,-0.9152073146611543,11869.998433935434,124,-0.9152073146611543,11869.998433935434,124,0.0,0,True,False
2026-03-29,260329.02,2026 USA Jigsaw Nationals Individual Final,2368819,Meagan Brucker-Hahn,0.3351010276538686,3797.659236514629,123,0.3351010276538686,3797.659236514629,138,0.0,15,True,True
2026-03-29,260329.02,2026 USA Jigsaw Nationals Individual Final,17593433,Tammy McLeod,0.4300437114825592,3453.686470432259,69,0.4300437114825592,3453.686470432259,80,0.0,11,True,True
2026-03-29,260329.02,2026 USA Jigsaw Nationals Individual Final,17731902,EB Caron,0.4012647949904599,3554.523860789649,80,0.4012647949904599,3554.523860789649,68,0.0,12,True,True
2026-03-29,260329.02,2026 USA Jigsaw Nationals Individual Final,17731966,Melinda Whiting,0.3896246384653219,3596.140818954821,85,0.3896246384653219,3596.140818954821,102,0.0,17,True,True
2026-03-29,260329.02,2026 USA Jigsaw Nationals Individual Final,17731998,Liz Walters,0.314444722385796,3876.920650720994,135,0.314444722385796,3876.920650720994,147,0.0,12,True,True
2026-03-29,260329.02,2026 USA Jigsaw Nationals Individual Final,17732010,Yvonne Feucht,0.4365023376681756,3431.4522790123065,62,0.4365023376681756,3431.4522790123065,71,0.0,9,True,True
2026-03-29,260329.02,2026 USA Jigsaw Nationals Individual Final,17732023,Andrew Bradburn,0.3106580194503965,3891.6292284609726,140,0.3106580194503965,3891.6292284609726,96,0.0,44,True,True
2026-03-29,260329.02,2026 USA Jigsaw Nationals Individual Final,17915498,Melynda Owens,0.2907506479769708,3969.877612817832,155,0.2907506479769708,3969.877612817832,165,0.0,10,True,True
2026-03-29,260329.02,2026 USA Jigsaw Nationals Individual Final,18141625,Andrea Kyle,0.4674169728419415,3326.993160749727,52,0.4674169728419415,3326.993160749727,53,0.0,1,True,True
2026-03-29,260329.02,2026 USA Jigsaw Nationals Individual Final,18141627,Alyssa Zackler,0.3997904433396271,3559.768344068019,82,0.3997904433396271,3559.768344068019,100,0.0,18,True,True
2026-03-29,260329.02,2026 USA Jigsaw Nationals Individual Final,18405080,Kelly Walter,0.6898308783228068,2663.537258623872,4,0.6898308783228068,2663.537258623872,4,0.0,0,True,False
2026-03-29,260329.02,2026 USA Jigsaw Nationals Individual Final,18475588,Dawne Rasmusson,0.4960180559255336,3233.1854486676293,43,0.4960180559255336,3233.1854486676293,43,0.0,0,True,False
2026-03-29,260329.02,2026 USA Jigsaw Nationals Individual Final,18495081,Trisha Siedlecki,0.4506878570952874,3383.118973072721,57,0.4506878570952874,3383.118973072721,61,0.0,4,True,True
2026-03-29,260329.02,2026 USA Jigsaw Nationals Individual Final,18518434,Elizabeth McElveen,0.3536098581929193,3728.015505451664,109,0.3536098581929193,3728.015505451664,120,0.0,11,True,True
2026-03-29,260329.02,2026 USA Jigsaw Nationals Individual Final,18542626,Jeanne Roiter,0.6093518648334147,2886.757931391307,17,0.6093518648334147,2886.757931391307,17,0.0,0,True,False
2026-03-29,260329.02,2026 USA Jigsaw Nationals Individual Final,18852026,Kimberly Kenne,0.2806769836692663,4010.070934349656,162,0.2806769836692663,4010.070934349656,122,0.0,40,True,True
2026-03-29,260329.02,2026 USA Jigsaw Nationals Individual Final,18859031,Michelle Micheli,0.3698779654643938,3667.8583971603007,98,0.3698779654643938,3667.8583971603007,111,0.0,13,True,True
2026-03-29,260329.02,2026 USA Jigsaw Nationals Individual Final,18956787,Kelly Buhr,0.4845716383468454,3270.4064566303828,46,0.4845716383468454,3270.4064566303828,46,0.0,0,True,False
2026-03-29,260329.02,2026 USA Jigsaw Nationals Individual Final,18980068,Tiffany Medeiros,0.6599985434598933,2744.193900282615,6,0.6599985434598933,2744.193900282615,8,0.0,2,True,True
2026-03-29,260329.02,2026 USA Jigsaw Nationals Individual Final,19326944,Min-Yee Deng,0.5029702924360132,3210.7855337218034,42,0.5029702924360132,3210.7855337218034,42,0.0,0,True,False
2026-03-29,260329.02,2026 USA Jigsaw Nationals Individual Final,19369070,Amanda Messinger,0.2641399429457137,4076.937000287365,170,0.2641399429457137,4076.937000287365,177,0.0,7,True,True
2026-03-29,260329.02,2026 USA Jigsaw Nationals Individual Final,19573602,Isabel Urrutia,0.2259056828441774,4235.83396735421,188,0.2259056828441774,4235.83396735421,124,0.0,64,True,True
2026-03-29,260329.02,2026 USA Jigsaw Nationals Individual Final,19958106,Taylor Reed,0.4639286483614354,3338.619058100968,53,0.4639286483614354,3338.619058100968,54,0.0,1,True,True
2026-03-29,260329.02,2026 USA Jigsaw Nationals Individual Final,20341319,Hannah Scott,0.6152709949807601,2869.7213062336937,15,0.6152709949807601,2869.7213062336937,15,0.0,0,True,False
2026-03-29,260329.02,2026 USA Jigsaw Nationals Individual Final,20453946,Sammy Brownlow,0.5035999175846682,3208.7645786916546,40,0.5035999175846682,3208.7645786916546,40,0.0,0,True,False
2026-03-29,260329.02,2026 USA Jigsaw Nationals Individual Final,20508154,Meri Cartee,0.3008569824632601,3929.9587582102895,147,0.3008569824632601,3929.9587582102895,160,0.0,13,True,True
2026-03-29,260329.02,2026 USA Jigsaw Nationals Individual Final,20533269,Elizaveta Gallagher,0.3579815989750253,3711.75316130736,107,0.3579815989750253,3711.75316130736,118,0.0,11,True,True
2026-03-29,260329.02,2026 USA Jigsaw Nationals Individual Final,20539458,Kyle Kossin,0.5277890512592319,3132.078566602516,29,0.5277890512592319,3132.078566602516,29,0.0,0,True,False
2026-03-29,260329.02,2026 USA Jigsaw Nationals Individual Final,20563304,Jessica Derby,0.3793587901710947,3633.2483995539305,91,0.3793587901710947,3633.2483995539305,88,0.0,3,True,True
2026-03-29,260329.02,2026 USA Jigsaw Nationals Individual Final,20720345,Doug Ellwanger,0.3782999487789249,3637.097470765756,95,0.3782999487789249,3637.097470765756,108,0.0,13,True,True
2026-03-29,260329.02,2026 USA Jigsaw Nationals Individual Final,20722068,Elizabeth Nelson,0.4359498563112105,3433.348616221014,64,0.4359498563112105,3433.348616221014,73,0.0,9,True,True
2026-03-29,260329.02,2026 USA Jigsaw Nationals Individual Final,20722129,Karen Kavett,0.4405144754345423,3417.7124013025104,61,0.4405144754345423,3417.7124013025104,65,0.0,4,True,True
2026-03-29,260329.02,2026 USA Jigsaw Nationals Individual Final,20729491,Simmie Berman,0.5350054272606882,3109.557667371444,27,0.5350054272606882,3109.557667371444,27,0.0,0,True,False
2026-03-29,260329.02,2026 USA Jigsaw Nationals Individual Final,20737327,Amy Paull,0.3857095527278215,3610.2476152246422,88,0.3857095527278215,3610.2476152246422,104,0.0,16,True,True
2026-03-29,260329.02,2026 USA Jigsaw Nationals Individual Final,20739624,Mari Black,0.6627790076512294,2736.5743652398382,5,0.6627790076512294,2736.5743652398382,5,0.0,0,True,False
2026-03-29,260329.02,2026 USA Jigsaw Nationals Individual Final,20850953,Aimee Seligstein,0.3185550880859263,3861.017794723088,130,0.3185550880859263,3861.017794723088,143,0.0,13,True,True
2026-03-29,260329.02,2026 USA Jigsaw Nationals Individual Final,20853119,Kevin Collins,0.4059000107675308,3538.086001653061,77,0.4059000107675308,3538.086001653061,87,0.0,10,True,True
2026-03-29,260329.02,2026 USA Jigsaw Nationals Individual Final,20859985,Jessa Douglas,0.567673321089758,3009.616292636811,21,0.567673321089758,3009.616292636811,22,0.0,1,True,True
2026-03-29,260329.02,2026 USA Jigsaw Nationals Individual Final,20860009,Andrea Heistand,0.5030346448345859,3210.578918619566,41,0.5030346448345859,3210.578918619566,41,0.0,0,True,False
2026-03-29,260329.02,2026 USA Jigsaw Nationals Individual Final,20865039,Whitney Presley,0.2977318363596934,3942.259664564034,148,0.2977318363596934,3942.259664564034,93,0.0,55,True,True
2026-03-29,260329.02,2026 USA Jigsaw Nationals Individual Final,20866417,Felisa Lewis,0.1315713865139262,4654.872533658346,198,0.1315713865139262,4654.872533658346,156,0.0,42,True,True
2026-03-29,260329.02,2026 USA Jigsaw Nationals Individual Final,20866603,Cathy Roiter,0.6380217288311285,2805.1701182810384,9,0.6380217288311285,2805.1701182810384,6,0.0,3,True,True
2026-03-29,260329.02,2026 USA Jigsaw Nationals Individual Final,21113122,Jeremy Seidling,0.3109643015714494,3890.4374745223104,139,0.3109643015714494,3890.4374745223104,150,0.0,11,True,True
2026-03-29,260329.02,2026 USA Jigsaw Nationals Individual Final,21178749,Yuewen Chun,0.3054159944236312,3912.0828085240696,145,0.3054159944236312,3912.0828085240696,159,0.0,14,True,True
2026-03-29,260329.02,2026 USA Jigsaw Nationals Individual Final,21181014,Emily Chandran,0.4580567249244061,3358.2808433503656,54,0.4580567249244061,3358.2808433503656,58,0.0,4,True,True
2026-03-29,260329.02,2026 USA Jigsaw Nationals Individual Final,21181439,Chelsea Widmaier,0.2933883086360547,3959.420220406296,151,0.2933883086360547,3959.420220406296,163,0.0,12,True,True
2026-03-29,260329.02,2026 USA Jigsaw Nationals Individual Final,21187349,Alison Filley,0.2610266031202097,4089.649669778008,172,0.2610266031202097,4089.649669778008,179,0.0,7,True,True
2026-03-29,260329.02,2026 USA Jigsaw Nationals Individual Final,21198876,Angie Gazdic,0.3586714600450149,3709.1934503239568,106,0.3586714600450149,3709.1934503239568,89,0.0,17,True,True
2026-03-29,260329.02,2026 USA Jigsaw Nationals Individual Final,21249910,Lena Nguyen-Vo,0.308363882995142,3900.5674057232895,142,0.308363882995142,3900.5674057232895,78,0.0,64,True,True
2026-03-29,260329.02,2026 USA Jigsaw Nationals Individual Final,21259768,Melissa Germait,0.3348006636087166,3798.8000881318458,125,0.3348006636087166,3798.8000881318458,140,0.0,15,True,True
2026-03-29,260329.02,2026 USA Jigsaw Nationals Individual Final,21394027,Elizabeth Tashiro,0.2318173626879298,4210.866944303549,185,0.2318173626879298,4210.866944303549,191,0.0,6,True,True
2026-03-29,260329.02,2026 USA Jigsaw Nationals Individual Final,21412436,Iryna Shvydchenko,0.6486140557919764,2775.6136514337536,7,0.6486140557919764,2775.6136514337536,9,0.0,2,True,True
2026-03-29,260329.02,2026 USA Jigsaw Nationals Individual Final,21423906,Gail McCormick,0.4547525069743521,3369.395688016395,55,0.4547525069743521,3369.395688016395,59,0.0,4,True,True
2026-03-29,260329.02,2026 USA Jigsaw Nationals Individual Final,21428556,Caryn Knill,0.6256727009931969,2840.026017441482,12,0.6256727009931969,2840.026017441482,12,0.0,0,True,False
2026-03-29,260329.02,2026 USA Jigsaw Nationals Individual Final,21469145,Shannon O’Hara,0.34569902155496,3757.6241874096777,116,0.34569902155496,3757.6241874096777,70,0.0,46,True,True
2026-03-29,260329.02,2026 USA Jigsaw Nationals Individual Final,21538991,Natalie Schimmelbusch,0.2676901209524542,4062.4888102125337,166,0.2676901209524542,4062.4888102125337,174,0.0,8,True,True
2026-03-29,260329.02,2026 USA Jigsaw Nationals Individual Final,21556752,Hanna Sigler,0.6403145036125847,2798.7458624762608,8,0.6403145036125847,2798.7458624762608,10,0.0,2,True,True
2026-03-29,260329.02,2026 USA Jigsaw Nationals Individual Final,21566454,Alice Rowe,0.8320903731475203,2310.341943453519,1,0.8320903731475203,2310.341943453519,1,0.0,0,True,False
2026-03-29,260329.02,2026 USA Jigsaw Nationals Individual Final,21576268,Lauren Kautz,0.5909393119981285,2940.4028688890176,19,0.5909393119981285,2940.4028688890176,21,0.0,2,True,True
2026-03-29,260329.02,2026 USA Jigsaw Nationals Individual Final,21581068,Andrea Peng,0.5611099452639285,3029.4345014895234,24,0.5611099452639285,3029.4345014895234,25,0.0,1,True,True
2026-03-29,260329.02,2026 USA Jigsaw Nationals Individual Final,21583590,Lindsay Wang,0.4018972632894924,3552.27644791316,79,0.4018972632894924,3552.27644791316,98,0.0,19,True,True
2026-03-29,260329.02,2026 USA Jigsaw Nationals Individual Final,21594891,Kinsey Keltz,0.2474979239690863,4145.353175838805,181,0.2474979239690863,4145.353175838805,188,0.0,7,True,True
2026-03-29,260329.02,2026 USA Jigsaw Nationals Individual Final,21617866,Margaret Long,0.3756732704416758,3646.663513861745,96,0.3756732704416758,3646.663513861745,109,0.0,13,True,True
2026-03-29,260329.02,2026 USA Jigsaw Nationals Individual Final,21654699,Kelsi Cook,0.4896879131547458,3253.7168890776043,44,0.4896879131547458,3253.7168890776043,44,0.0,0,True,False
2026-03-29,260329.02,2026 USA Jigsaw Nationals Individual Final,21848873,Eric Goulet,0.43613907059301,3432.699039085006,63,0.43613907059301,3432.699039085006,72,0.0,9,True,True
2026-03-29,260329.02,2026 USA Jigsaw Nationals Individual Final,21851725,Maud Dias,0.487053542977677,3262.299683980634,45,0.487053542977677,3262.299683980634,45,0.0,0,True,False
2026-03-29,260329.02,2026 USA Jigsaw Nationals Individual Final,21856865,Aloysia Larson,0.3981988659921512,3565.438501777051,84,0.3981988659921512,3565.438501777051,56,0.0,28,True,True
2026-03-29,260329.02,2026 USA Jigsaw Nationals Individual Final,21857882,Hope Thompson,0.3449450501343315,3760.4583969786913,117,0.3449450501343315,3760.4583969786913,133,0.0,16,True,True
2026-03-29,260329.02,2026 USA Jigsaw Nationals Individual Final,21890972,Kamila Lin,0.2588244770656445,4098.665517242747,174,0.2588244770656445,4098.665517242747,181,0.0,7,True,True
2026-03-29,260329.02,2026 USA Jigsaw Nationals Individual Final,21892775,Andrea Reynolds,0.2853240635794134,3991.479046724299,158,0.2853240635794134,3991.479046724299,168,0.0,10,True,True
2026-03-29,260329.02,2026 USA Jigsaw Nationals Individual Final,21896776,Tally Klinefelter,0.4450918147953138,3402.104121253635,59,0.4450918147953138,3402.104121253635,63,0.0,4,True,True
2026-03-29,260329.02,2026 USA Jigsaw Nationals Individual Final,21916024,Emmie Lee,0.281803263968757,4005.557012904302,160,0.281803263968757,4005.557012904302,170,0.0,10,True,True
2026-03-29,260329.02,2026 USA Jigsaw Nationals Individual Final,21918754,Karen Ni,0.3181723795491771,3862.495721983321,131,0.3181723795491771,3862.495721983321,144,0.0,13,True,True
2026-03-29,260329.02,2026 USA Jigsaw Nationals Individual Final,21922695,Mathew Nettlow,0.4815667552190425,3280.248425390379,47,0.4815667552190425,3280.248425390379,48,0.0,1,True,True
2026-03-29,260329.02,2026 USA Jigsaw Nationals Individual Final,21923506,Linnea Shieh,0.4524940847807512,3377.013805241742,56,0.4524940847807512,3377.013805241742,60,0.0,4,True,True
2026-03-29,260329.02,2026 USA Jigsaw Nationals Individual Final,21924024,Jasper Lee,0.544931773611284,3078.84381134626,26,0.544931773611284,3078.84381134626,18,0.0,8,True,True
2026-03-29,260329.02,2026 USA Jigsaw Nationals Individual Final,21924776,Nicholas Mueller,0.3611343061480544,3700.069517722184,104,0.3611343061480544,3700.069517722184,116,0.0,12,True,True
2026-03-29,260329.02,2026 USA Jigsaw Nationals Individual Final,21925090,Emma Pan,0.5965450253562952,2923.965926684615,18,0.5965450253562952,2923.965926684615,20,0.0,2,True,True
2026-03-29,260329.02,2026 USA Jigsaw Nationals Individual Final,21925368,Betsey English,0.2927205916986998,3962.064875191707,153,0.2927205916986998,3962.064875191707,164,0.0,11,True,True
2026-03-29,260329.02,2026 USA Jigsaw Nationals Individual Final,21926468,Meredith Yeager,0.2192243191198726,4264.229870811352,191,0.2192243191198726,4264.229870811352,194,0.0,3,True,True
2026-03-29,260329.02,2026 USA Jigsaw Nationals Individual Final,21927536,Skye Vandeleest,0.5060898053438547,3200.785053228892,38,0.5060898053438547,3200.785053228892,38,0.0,0,True,False
2026-03-29,260329.02,2026 USA Jigsaw Nationals Individual Final,21927541,Chloe Glikbarg,0.4811197507612509,3281.715038826144,48,0.4811197507612509,3281.715038826144,49,0.0,1,True,True
2026-03-29,260329.02,2026 USA Jigsaw Nationals Individual Final,21935409,Darya Leylian,0.2668013483527775,4066.101043942944,168,0.2668013483527775,4066.101043942944,176,0.0,8,True,True
2026-03-29,260329.02,2026 USA Jigsaw Nationals Individual Final,21936039,Caroline Orsi,0.3735788007471095,3654.309344262776,97,0.3735788007471095,3654.309344262776,110,0.0,13,True,True
2026-03-29,260329.02,2026 USA Jigsaw Nationals Individual Final,21939662,Scott Eng,0.2886111784717338,3978.380137112461,157,0.2886111784717338,3978.380137112461,167,0.0,10,True,True
2026-03-29,260329.02,2026 USA Jigsaw Nationals Individual Final,21942386,Megan Bailey,0.2474682820179785,4145.476054016138,182,0.2474682820179785,4145.476054016138,125,0.0,57,True,True
2026-03-29,260329.02,2026 USA Jigsaw Nationals Individual Final,21964658,Cosmo Smith,0.3667550866040788,3679.3305784041536,100,0.3667550866040788,3679.3305784041536,79,0.0,21,True,True
2026-03-29,260329.02,2026 USA Jigsaw Nationals Individual Final,21976246,Edith Lewis,0.3787114889120778,3635.6009671451206,94,0.3787114889120778,3635.6009671451206,94,0.0,0,True,False
2026-03-29,260329.02,2026 USA Jigsaw Nationals Individual Final,21988310,Ashley Bromiley,0.4087687925405887,3527.9505501704034,76,0.4087687925405887,3527.9505501704034,86,0.0,10,True,True
2026-03-29,260329.02,2026 USA Jigsaw Nationals Individual Final,21992691,Claire Bailey,0.3328928831916492,3806.0542820526753,126,0.3328928831916492,3806.0542820526753,126,0.0,0,True,False
2026-03-29,260329.02,2026 USA Jigsaw Nationals Individual Final,22035202,Rebecca Streitz,0.448483984080546,3390.583159721737,58,0.448483984080546,3390.583159721737,62,0.0,4,True,True
2026-03-29,260329.02,2026 USA Jigsaw Nationals Individual Final,22035203,Jessica Streitz,0.5111546635649621,3184.6145160454107,34,0.5111546635649621,3184.6145160454107,34,0.0,0,True,False
2026-03-29,260329.02,2026 USA Jigsaw Nationals Individual Final,22048522,CHARESE GAINOR,0.2914981806070846,3966.9111086821567,154,0.2914981806070846,3966.9111086821567,123,0.0,31,True,True
2026-03-29,260329.02,2026 USA Jigsaw Nationals Individual Final,22060891,Kirsty Weitzel,0.2578227776921089,4102.773204914313,175,0.2578227776921089,4102.773204914313,182,0.0,7,True,True
2026-03-29,260329.02,2026 USA Jigsaw Nationals Individual Final,22074241,Josh Nelson,0.2600037056803203,4093.835102224391,173,0.2600037056803203,4093.835102224391,180,0.0,7,True,True
2026-03-29,260329.02,2026 USA Jigsaw Nationals Individual Final,22076476,Kylie Ledingham,0.6173363567699023,2863.800410003465,13,0.6173363567699023,2863.800410003465,13,0.0,0,True,False
2026-03-29,260329.02,2026 USA Jigsaw Nationals Individual Final,22077461,Jessica Musser,0.3564008128086187,3717.625289424499,108,0.3564008128086187,3717.625289424499,119,0.0,11,True,True
2026-03-29,260329.02,2026 USA Jigsaw Nationals Individual Final,22195550,Carmen Dueñas,0.3206247102262194,3853.035210127311,129,0.3206247102262194,3853.035210127311,128,0.0,1,True,True
2026-03-29,260329.02,2026 USA Jigsaw Nationals Individual Final,22195650,Sarah Meyer,0.4003791340732696,3557.67335813986,81,0.4003791340732696,3557.67335813986,99,0.0,18,True,True
2026-03-29,260329.02,2026 USA Jigsaw Nationals Individual Final,22200681,Terri Gomez-Ferree,0.2701093069873743,4052.6727722142,164,0.2701093069873743,4052.6727722142,154,0.0,10,True,True
2026-03-29,260329.02,2026 USA Jigsaw Nationals Individual Final,22227286,Jennifer Knight,0.2678408417404515,4061.876554838791,165,0.2678408417404515,4061.876554838791,173,0.0,8,True,True
2026-03-29,260329.02,2026 USA Jigsaw Nationals Individual Final,22251076,Jessica Henderson,0.2360536823316231,4193.066097610435,184,0.2360536823316231,4193.066097610435,190,0.0,6,True,True
2026-03-29,260329.02,2026 USA Jigsaw Nationals Individual Final,22324939,Lindsey Anderson,0.2376695539260763,4186.296112396096,183,0.2376695539260763,4186.296112396096,189,0.0,6,True,True
2026-03-29,260329.02,2026 USA Jigsaw Nationals Individual Final,22389912,Tazia Statucki,0.1579373909212596,4533.745972486043,196,0.1579373909212596,4533.745972486043,127,0.0,69,True,True
2026-03-29,260329.02,2026 USA Jigsaw Nationals Individual Final,22392412,Elizabeth Alvarez,0.3043279548788787,3916.341625782744,146,0.3043279548788787,3916.341625782744,57,0.0,89,True,True
2026-03-29,260329.02,2026 USA Jigsaw Nationals Individual Final,22408132,Jen Lunsford,0.4416363107421852,3413.8804406756058,60,0.4416363107421852,3413.8804406756058,64,0.0,4,True,True
2026-03-29,260329.02,2026 USA Jigsaw Nationals Individual Final,22423946,Jennifer Sipple,0.5665049318920329,3013.1347508664594,22,0.5665049318920329,3013.1347508664594,23,0.0,1,True,True
2026-03-29,260329.02,2026 USA Jigsaw Nationals Individual Final,22465006,Calie Curran,0.3893231761576801,3597.225083288916,86,0.3893231761576801,3597.225083288916,47,0.0,39,True,True
2026-03-29,260329.02,2026 USA Jigsaw Nationals Individual Final,22477088,Samantha Saake,0.3491808035966916,3744.563709058004,111,0.3491808035966916,3744.563709058004,129,0.0,18,True,True
2026-03-29,260329.02,2026 USA Jigsaw Nationals Individual Final,22549913,Sabrina Monserate-Lindsay,0.3388346728992157,3783.5065611381447,120,0.3388346728992157,3783.5065611381447,90,0.0,30,True,True
2026-03-29,260329.02,2026 USA Jigsaw Nationals Individual Final,22555702,Rose Robbins,0.3386307520244293,3784.278175777347,121,0.3386307520244293,3784.278175777347,136,0.0,15,True,True
2026-03-29,260329.02,2026 USA Jigsaw Nationals Individual Final,22561030,Allie Arendell,0.5657968538442428,3015.269040971393,23,0.5657968538442428,3015.269040971393,24,0.0,1,True,True
2026-03-29,260329.02,2026 USA Jigsaw Nationals Individual Final,22623572,Melissa Harlow,0.4355185744064659,3434.8296767062097,65,0.4355185744064659,3434.8296767062097,74,0.0,9,True,True
2026-03-29,260329.02,2026 USA Jigsaw Nationals Individual Final,22630517,Manja Wurschke,0.1486925775258762,4575.853948271435,197,0.1486925775258762,4575.853948271435,153,0.0,44,True,True
2026-03-29,260329.02,2026 USA Jigsaw Nationals Individual Final,22640026,Leslie Richardson,0.4350223253057166,3436.5346308504927,66,0.4350223253057166,3436.5346308504927,75,0.0,9,True,True
2026-03-29,260329.02,2026 USA Jigsaw Nationals Individual Final,22676681,Sarah Hauge,0.2801219064327888,4012.297451329249,163,0.2801219064327888,4012.297451329249,172,0.0,9,True,True
2026-03-29,260329.02,2026 USA Jigsaw Nationals Individual Final,22690548,Melanie Palmiero,0.348503900639789,3747.09927337365,112,0.348503900639789,3747.09927337365,130,0.0,18,True,True
2026-03-29,260329.02,2026 USA Jigsaw Nationals Individual Final,22703189,Beatrice Endler,0.506193823899053,3200.452129507576,37,0.506193823899053,3200.452129507576,37,0.0,0,True,False
2026-03-29,260329.02,2026 USA Jigsaw Nationals Individual Final,22713270,Christina Harwell,0.4277687733088425,3461.552337412044,70,0.4277687733088425,3461.552337412044,81,0.0,11,True,True
2026-03-29,260329.02,2026 USA Jigsaw Nationals Individual Final,22729973,Ashley Tucker,0.2256789632102266,4236.794422953719,189,0.2256789632102266,4236.794422953719,193,0.0,4,True,True
2026-03-29,260329.02,2026 USA Jigsaw Nationals Individual Final,22732244,Amber Whitear,0.3348356194126448,3798.667300341663,124,0.3348356194126448,3798.667300341663,139,0.0,15,True,True
2026-03-29,260329.02,2026 USA Jigsaw Nationals Individual Final,22736994,Brooke Ouro-Djobo,0.2927676673369921,3961.87836284888,152,0.2927676673369921,3961.87836284888,97,0.0,55,True,True
2026-03-29,260329.02,2026 USA Jigsaw Nationals Individual Final,22755028,Jarom Chung,0.3853772137730824,3611.4476405399673,89,0.3853772137730824,3611.4476405399673,105,0.0,16,True,True
2026-03-29,260329.02,2026 USA Jigsaw Nationals Individual Final,22814742,Grayson Shannon,0.7252412563055983,2570.8707580654263,2,0.7252412563055983,2570.8707580654263,2,0.0,0,True,False
2026-03-29,260329.02,2026 USA Jigsaw Nationals Individual Final,22857066,Nathan Biberdorf,0.5704238405086591,3001.3496585609178,20,0.5704238405086591,3001.3496585609178,19,0.0,1,True,True
2026-03-29,260329.02,2026 USA Jigsaw Nationals Individual Final,22858691,Chelsea Suedkamp,0.3357778062125742,3795.08993169336,122,0.3357778062125742,3795.08993169336,137,0.0,15,True,True
2026-03-29,260329.02,2026 USA Jigsaw Nationals Individual Final,22860511,Lydia Utkin,0.2964764790296247,3947.211716778163,149,0.2964764790296247,3947.211716778163,161,0.0,12,True,True
2026-03-29,260329.02,2026 USA Jigsaw Nationals Individual Final,22861788,Xin Li Phuah,0.5462527836978819,3074.7793128292465,25,0.5462527836978819,3074.7793128292465,26,0.0,1,True,True
2026-03-29,260329.02,2026 USA Jigsaw Nationals Individual Final,22861870,Jenna Wyly,0.4036008805898206,3546.229880281981,78,0.4036008805898206,3546.229880281981,66,0.0,12,True,True
2026-03-29,260329.02,2026 USA Jigsaw Nationals Individual Final,22861932,Trish Doty,0.2499228433885322,4135.313206400468,180,0.2499228433885322,4135.313206400468,187,0.0,7,True,True
2026-03-29,260329.02,2026 USA Jigsaw Nationals Individual Final,22862046,Emma Williamson,0.6301693403874921,2827.2841139131647,11,0.6301693403874921,2827.2841139131647,7,0.0,4,True,True
2026-03-29,260329.02,2026 USA Jigsaw Nationals Individual Final,22862138,Michelle Bone,0.360101539487367,3703.892800101773,105,0.360101539487367,3703.892800101773,117,0.0,12,True,True
2026-03-29,260329.02,2026 USA Jigsaw Nationals Individual Final,22862145,Katie Ruberg,0.3623696387675286,3695.501523229834,101,0.3623696387675286,3695.501523229834,113,0.0,12,True,True
2026-03-29,260329.02,2026 USA Jigsaw Nationals Individual Final,22862266,Kaitlyn McCluskie,0.5307394606228272,3122.8512715145757,28,0.5307394606228272,3122.8512715145757,28,0.0,0,True,False
2026-03-29,260329.02,2026 USA Jigsaw Nationals Individual Final,22862692,Jennifer Hancock,0.2566463743960002,4107.602560913963,176,0.2566463743960002,4107.602560913963,183,0.0,7,True,True
2026-03-29,260329.02,2026 USA Jigsaw Nationals Individual Final,22870921,Abigail Ricketts-Savit,0.2523234671617266,4125.397781571737,177,0.2523234671617266,4125.397781571737,184,0.0,7,True,True
2026-03-29,260329.02,2026 USA Jigsaw Nationals Individual Final,22870980,Annabelle Platt,0.4331553396549771,3442.9565846769992,67,0.4331553396549771,3442.9565846769992,76,0.0,9,True,True
2026-03-29,260329.02,2026 USA Jigsaw Nationals Individual Final,22871012,Chelsea Fedie,0.3505267342763759,3739.5271760524174,110,0.3505267342763759,3739.5271760524174,121,0.0,11,True,True
2026-03-29,260329.02,2026 USA Jigsaw Nationals Individual Final,22871519,Grace Byrnes,0.3312342781306451,3812.3722610149,127,0.3312342781306451,3812.3722610149,141,0.0,14,True,True
2026-03-29,260329.02,2026 USA Jigsaw Nationals Individual Final,23740970,Rebecca Widmayer,0.2288326056904427,4223.454134388184,187,0.2288326056904427,4223.454134388184,157,0.0,30,True,True
2026-03-29,260329.02,2026 USA Jigsaw Nationals Individual Final,23741633,Kim Knaub,0.5068312165555358,3198.4128348075783,36,0.5068312165555358,3198.4128348075783,36,0.0,0,True,False
2026-03-29,260329.02,2026 USA Jigsaw Nationals Individual Final,23741737,Christopher Nammour,0.5218281853071363,3150.804222204406,31,0.5218281853071363,3150.804222204406,31,0.0,0,True,False
2026-03-29,260329.02,2026 USA Jigsaw Nationals Individual Final,23742686,Jessica Bradley,0.1935761603386748,4375.014148978686,195,0.1935761603386748,4375.014148978686,198,0.0,3,True,True
2026-03-29,260329.02,2026 USA Jigsaw Nationals Individual Final,23742868,Katie Erickson,0.3620684623890141,3696.614688616539,102,0.3620684623890141,3696.614688616539,114,0.0,12,True,True
2026-03-29,260329.02,2026 USA Jigsaw Nationals Individual Final,23750128,Jasmine Lambert,0.5100110490775143,3188.258570642556,35,0.5100110490775143,3188.258570642556,35,0.0,0,True,False
2026-03-29,260329.02,2026 USA Jigsaw Nationals Individual Final,23758655,Hannah Doyle,0.7079118468785525,2615.81069666587,3,0.7079118468785525,2615.81069666587,3,0.0,0,True,False
2026-03-29,260329.02,2026 USA Jigsaw Nationals Individual Final,23763793,Michael Ha,0.2888004294373529,3977.627296070108,156,0.2888004294373529,3977.627296070108,166,0.0,10,True,True
2026-03-29,260329.02,2026 USA Jigsaw Nationals Individual Final,23764523,Aubrey Barrow,0.3993978812508985,3561.166048489492,83,0.3993978812508985,3561.166048489492,101,0.0,18,True,True
2026-03-29,260329.02,2026 USA Jigsaw Nationals Individual Final,23764765,Timothy Miller,0.3862075635473564,3608.450120474125,87,0.3862075635473564,3608.450120474125,103,0.0,16,True,True
2026-03-29,260329.02,2026 USA Jigsaw Nationals Individual Final,23764984,Helen Hu,0.3618947761843449,3697.256795352859,103,0.3618947761843449,3697.256795352859,115,0.0,12,True,True
2026-03-29,260329.02,2026 USA Jigsaw Nationals Individual Final,23765316,Katie Wren,0.3441612566191905,3763.406975271526,118,0.3441612566191905,3763.406975271526,134,0.0,16,True,True
2026-03-29,260329.02,2026 USA Jigsaw Nationals Individual Final,23765860,Kate Yee,0.4778701109009209,3292.39677732809,49,0.4778701109009209,3292.39677732809,50,0.0,1,True,True
2026-03-29,260329.02,2026 USA Jigsaw Nationals Individual Final,23766346,Robyn Curtis,0.3471746378557817,3752.0834649019857,113,0.3471746378557817,3752.0834649019857,67,0.0,46,True,True
2026-03-29,260329.02,2026 USA Jigsaw Nationals Individual Final,23766473,Marisa Martin,0.2189258691048262,4265.502720211971,192,0.2189258691048262,4265.502720211971,195,0.0,3,True,True
2026-03-29,260329.02,2026 USA Jigsaw Nationals Individual Final,23766491,Maggie Kirkland,0.2004884704135265,4344.876973346621,194,0.2004884704135265,4344.876973346621,197,0.0,3,True,True
2026-03-29,260329.02,2026 USA Jigsaw Nationals Individual Final,23769192,Angela Harrow,0.347157704741515,3752.146999897958,114,0.347157704741515,3752.146999897958,131,0.0,17,True,True
2026-03-29,260329.02,2026 USA Jigsaw Nationals Individual Final,23786476,Bethany Quinn,0.3163901776557248,3869.385606931826,132,0.3163901776557248,3869.385606931826,145,0.0,13,True,True
2026-03-29,260329.02,2026 USA Jigsaw Nationals Individual Final,23820090,Matthew Swanson,0.2671796411432471,4064.563158136592,167,0.2671796411432471,4064.563158136592,175,0.0,8,True,True
2026-03-29,260329.02,2026 USA Jigsaw Nationals Individual Final,23838242,Rose Barrett,0.4216149986737244,3482.9196276989574,73,0.4216149986737244,3482.9196276989574,83,0.0,10,True,True
2026-03-29,260329.02,2026 USA Jigsaw Nationals Individual Final,23848490,Ryder Jackson,0.3079593077156621,3902.145798139341,143,0.3079593077156621,3902.145798139341,152,0.0,9,True,True
2026-03-29,260329.02,2026 USA Jigsaw Nationals Individual Final,23887118,Sarah Stubeck,0.5255394665316775,3139.132373805195,30,0.5255394665316775,3139.132373805195,30,0.0,0,True,False
2026-03-29,260329.02,2026 USA Jigsaw Nationals Individual Final,23887819,Chris Viox,0.5124876018194172,3180.37244936584,32,0.5124876018194172,3180.37244936584,32,0.0,0,True,False
2026-03-29,260329.02,2026 USA Jigsaw Nationals Individual Final,23888265,Feifei Xue,0.4213113332752659,3483.9774304764246,74,0.4213113332752659,3483.9774304764246,84,0.0,10,True,True
2026-03-29,260329.02,2026 USA Jigsaw Nationals Individual Final,23984023,Dakota Scully,0.3087652037404783,3899.002341172233,141,0.3087652037404783,3899.002341172233,151,0.0,10,True,True
2026-03-29,260329.02,2026 USA Jigsaw Nationals Individual Final,24108422,Melinda Shokler,0.5051113217344396,3203.9185017047207,39,0.5051113217344396,3203.9185017047207,39,0.0,0,True,False
2026-03-29,260329.02,2026 USA Jigsaw Nationals Individual Final,24124042,Amber Whitmill,0.613135222597215,2875.856927560996,16,0.613135222597215,2875.856927560996,16,0.0,0,True,False
2026-03-29,260329.02,2026 USA Jigsaw Nationals Individual Final,24126099,Nicole Pichette,0.3791594081065422,3633.9728763423054,93,0.3791594081065422,3633.9728763423054,107,0.0,14,True,True
2026-03-29,260329.02,2026 USA Jigsaw Nationals Individual Final,24179977,Emily Howard,0.2504815355773859,4133.003484485464,179,0.2504815355773859,4133.003484485464,186,0.0,7,True,True
2026-03-29,260329.02,2026 USA Jigsaw Nationals Individual Final,24184814,Alexandra Michonski,0.2813667234054838,4007.305982739301,161,0.2813667234054838,4007.305982739301,171,0.0,10,True,True
2026-03-29,260329.02,2026 USA Jigsaw Nationals Individual Final,24189640,Lizzy Klinnert,0.2621475318476536,4085.068032302228,171,0.2621475318476536,4085.068032302228,178,0.0,7,True,True
2026-03-29,260329.02,2026 USA Jigsaw Nationals Individual Final,24191389,Bethany Litus,0.3158643829678775,3871.420644288217,133,0.3158643829678775,3871.420644288217,92,0.0,41,True,True
2026-03-29,260329.02,2026 USA Jigsaw Nationals Individual Final,24193461,Shea Burkett,0.6371521922473732,2807.610377115953,10,0.6371521922473732,2807.610377115953,11,0.0,1,True,True
2026-03-29,260329.02,2026 USA Jigsaw Nationals Individual Final,24204399,Katie Hartzler,0.4309701165876519,3450.4884392196027,68,0.4309701165876519,3450.4884392196027,77,0.0,9,True,True
2026-03-29,260329.02,2026 USA Jigsaw Nationals Individual Final,24223016,Rebecca Watson,0.3120781977942326,3886.106343577492,138,0.3120781977942326,3886.106343577492,91,0.0,47,True,True
2026-03-29,260329.02,2026 USA Jigsaw Nationals Individual Final,24242286,Brittany Houghton,0.3288555591676186,3821.4516175439257,128,0.3288555591676186,3821.4516175439257,142,0.0,14,True,True
2026-03-29,260329.02,2026 USA Jigsaw Nationals Individual Final,24244256,Kelsie Foster,0.2958976697853848,3949.4970607341097,150,0.2958976697853848,3949.4970607341097,162,0.0,12,True,True
2026-03-29,260329.02,2026 USA Jigsaw Nationals Individual Final,24495053,Nicole Zern,0.2070464280677743,4316.476679887192,193,0.2070464280677743,4316.476679887192,196,0.0,3,True,True
2026-03-29,260329.02,2026 USA Jigsaw Nationals Individual Final,24511922,Carrie Grose,0.2308418195875103,4214.976830857637,186,0.2308418195875103,4214.976830857637,192,0.0,6,True,True
2026-03-29,260329.02,2026 USA Jigsaw Nationals Individual Final,24575932,Katie Motondo,0.3152810528257239,3873.6796194430817,134,0.3152810528257239,3873.6796194430817,146,0.0,12,True,True
2026-03-29,260329.02,2026 USA Jigsaw Nationals Individual Final,24581974,Jessica Rottenbacher,0.4761017898059404,3298.223942633714,50,0.4761017898059404,3298.223942633714,51,0.0,1,True,True
2026-03-29,260329.02,2026 USA Jigsaw Nationals Individual Final,24673353,Kate McCrea,0.2235064323591897,4246.008995394229,190,0.2235064323591897,4246.008995394229,95,0.0,95,True,True
2026-03-29,260329.02,2026 USA Jigsaw Nationals Individual Final,24675996,Taylor Puch,0.4195175282531191,3490.2326153019453,75,0.4195175282531191,3490.2326153019453,85,0.0,10,True,True
2026-03-29,260329.02,2026 USA Jigsaw Nationals Individual Final,24676248,Lewis Dracobly-Helsel,0.6170564120064009,2864.602228159119,14,0.6170564120064009,2864.602228159119,14,0.0,0,True,False
2026-03-29,260329.02,2026 USA Jigsaw Nationals Individual Final,24687010,Lindsey Niedzwiecki,0.3806790248006317,3628.454824217484,90,0.3806790248006317,3628.454824217484,69,0.0,21,True,True
2026-03-29,260329.02,2026 USA Jigsaw Nationals Individual Final,24699469,Sara Pierce,0.346233823366055,3755.615140457699,115,0.346233823366055,3755.615140457699,132,0.0,17,True,True
2026-03-29,260329.02,2026 USA Jigsaw Nationals Individual Final,24701381,Audrey Beasley,0.3793306723589797,3633.3505599860505,92,0.3793306723589797,3633.3505599860505,106,0.0,14,True,True
2026-03-29,260329.02,2026 USA Jigsaw Nationals Individual Final,24712137,Karina Krajec,0.306908512809829,3906.248308136657,144,0.306908512809829,3906.248308136657,158,0.0,14,True,True
2026-03-29,260329.02,2026 USA Jigsaw Nationals Individual Final,24712164,Elena Christenfeld,0.4227793703448937,3478.8665748393846,72,0.4227793703448937,3478.8665748393846,55,0.0,17,True,True
2026-03-29,260329.02,2026 USA Jigsaw Nationals Individual Final,24714504,Melanie Buhlmann,0.2658766261332253,4069.862796945452,169,0.2658766261332253,4069.862796945452,155,0.0,14,True,True
2026-03-29,260329.02,2026 USA Jigsaw Nationals Individual Final,24718041,Jennifer Fong,0.3432971155330476,3766.660495410483,119,0.3432971155330476,3766.660495410483,135,0.0,16,True,True
2026-03-29,260329.02,2026 USA Jigsaw Nationals Individual Final,24718370,Casey Abbott,0.4243578416935286,3473.379615268782,71,0.4243578416935286,3473.379615268782,82,0.0,11,True,True
2026-03-29,260329.02,2026 USA Jigsaw Nationals Individual Final,24718378,Arabella Etzold-Erickson,0.3138861744767267,3879.086701509338,136,0.3138861744767267,3879.086701509338,148,0.0,12,True,True
2026-03-29,260329.02,2026 USA Jigsaw Nationals Individual Final,24718500,Angela Kwon,0.3138022005509687,3879.412457325325,137,0.3138022005509687,3879.412457325325,149,0.0,12,True,True
2026-03-29,260329.02,2026 USA Jigsaw Nationals Individual Final,24718537,Hali Simmons,0.2521680211109874,4126.039108209165,178,0.2521680211109874,4126.039108209165,185,0.0,7,True,True
2026-03-29,260329.02,2026 USA Jigsaw Nationals Individual Final,24719111,Ben Weissmann,0.5120315799952523,3181.823099350612,33,0.5120315799952523,3181.823099350612,33,0.0,0,True,False
2026-03-29,260329.02,2026 USA Jigsaw Nationals Individual Final,24728793,Jamie Marsigit,0.3693907224931942,3669.645970839658,99,0.3693907224931942,3669.645970839658,112,0.0,13,True,True
2026-03-29,260329.02,2026 USA Jigsaw Nationals Individual Final,24826347,Kallen O'Connor,0.2837916274649489,3997.600422476332,159,0.2837916274649489,3997.600422476332,169,0.0,10,True,True
2026-03-29,260329.02,2026 USA Jigsaw Nationals Individual Final,24858852,Emily Russell,0.4698546566491625,3318.8928803673857,51,0.4698546566491625,3318.8928803673857,52,0.0,1,True,True
