event_date,event_id,event_name,member_key,full_name,external_combined_incoming_score,external_combined_predicted_time,external_combined_predicted_rank,external_nationals_soft_incoming_score,external_nationals_soft_predicted_time,external_nationals_soft_predicted_rank,time_diff,rank_diff,same_time,rank_flip_same_time
2025-04-12,250412.0,SDPC 319,17593434,Jonathan Cluff,0.1329500672541103,4094.4034620348734,40,0.1329500672541103,4094.4034620348734,41,0.0,1,True,True
2025-04-12,250412.0,SDPC 319,17731928,Kara Taylor,0.172430196505223,3935.905236176769,35,0.172430196505223,3935.905236176769,34,0.0,1,True,True
2025-04-12,250412.0,SDPC 319,17915498,Melynda Owens,0.2653629627400903,3586.6124023354573,24,0.2653629627400903,3586.6124023354573,33,0.0,9,True,True
2025-04-12,250412.0,SDPC 319,18624739,Katherine Dilks,0.4673528379301024,2930.632474389758,5,0.4673528379301024,2930.632474389758,8,0.0,3,True,True
2025-04-12,250412.0,SDPC 319,19548766,Lindsay Steenstra,0.1439771501330596,4049.502155917224,37,0.1439771501330596,4049.502155917224,38,0.0,1,True,True
2025-04-12,250412.0,SDPC 319,20453946,Sammy Brownlow,0.4075617242877758,3111.202710116528,14,0.4075617242877758,3111.202710116528,15,0.0,1,True,True
2025-04-12,250412.0,SDPC 319,20527721,Alexx Cisotto,0.2356388257268178,3694.821606395112,28,0.2356388257268178,3694.821606395112,23,0.0,5,True,True
2025-04-12,250412.0,SDPC 319,20533269,Elizaveta Gallagher,0.3121504784235659,3422.668879306524,20,0.3121504784235659,3422.668879306524,22,0.0,2,True,True
2025-04-12,250412.0,SDPC 319,20860009,Andrea Heistand,0.5002252432334008,2835.861740791101,3,0.5002252432334008,2835.861740791101,1,0.0,2,True,True
2025-04-12,250412.0,SDPC 319,21181439,Chelsea Widmaier,0.2593144260850978,3608.3718991363753,26,0.2593144260850978,3608.3718991363753,21,0.0,5,True,True
2025-04-12,250412.0,SDPC 319,21187349,Alison Filley,0.2221836347394756,3744.8721011544335,31,0.2221836347394756,3744.8721011544335,27,0.0,4,True,True
2025-04-12,250412.0,SDPC 319,21198876,Angie Gazdic,0.3026718902204408,3455.265187613613,21,0.3026718902204408,3455.265187613613,19,0.0,2,True,True
2025-04-12,250412.0,SDPC 319,21394027,Elizabeth Tashiro,0.2277014966745167,3724.2653189097455,30,0.2277014966745167,3724.2653189097455,25,0.0,5,True,True
2025-04-12,250412.0,SDPC 319,21550393,Sarah Eggerichs,0.1700592765694847,3945.248023490228,36,0.1700592765694847,3945.248023490228,35,0.0,1,True,True
2025-04-12,250412.0,SDPC 319,21594891,Kinsey Keltz,0.1896363712806943,3868.762652764974,34,0.1896363712806943,3868.762652764974,36,0.0,2,True,True
2025-04-12,250412.0,SDPC 319,21617866,Margaret Long,0.4431743909776561,3002.3541819675875,9,0.4431743909776561,3002.3541819675875,12,0.0,3,True,True
2025-04-12,250412.0,SDPC 319,21856865,Aloysia Larson,0.4238843157855616,3060.832027587177,11,0.4238843157855616,3060.832027587177,10,0.0,1,True,True
2025-04-12,250412.0,SDPC 319,21892775,Andrea Reynolds,0.33473092925928,3346.2495118460333,17,0.33473092925928,3346.2495118460333,18,0.0,1,True,True
2025-04-12,250412.0,SDPC 319,21916024,Emmie Lee,0.2040103062086968,3813.551064632061,33,0.2040103062086968,3813.551064632061,28,0.0,5,True,True
2025-04-12,250412.0,SDPC 319,21922205,Maria Seitz,0.209791260764403,3791.5686999769214,32,0.209791260764403,3791.5686999769214,31,0.0,1,True,True
2025-04-12,250412.0,SDPC 319,21927536,Skye Vandeleest,0.3814727032670888,3193.43901094118,15,0.3814727032670888,3193.43901094118,9,0.0,6,True,True
2025-04-12,250412.0,SDPC 319,21976246,Edith Lewis,0.4188142677370512,3076.389999541177,12,0.4188142677370512,3076.389999541177,11,0.0,1,True,True
2025-04-12,250412.0,SDPC 319,21988310,Ashley Bromiley,0.323762502784471,3383.1546291231043,18,0.323762502784471,3383.1546291231043,17,0.0,1,True,True
2025-04-12,250412.0,SDPC 319,22035203,Jessica Streitz,0.4514250399408503,2977.6847210241285,7,0.4514250399408503,2977.6847210241285,5,0.0,2,True,True
2025-04-12,250412.0,SDPC 319,22048522,CHARESE GAINOR,0.2801113230849276,3534.1039090732797,22,0.2801113230849276,3534.1039090732797,20,0.0,2,True,True
2025-04-12,250412.0,SDPC 319,22207268,Sarah Proctor,0.1086463008055524,4195.131970508751,41,0.1086463008055524,4195.131970508751,37,0.0,4,True,True
2025-04-12,250412.0,SDPC 319,22408132,Jen Lunsford,0.4163742046625543,3083.9057509064933,13,0.4163742046625543,3083.9057509064933,14,0.0,1,True,True
2025-04-12,250412.0,SDPC 319,22477088,Samantha Saake,0.3164442819625093,3408.004117893027,19,0.3164442819625093,3408.004117893027,26,0.0,7,True,True
2025-04-12,250412.0,SDPC 319,22549913,Sabrina Monserate-Lindsay,0.1348949020994106,4086.448261793972,39,0.1348949020994106,4086.448261793972,40,0.0,1,True,True
2025-04-12,250412.0,SDPC 319,22561030,Allie Arendell,0.4240228656501188,3060.4079791009312,10,0.4240228656501188,3060.4079791009312,13,0.0,3,True,True
2025-04-12,250412.0,SDPC 319,22609934,Christine Parsons,0.2640770548219603,3591.227422232261,25,0.2640770548219603,3591.227422232261,24,0.0,1,True,True
2025-04-12,250412.0,SDPC 319,22703189,Beatrice Endler,0.5180851951755217,2785.662994336092,1,0.5180851951755217,2785.662994336092,3,0.0,2,True,True
2025-04-12,250412.0,SDPC 319,22729973,Ashley Tucker,0.1422647802809452,4056.4423417117114,38,0.1422647802809452,4056.4423417117114,39,0.0,1,True,True
2025-04-12,250412.0,SDPC 319,22732244,Amber Whitear,0.2795958064664754,3535.926268057552,23,0.2795958064664754,3535.926268057552,30,0.0,7,True,True
2025-04-12,250412.0,SDPC 319,22860511,Lydia Utkin,0.2516245846791368,3636.226668892633,27,0.2516245846791368,3636.226668892633,32,0.0,5,True,True
2025-04-12,250412.0,SDPC 319,23741633,Kim Knaub,0.4627371461224956,2944.19063677148,6,0.4627371461224956,2944.19063677148,7,0.0,1,True,True
2025-04-12,250412.0,SDPC 319,23750128,Jasmine Lambert,0.4469800320864228,2990.950013319912,8,0.4469800320864228,2990.950013319912,6,0.0,2,True,True
2025-04-18,250418.03,IA2025 - Iowa Speed Puzzling Championship,21187349,Alison Filley,0.1722749883249461,4041.50521114482,3,0.1722749883249461,4041.50521114482,1,0.0,2,True,True
2025-04-18,250418.03,IA2025 - Iowa Speed Puzzling Championship,22477750,Jessica Norris,0.1943352067863959,3953.3249373976096,1,0.1943352067863959,3953.3249373976096,3,0.0,2,True,True
2025-04-26,250426.0,CO2025 - Colorado Speed Puzzling Championship,17915498,Melynda Owens,0.2566091522064731,4378.18284505756,4,0.2566091522064731,4378.18284505756,6,0.0,2,True,True
2025-04-26,250426.0,CO2025 - Colorado Speed Puzzling Championship,20865039,Whitney Presley,0.2047877213464932,4611.048140850197,6,0.2047877213464932,4611.048140850197,5,0.0,1,True,True
2025-04-26,250426.0,CO2025 - Colorado Speed Puzzling Championship,22819700,Kristin Blair,0.219458969114811,4543.892146799268,5,0.219458969114811,4543.892146799268,4,0.0,1,True,True
2025-05-03,250503.0,SDPC 332,17731921,Kaitlin MacKenzie,0.3831574091043576,3607.4523576880856,18,0.3831574091043576,3607.4523576880856,23,0.0,5,True,True
2025-05-03,250503.0,SDPC 332,17915498,Melynda Owens,0.2570251479306247,4092.4101134284288,32,0.2570251479306247,4092.4101134284288,38,0.0,6,True,True
2025-05-03,250503.0,SDPC 332,18518434,Elizabeth McElveen,0.1321801701449132,4636.589359281363,55,0.1321801701449132,4636.589359281363,56,0.0,1,True,True
2025-05-03,250503.0,SDPC 332,19548766,Lindsay Steenstra,0.1485119672338592,4561.480523274627,49,0.1485119672338592,4561.480523274627,44,0.0,5,True,True
2025-05-03,250503.0,SDPC 332,19958106,Taylor Reed,0.3321308259339836,3796.3056189213567,24,0.3321308259339836,3796.3056189213567,19,0.0,5,True,True
2025-05-03,250503.0,SDPC 332,20453946,Sammy Brownlow,0.4234342175176202,3465.042841737894,12,0.4234342175176202,3465.042841737894,17,0.0,5,True,True
2025-05-03,250503.0,SDPC 332,20527721,Alexx Cisotto,0.2326863581601193,4193.236441014386,34,0.2326863581601193,4193.236441014386,28,0.0,6,True,True
2025-05-03,250503.0,SDPC 332,20563304,Jessica Derby,0.3559714495824562,3706.869665913248,21,0.3559714495824562,3706.869665913248,18,0.0,3,True,True
2025-05-03,250503.0,SDPC 332,20814175,Carolyn Canterman,0.183934967253377,4402.7275516436985,45,0.183934967253377,4402.7275516436985,50,0.0,5,True,True
2025-05-03,250503.0,SDPC 332,21113122,Jeremy Seidling,0.2630641562627158,4067.770488986852,31,0.2630641562627158,4067.770488986852,29,0.0,2,True,True
2025-05-03,250503.0,SDPC 332,21198876,Angie Gazdic,0.2801044574309865,3999.0416974916766,29,0.2801044574309865,3999.0416974916766,24,0.0,5,True,True
2025-05-03,250503.0,SDPC 332,21394027,Elizabeth Tashiro,0.2188114792786046,4251.822586716611,37,0.2188114792786046,4251.822586716611,30,0.0,7,True,True
2025-05-03,250503.0,SDPC 332,21412436,Iryna Shvydchenko,0.529420153088516,3116.588771231683,4,0.529420153088516,3116.588771231683,2,0.0,2,True,True
2025-05-03,250503.0,SDPC 332,21594891,Kinsey Keltz,0.1660037521328128,4482.385857239989,46,0.1660037521328128,4482.385857239989,40,0.0,6,True,True
2025-05-03,250503.0,SDPC 332,21654699,Kelsi Cook,0.3782697971322597,3625.127344071725,19,0.3782697971322597,3625.127344071725,25,0.0,6,True,True
2025-05-03,250503.0,SDPC 332,21856865,Aloysia Larson,0.393189204861525,3571.444048414105,17,0.393189204861525,3571.444048414105,10,0.0,7,True,True
2025-05-03,250503.0,SDPC 332,21858254,Kara Bingham,0.2284109523585551,4211.202607380492,35,0.2284109523585551,4211.202607380492,32,0.0,3,True,True
2025-05-03,250503.0,SDPC 332,21892775,Andrea Reynolds,0.3420231925684245,3758.936312067565,23,0.3420231925684245,3758.936312067565,21,0.0,2,True,True
2025-05-03,250503.0,SDPC 332,21900482,Hiromi Kimura,0.1306502070703839,4643.688599195467,56,0.1306502070703839,4643.688599195467,57,0.0,1,True,True
2025-05-03,250503.0,SDPC 332,21922205,Maria Seitz,0.1526879629982869,4542.471518316735,47,0.1526879629982869,4542.471518316735,35,0.0,12,True,True
2025-05-03,250503.0,SDPC 332,21924024,Jasper Lee,0.4883582552059754,3247.225563593149,7,0.4883582552059754,3247.225563593149,12,0.0,5,True,True
2025-05-03,250503.0,SDPC 332,21924776,Nicholas Mueller,0.2903715870630389,3958.1930758602593,25,0.2903715870630389,3958.1930758602593,22,0.0,3,True,True
2025-05-03,250503.0,SDPC 332,21925075,Diana Jaffe,0.4041029662970969,3532.678086105771,15,0.4041029662970969,3532.678086105771,13,0.0,2,True,True
2025-05-03,250503.0,SDPC 332,21925090,Emma Pan,0.5952872211844255,2917.922799308366,2,0.5952872211844255,2917.922799308366,1,0.0,1,True,True
2025-05-03,250503.0,SDPC 332,21926468,Meredith Yeager,0.1926833563954146,4364.3787673623965,43,0.1926833563954146,4364.3787673623965,41,0.0,2,True,True
2025-05-03,250503.0,SDPC 332,21926827,Emily Boudreaux,0.1987640433620093,4337.920868896404,41,0.1987640433620093,4337.920868896404,47,0.0,6,True,True
2025-05-03,250503.0,SDPC 332,21927536,Skye Vandeleest,0.3943318681168273,3567.365421224105,16,0.3943318681168273,3567.365421224105,9,0.0,7,True,True
2025-05-03,250503.0,SDPC 332,21939662,Scott Eng,0.2685611623960975,4045.471275268384,30,0.2685611623960975,4045.471275268384,34,0.0,4,True,True
2025-05-03,250503.0,SDPC 332,21968495,Jennifer Morrow,0.1266193046939394,4662.444631076238,57,0.1266193046939394,4662.444631076238,58,0.0,1,True,True
2025-05-03,250503.0,SDPC 332,21978123,Tiffany Jiamachello,0.1216620730649053,4685.614831646615,59,0.1216620730649053,4685.614831646615,60,0.0,1,True,True
2025-05-03,250503.0,SDPC 332,22060891,Kirsty Weitzel,0.2235513540947979,4231.717166144606,36,0.2235513540947979,4231.717166144606,37,0.0,1,True,True
2025-05-03,250503.0,SDPC 332,22207268,Sarah Proctor,0.1145255467486122,4719.173448749454,60,0.1145255467486122,4719.173448749454,43,0.0,17,True,True
2025-05-03,250503.0,SDPC 332,22251076,Jessica Henderson,0.1423459153782362,4589.693741413295,54,0.1423459153782362,4589.693741413295,42,0.0,12,True,True
2025-05-03,250503.0,SDPC 332,22408132,Jen Lunsford,0.4225557869745938,3468.0879784777217,13,0.4225557869745938,3468.0879784777217,16,0.0,3,True,True
2025-05-03,250503.0,SDPC 332,22477087,Toni MacReynolds,0.1478714761956993,4564.403046495575,50,0.1478714761956993,4564.403046495575,52,0.0,2,True,True
2025-05-03,250503.0,SDPC 332,22549913,Sabrina Monserate-Lindsay,0.2449201782865472,4142.2496581283385,33,0.2449201782865472,4142.2496581283385,39,0.0,6,True,True
2025-05-03,250503.0,SDPC 332,22561030,Allie Arendell,0.4410705963812562,3404.467766002172,10,0.4410705963812562,3404.467766002172,15,0.0,5,True,True
2025-05-03,250503.0,SDPC 332,22608003,Rushing Smith III,0.1253620601537001,4668.310150556381,58,0.1253620601537001,4668.310150556381,59,0.0,1,True,True
2025-05-03,250503.0,SDPC 332,22700663,Carter Lennon,0.1437543328374385,4583.234086628587,53,0.1437543328374385,4583.234086628587,55,0.0,2,True,True
2025-05-03,250503.0,SDPC 332,22703189,Beatrice Endler,0.4599574800962535,3340.771385698122,9,0.4599574800962535,3340.771385698122,7,0.0,2,True,True
2025-05-03,250503.0,SDPC 332,22713270,Christina Harwell,0.2893179406493087,3962.36580970648,27,0.2893179406493087,3962.36580970648,31,0.0,4,True,True
2025-05-03,250503.0,SDPC 332,22729973,Ashley Tucker,0.2115995660101415,4282.597200982851,39,0.2115995660101415,4282.597200982851,45,0.0,6,True,True
2025-05-03,250503.0,SDPC 332,22732244,Amber Whitear,0.289099317875994,3963.232167808038,28,0.289099317875994,3963.232167808038,33,0.0,5,True,True
2025-05-03,250503.0,SDPC 332,22814742,Grayson Shannon,0.6501283346241165,2762.209435512226,1,0.6501283346241165,2762.209435512226,4,0.0,3,True,True
2025-05-03,250503.0,SDPC 332,22860511,Lydia Utkin,0.213057237217371,4276.359129983619,38,0.213057237217371,4276.359129983619,36,0.0,2,True,True
2025-05-03,250503.0,SDPC 332,23749556,Audrey Nelson,0.1508025190833706,4551.044172689563,48,0.1508025190833706,4551.044172689563,51,0.0,3,True,True
2025-05-03,250503.0,SDPC 332,23764458,Megan Banks,0.1917814157661275,4368.316953632405,44,0.1917814157661275,4368.316953632405,49,0.0,5,True,True
2025-05-03,250503.0,SDPC 332,23848490,Ryder Jackson,0.2041556228398818,4314.595560394189,40,0.2041556228398818,4314.595560394189,46,0.0,6,True,True
2025-05-03,250503.0,SDPC 332,23855343,Elizabeth Winters,0.1461707086228243,4572.17264045045,52,0.1461707086228243,4572.17264045045,54,0.0,2,True,True
2025-05-03,250503.0,SDPC 332,23887819,Chris Viox,0.3505537530803754,3727.006860084548,22,0.3505537530803754,3727.006860084548,27,0.0,5,True,True
2025-05-03,250503.0,SDPC 332,24004029,Sara Feyereisen,0.1468308872328403,4569.155186010958,51,0.1468308872328403,4569.155186010958,53,0.0,2,True,True
2025-05-03,250503.0,SDPC 332,24174014,Danielle Rumph,0.1959642602594343,4350.083124339316,42,0.1959642602594343,4350.083124339316,48,0.0,6,True,True
2025-05-24,250524.0,VA2025 - Virginia Speed Puzzling Championship,17915498,Melynda Owens,0.2565907376667218,4263.452323959299,12,0.2565907376667218,4263.452323959299,19,0.0,7,True,True
2025-05-24,250524.0,VA2025 - Virginia Speed Puzzling Championship,20850953,Aimee Seligstein,0.3034779432856982,4068.1649727891686,7,0.3034779432856982,4068.1649727891686,13,0.0,6,True,True
2025-05-24,250524.0,VA2025 - Virginia Speed Puzzling Championship,21181439,Chelsea Widmaier,0.2292941755010362,4381.432820806574,18,0.2292941755010362,4381.432820806574,12,0.0,6,True,True
2025-05-24,250524.0,VA2025 - Virginia Speed Puzzling Championship,21414212,Kelley Vallecillo,0.2884998703520923,4129.556862830078,11,0.2884998703520923,4129.556862830078,10,0.0,1,True,True
2025-05-24,250524.0,VA2025 - Virginia Speed Puzzling Championship,21583590,Lindsay Wang,0.3680690984433143,3813.703926138229,5,0.3680690984433143,3813.703926138229,6,0.0,1,True,True
2025-05-24,250524.0,VA2025 - Virginia Speed Puzzling Championship,21594891,Kinsey Keltz,0.1609366042038018,4691.410906825803,24,0.1609366042038018,4691.410906825803,21,0.0,3,True,True
2025-05-24,250524.0,VA2025 - Virginia Speed Puzzling Championship,21933468,Laurie Marcey,0.2052524735000976,4488.046373452013,19,0.2052524735000976,4488.046373452013,15,0.0,4,True,True
2025-05-24,250524.0,VA2025 - Virginia Speed Puzzling Championship,22060891,Kirsty Weitzel,0.2429748970166856,4321.899814311201,14,0.2429748970166856,4321.899814311201,17,0.0,3,True,True
2025-05-24,250524.0,VA2025 - Virginia Speed Puzzling Championship,22408132,Jen Lunsford,0.4112848466317179,3652.4023449910974,3,0.4112848466317179,3652.4023449910974,5,0.0,2,True,True
2025-05-24,250524.0,VA2025 - Virginia Speed Puzzling Championship,22477087,Toni MacReynolds,0.1830232919046487,4588.929087260316,21,0.1830232919046487,4588.929087260316,24,0.0,3,True,True
2025-05-24,250524.0,VA2025 - Virginia Speed Puzzling Championship,22477088,Samantha Saake,0.3154974731668542,4019.560230568531,6,0.3154974731668542,4019.560230568531,14,0.0,8,True,True
2025-05-24,250524.0,VA2025 - Virginia Speed Puzzling Championship,22549913,Sabrina Monserate-Lindsay,0.2393667282234267,4337.522125367656,16,0.2393667282234267,4337.522125367656,20,0.0,4,True,True
2025-05-24,250524.0,VA2025 - Virginia Speed Puzzling Championship,22861870,Jenna Wyly,0.2986967201472946,4087.662350802713,9,0.2986967201472946,4087.662350802713,3,0.0,6,True,True
2025-05-24,250524.0,VA2025 - Virginia Speed Puzzling Championship,22862138,Michelle Bone,0.2998025935911381,4083.14441215618,8,0.2998025935911381,4083.14441215618,9,0.0,1,True,True
2025-05-24,250524.0,VA2025 - Virginia Speed Puzzling Championship,23740970,Rebecca Widmayer,0.1938692949979819,4539.426486139393,20,0.1938692949979819,4539.426486139393,18,0.0,2,True,True
2025-05-24,250524.0,VA2025 - Virginia Speed Puzzling Championship,23763793,Michael Ha,0.2503536312031067,4290.127030023408,13,0.2503536312031067,4290.127030023408,11,0.0,2,True,True
2025-05-24,250524.0,VA2025 - Virginia Speed Puzzling Championship,24184814,Alexandra Michonski,0.2396145492814777,4336.447329229283,15,0.2396145492814777,4336.447329229283,8,0.0,7,True,True
2025-05-24,250524.0,VA2025 - Virginia Speed Puzzling Championship,24719281,Caitlyn McMahan,0.2971081055904745,4094.1612314580007,10,0.2971081055904745,4094.1612314580007,7,0.0,3,True,True
2025-05-24,250524.0,VA2025 - Virginia Speed Puzzling Championship,24728793,Jamie Marsigit,0.2381431883367664,4342.83250476533,17,0.2381431883367664,4342.83250476533,16,0.0,1,True,True
2025-06-20,250620.0,OH2025 - Ohio Speed Puzzling Championship,17731877,Josh Trauger,0.3769113757063375,3979.041801827386,6,0.3769113757063375,3979.041801827386,9,0.0,3,True,True
2025-06-20,250620.0,OH2025 - Ohio Speed Puzzling Championship,17915498,Melynda Owens,0.2577927713210661,4482.404590505499,13,0.2577927713210661,4482.404590505499,14,0.0,1,True,True
2025-06-20,250620.0,OH2025 - Ohio Speed Puzzling Championship,19958106,Taylor Reed,0.3426347605018904,4117.794284682261,8,0.3426347605018904,4117.794284682261,5,0.0,3,True,True
2025-06-20,250620.0,OH2025 - Ohio Speed Puzzling Championship,21552281,Rita Loeffler,0.2356677515512009,4582.683122303275,14,0.2356677515512009,4582.683122303275,12,0.0,2,True,True
2025-06-20,250620.0,OH2025 - Ohio Speed Puzzling Championship,21594891,Kinsey Keltz,0.1684180711858821,4901.46598763766,17,0.1684180711858821,4901.46598763766,16,0.0,1,True,True
2025-06-20,250620.0,OH2025 - Ohio Speed Puzzling Championship,21924776,Nicholas Mueller,0.3205863605606287,4209.593352384807,11,0.3205863605606287,4209.593352384807,10,0.0,1,True,True
2025-06-20,250620.0,OH2025 - Ohio Speed Puzzling Championship,21926468,Meredith Yeager,0.1384183584819112,5050.736398923466,19,0.1384183584819112,5050.736398923466,17,0.0,2,True,True
2025-06-20,250620.0,OH2025 - Ohio Speed Puzzling Championship,21976246,Edith Lewis,0.4008144031398202,3885.0583754688446,5,0.4008144031398202,3885.0583754688446,4,0.0,1,True,True
2025-06-20,250620.0,OH2025 - Ohio Speed Puzzling Championship,21988310,Ashley Bromiley,0.3348798393558843,4149.851594954913,9,0.3348798393558843,4149.851594954913,8,0.0,1,True,True
2025-06-20,250620.0,OH2025 - Ohio Speed Puzzling Championship,22195650,Sarah Meyer,0.2938595450454213,4323.619365888425,12,0.2938595450454213,4323.619365888425,11,0.0,1,True,True
2025-06-20,250620.0,OH2025 - Ohio Speed Puzzling Championship,22251076,Jessica Henderson,0.1213499597156299,5137.684301712837,20,0.1213499597156299,5137.684301712837,18,0.0,2,True,True
2025-06-20,250620.0,OH2025 - Ohio Speed Puzzling Championship,22465006,Calie Curran,0.322418139961841,4201.889364152083,10,0.322418139961841,4201.889364152083,13,0.0,3,True,True
2025-06-20,250620.0,OH2025 - Ohio Speed Puzzling Championship,22607906,Jason Pipkin,0.2140742580901362,4682.715396587327,15,0.2140742580901362,4682.715396587327,20,0.0,5,True,True
2025-06-20,250620.0,OH2025 - Ohio Speed Puzzling Championship,22871573,Carley Lauer,0.1874342508950852,4809.139460697656,16,0.1874342508950852,4809.139460697656,15,0.0,1,True,True
2025-06-20,250620.0,OH2025 - Ohio Speed Puzzling Championship,23750482,Amber Spires,0.1522310018249483,4981.4519804620695,18,0.1522310018249483,4981.4519804620695,19,0.0,1,True,True
2025-06-20,250620.0,OH2025 - Ohio Speed Puzzling Championship,23764523,Aubrey Barrow,0.4151777628468205,3829.654728301896,4,0.4151777628468205,3829.654728301896,6,0.0,2,True,True
2025-07-05,250705.0,SPDC 366,17593434,Jonathan Cluff,0.1320901246853167,6859.513868154656,59,0.1320901246853167,6859.513868154656,60,0.0,1,True,True
2025-07-05,250705.0,SPDC 366,17731921,Kaitlin MacKenzie,0.4385796412282482,5048.7821610835545,11,0.4385796412282482,5048.7821610835545,17,0.0,6,True,True
2025-07-05,250705.0,SPDC 366,17731928,Kara Taylor,0.205648512660448,6373.050157103038,45,0.205648512660448,6373.050157103038,46,0.0,1,True,True
2025-07-05,250705.0,SPDC 366,17887918,Aly Krasny,0.3557562512681276,5484.744153843413,22,0.3557562512681276,5484.744153843413,27,0.0,5,True,True
2025-07-05,250705.0,SPDC 366,17915498,Melynda Owens,0.2604952508437789,6032.921866575149,34,0.2604952508437789,6032.921866575149,39,0.0,5,True,True
2025-07-05,250705.0,SPDC 366,18518434,Elizabeth McElveen,0.2939218225882289,5834.5951285601095,31,0.2939218225882289,5834.5951285601095,35,0.0,4,True,True
2025-07-05,250705.0,SPDC 366,18956787,Kelly Buhr,0.4140186787287138,5174.320470508703,14,0.4140186787287138,5174.320470508703,11,0.0,3,True,True
2025-07-05,250705.0,SPDC 366,19548766,Lindsay Steenstra,0.1787618609590695,6546.724434671031,51,0.1787618609590695,6546.724434671031,54,0.0,3,True,True
2025-07-05,250705.0,SPDC 366,19573602,Isabel Urrutia,0.1700175963719047,6604.221744789824,53,0.1700175963719047,6604.221744789824,55,0.0,2,True,True
2025-07-05,250705.0,SPDC 366,20453946,Sammy Brownlow,0.4509404830274134,4986.759081955419,9,0.4509404830274134,4986.759081955419,16,0.0,7,True,True
2025-07-05,250705.0,SPDC 366,20533269,Elizaveta Gallagher,0.286935115332589,5875.502474098088,32,0.286935115332589,5875.502474098088,29,0.0,3,True,True
2025-07-05,250705.0,SPDC 366,20720304,Lisa George,0.1270251418560519,6894.345324012915,60,0.1270251418560519,6894.345324012915,61,0.0,1,True,True
2025-07-05,250705.0,SPDC 366,20739624,Mari Black,0.6209344161602635,4207.178710605152,1,0.6209344161602635,4207.178710605152,3,0.0,2,True,True
2025-07-05,250705.0,SPDC 366,21198876,Angie Gazdic,0.3073477957203126,5756.783528190807,27,0.3073477957203126,5756.783528190807,24,0.0,3,True,True
2025-07-05,250705.0,SPDC 366,21394027,Elizabeth Tashiro,0.2057708491281889,6372.27054834634,44,0.2057708491281889,6372.27054834634,30,0.0,14,True,True
2025-07-05,250705.0,SPDC 366,21550393,Sarah Eggerichs,0.1249012878510232,6909.003467309608,62,0.1249012878510232,6909.003467309608,48,0.0,14,True,True
2025-07-05,250705.0,SPDC 366,21594891,Kinsey Keltz,0.1762918014662226,6562.91522137922,52,0.1762918014662226,6562.91522137922,49,0.0,3,True,True
2025-07-05,250705.0,SPDC 366,21654699,Kelsi Cook,0.3637234059572823,5441.21996095465,21,0.3637234059572823,5441.21996095465,25,0.0,4,True,True
2025-07-05,250705.0,SPDC 366,21858254,Kara Bingham,0.2403096070041263,6155.9376783925245,37,0.2403096070041263,6155.9376783925245,32,0.0,5,True,True
2025-07-05,250705.0,SPDC 366,21892775,Andrea Reynolds,0.3170793973948569,5701.032517270112,25,0.3170793973948569,5701.032517270112,22,0.0,3,True,True
2025-07-05,250705.0,SPDC 366,21916024,Emmie Lee,0.2245765193751144,6253.555486486454,39,0.2245765193751144,6253.555486486454,31,0.0,8,True,True
2025-07-05,250705.0,SPDC 366,21924776,Nicholas Mueller,0.3107735198665953,5737.09611692704,26,0.3107735198665953,5737.09611692704,23,0.0,3,True,True
2025-07-05,250705.0,SPDC 366,21925075,Diana Jaffe,0.4104950185563639,5192.585177882421,15,0.4104950185563639,5192.585177882421,14,0.0,1,True,True
2025-07-05,250705.0,SPDC 366,21925090,Emma Pan,0.5720900024957465,4417.777301822772,3,0.5720900024957465,4417.777301822772,1,0.0,2,True,True
2025-07-05,250705.0,SPDC 366,21927536,Skye Vandeleest,0.3970448431299369,5262.898160409164,18,0.3970448431299369,5262.898160409164,10,0.0,8,True,True
2025-07-05,250705.0,SPDC 366,21927541,Chloe Glikbarg,0.4209550248446797,5138.553781281419,13,0.4209550248446797,5138.553781281419,12,0.0,1,True,True
2025-07-05,250705.0,SPDC 366,21936039,Caroline Orsi,0.3364969508235798,5591.400253572752,24,0.3364969508235798,5591.400253572752,28,0.0,4,True,True
2025-07-05,250705.0,SPDC 366,21939662,Scott Eng,0.2738859793261333,5952.675128141627,33,0.2738859793261333,5952.675128141627,36,0.0,3,True,True
2025-07-05,250705.0,SPDC 366,21964658,Cosmo Smith,0.3870283294133949,5315.87895046157,19,0.3870283294133949,5315.87895046157,18,0.0,1,True,True
2025-07-05,250705.0,SPDC 366,21988310,Ashley Bromiley,0.4048616498150916,5221.919472783312,16,0.4048616498150916,5221.919472783312,21,0.0,5,True,True
2025-07-05,250705.0,SPDC 366,22035202,Rebecca Streitz,0.3459876132060313,5538.5851829551975,23,0.3459876132060313,5538.5851829551975,19,0.0,4,True,True
2025-07-05,250705.0,SPDC 366,22035203,Jessica Streitz,0.4413185632292047,5034.972860475914,10,0.4413185632292047,5034.972860475914,8,0.0,2,True,True
2025-07-05,250705.0,SPDC 366,22048522,CHARESE GAINOR,0.2961497126957378,5821.610761034504,30,0.2961497126957378,5821.610761034504,26,0.0,4,True,True
2025-07-05,250705.0,SPDC 366,22060891,Kirsty Weitzel,0.2200216677121632,6282.104472934606,40,0.2200216677121632,6282.104472934606,38,0.0,2,True,True
2025-07-05,250705.0,SPDC 366,22207268,Sarah Proctor,0.137841834483417,6820.173181591364,57,0.137841834483417,6820.173181591364,53,0.0,4,True,True
2025-07-05,250705.0,SPDC 366,22407890,Selina Gilbertson,0.1551993163364645,6702.813629022904,55,0.1551993163364645,6702.813629022904,57,0.0,2,True,True
2025-07-05,250705.0,SPDC 366,22408132,Jen Lunsford,0.429211852794793,5096.300306685004,12,0.429211852794793,5096.300306685004,15,0.0,3,True,True
2025-07-05,250705.0,SPDC 366,22477750,Jessica Norris,0.2071856973555741,6363.261127640965,43,0.2071856973555741,6363.261127640965,44,0.0,1,True,True
2025-07-05,250705.0,SPDC 366,22549913,Sabrina Monserate-Lindsay,0.2558587227529712,6060.958624660969,36,0.2558587227529712,6060.958624660969,41,0.0,5,True,True
2025-07-05,250705.0,SPDC 366,22557667,Angela Morford,0.2050967108293455,6376.567788277842,46,0.2050967108293455,6376.567788277842,47,0.0,1,True,True
2025-07-05,250705.0,SPDC 366,22608003,Rushing Smith III,0.1326477902371565,6855.689619992857,58,0.1326477902371565,6855.689619992857,59,0.0,1,True,True
2025-07-05,250705.0,SPDC 366,22640026,Leslie Richardson,0.3979905432978506,5257.92338942679,17,0.3979905432978506,5257.92338942679,13,0.0,4,True,True
2025-07-05,250705.0,SPDC 366,22700663,Carter Lennon,0.1270140970675827,6894.421471019162,61,0.1270140970675827,6894.421471019162,62,0.0,1,True,True
2025-07-05,250705.0,SPDC 366,22703189,Beatrice Endler,0.4841444366225719,4823.897747547554,8,0.4841444366225719,4823.897747547554,6,0.0,2,True,True
2025-07-05,250705.0,SPDC 366,22713270,Christina Harwell,0.2980010801306893,5810.842791262513,29,0.2980010801306893,5810.842791262513,34,0.0,5,True,True
2025-07-05,250705.0,SPDC 366,22729973,Ashley Tucker,0.2077081185745227,6359.937693198102,41,0.2077081185745227,6359.937693198102,42,0.0,1,True,True
2025-07-05,250705.0,SPDC 366,22732244,Amber Whitear,0.3002378319462528,5797.859903261197,28,0.3002378319462528,5797.859903261197,33,0.0,5,True,True
2025-07-05,250705.0,SPDC 366,22757315,Shalise Hassing,0.1390252307875891,6812.106987547915,56,0.1390252307875891,6812.106987547915,58,0.0,2,True,True
2025-07-05,250705.0,SPDC 366,22825074,Katherine Wood,0.1686230790997564,6613.437870611817,54,0.1686230790997564,6613.437870611817,56,0.0,2,True,True
2025-07-05,250705.0,SPDC 366,22842370,Samantha Burton,0.2073458011549895,6362.242426908868,42,0.2073458011549895,6362.242426908868,43,0.0,1,True,True
2025-07-05,250705.0,SPDC 366,22860511,Lydia Utkin,0.2291685406134737,6224.904859366847,38,0.2291685406134737,6224.904859366847,37,0.0,1,True,True
2025-07-05,250705.0,SPDC 366,23750128,Jasmine Lambert,0.4866728673549907,4811.716262742531,6,0.4866728673549907,4811.716262742531,9,0.0,3,True,True
2025-07-05,250705.0,SPDC 366,23764458,Megan Banks,0.1908460077456363,6468.088934001555,48,0.1908460077456363,6468.088934001555,51,0.0,3,True,True
2025-07-05,250705.0,SPDC 366,23766491,Maggie Kirkland,0.1855342717793502,6502.5371234739805,49,0.1855342717793502,6502.5371234739805,45,0.0,4,True,True
2025-07-05,250705.0,SPDC 366,23786476,Bethany Quinn,0.2582704451617871,6046.358887260392,35,0.2582704451617871,6046.358887260392,40,0.0,5,True,True
2025-07-05,250705.0,SPDC 366,23848490,Ryder Jackson,0.1929981553887342,6454.183620158249,47,0.1929981553887342,6454.183620158249,50,0.0,3,True,True
2025-07-05,250705.0,SPDC 366,23994944,Cassie VonRueden,0.1851368565010463,6505.121844644409,50,0.1851368565010463,6505.121844644409,52,0.0,2,True,True
2025-07-12,250712.0,WA2025 - Washington Speed Puzzling Championship,17915498,Melynda Owens,0.2577530947890185,4419.6417143668405,14,0.2577530947890185,4419.6417143668405,15,0.0,1,True,True
2025-07-12,250712.0,WA2025 - Washington Speed Puzzling Championship,20859985,Jessa Douglas,0.5780859543702973,3208.250500430403,2,0.5780859543702973,3208.250500430403,3,0.0,1,True,True
2025-07-12,250712.0,WA2025 - Washington Speed Puzzling Championship,21249910,Lena Nguyen-Vo,0.2797705438835191,4323.3959095023865,11,0.2797705438835191,4323.3959095023865,12,0.0,1,True,True
2025-07-12,250712.0,WA2025 - Washington Speed Puzzling Championship,21594891,Kinsey Keltz,0.186311483792237,4746.940207799056,16,0.186311483792237,4746.940207799056,17,0.0,1,True,True
2025-07-12,250712.0,WA2025 - Washington Speed Puzzling Championship,21900482,Hiromi Kimura,0.1319452056544085,5012.157804336125,17,0.1319452056544085,5012.157804336125,18,0.0,1,True,True
2025-07-12,250712.0,WA2025 - Washington Speed Puzzling Championship,21927536,Skye Vandeleest,0.4219493839859788,3750.3994094943073,5,0.4219493839859788,3750.3994094943073,4,0.0,1,True,True
2025-07-12,250712.0,WA2025 - Washington Speed Puzzling Championship,21927541,Chloe Glikbarg,0.4549854575917768,3628.525146198989,4,0.4549854575917768,3628.525146198989,5,0.0,1,True,True
2025-07-12,250712.0,WA2025 - Washington Speed Puzzling Championship,21964658,Cosmo Smith,0.3473900507755321,4040.715081653215,6,0.3473900507755321,4040.715081653215,8,0.0,2,True,True
2025-07-12,250712.0,WA2025 - Washington Speed Puzzling Championship,22048522,CHARESE GAINOR,0.2676121793872624,4376.282186654104,12,0.2676121793872624,4376.282186654104,10,0.0,2,True,True
2025-07-12,250712.0,WA2025 - Washington Speed Puzzling Championship,22640026,Leslie Richardson,0.3372029838533981,4082.088495674194,8,0.3372029838533981,4082.088495674194,6,0.0,2,True,True
2025-07-12,250712.0,WA2025 - Washington Speed Puzzling Championship,22641588,Davey Black,0.1924180755922845,4718.040909565232,15,0.1924180755922845,4718.040909565232,13,0.0,2,True,True
2025-07-12,250712.0,WA2025 - Washington Speed Puzzling Championship,22703189,Beatrice Endler,0.4983515976863389,3474.533167862109,3,0.4983515976863389,3474.533167862109,2,0.0,1,True,True
2025-07-12,250712.0,WA2025 - Washington Speed Puzzling Championship,22860511,Lydia Utkin,0.2617137791293806,4402.17152842261,13,0.2617137791293806,4402.17152842261,14,0.0,1,True,True
2025-07-12,250712.0,WA2025 - Washington Speed Puzzling Championship,22871519,Grace Byrnes,0.2814651457544983,4316.075678895174,10,0.2814651457544983,4316.075678895174,11,0.0,1,True,True
2025-07-12,250712.0,WA2025 - Washington Speed Puzzling Championship,23766491,Maggie Kirkland,0.1213099213304591,5065.74799599637,18,0.1213099213304591,5065.74799599637,16,0.0,2,True,True
2025-07-26,250726.0,NY2025 - New York Speed Puzzling Championship,17915498,Melynda Owens,0.2497320135368239,4344.770845478253,9,0.2497320135368239,4344.770845478253,12,0.0,3,True,True
2025-07-26,250726.0,NY2025 - New York Speed Puzzling Championship,20453946,Sammy Brownlow,0.4939079970109419,3403.4752230379704,1,0.4939079970109419,3403.4752230379704,4,0.0,3,True,True
2025-07-26,250726.0,NY2025 - New York Speed Puzzling Championship,20533269,Elizaveta Gallagher,0.2354820244654099,4407.127014731193,11,0.2354820244654099,4407.127014731193,8,0.0,3,True,True
2025-07-26,250726.0,NY2025 - New York Speed Puzzling Championship,20701996,Agnes Roche,0.2684052882459974,4264.392544565889,8,0.2684052882459974,4264.392544565889,6,0.0,2,True,True
2025-07-26,250726.0,NY2025 - New York Speed Puzzling Championship,21410220,Ashlyn Koga,0.2394953397467685,4389.475269238655,10,0.2394953397467685,4389.475269238655,11,0.0,1,True,True
2025-07-26,250726.0,NY2025 - New York Speed Puzzling Championship,21423906,Gail McCormick,0.391392834516358,3770.8943314609705,3,0.391392834516358,3770.8943314609705,7,0.0,4,True,True
2025-07-26,250726.0,NY2025 - New York Speed Puzzling Championship,21617866,Margaret Long,0.3803191326951198,3812.8841531804296,4,0.3803191326951198,3812.8841531804296,3,0.0,1,True,True
2025-07-26,250726.0,NY2025 - New York Speed Puzzling Championship,21988310,Ashley Bromiley,0.344931063757554,3950.230640802368,6,0.344931063757554,3950.230640802368,5,0.0,1,True,True
2025-07-26,250726.0,NY2025 - New York Speed Puzzling Championship,22736994,Brooke Ouro-Djobo,0.2696905054688496,4258.915394240496,7,0.2696905054688496,4258.915394240496,10,0.0,3,True,True
2025-07-26,250726.0,NY2025 - New York Speed Puzzling Championship,22861870,Jenna Wyly,0.3623866122316375,3881.875522032383,5,0.3623866122316375,3881.875522032383,1,0.0,4,True,True
2025-07-26,250726.0,NY2025 - New York Speed Puzzling Championship,23764765,Timothy Miller,0.2346864215652655,4410.634732955786,12,0.2346864215652655,4410.634732955786,9,0.0,3,True,True
2025-08-02,250802.0,SPDC 389,17593434,Jonathan Cluff,0.1547307260694034,3523.3993250583057,55,0.1547307260694034,3523.3993250583057,57,0.0,2,True,True
2025-08-02,250802.0,SPDC 389,17731921,Kaitlin MacKenzie,0.4625088991347521,2589.974597856055,9,0.4625088991347521,2589.974597856055,18,0.0,9,True,True
2025-08-02,250802.0,SPDC 389,17731928,Kara Taylor,0.2554232634556246,3185.896431440846,38,0.2554232634556246,3185.896431440846,42,0.0,4,True,True
2025-08-02,250802.0,SPDC 389,17887918,Aly Krasny,0.3110752205865974,3013.438382067499,29,0.3110752205865974,3013.438382067499,33,0.0,4,True,True
2025-08-02,250802.0,SPDC 389,17915498,Melynda Owens,0.2610412510953934,3168.0482869382786,36,0.2610412510953934,3168.0482869382786,41,0.0,5,True,True
2025-08-02,250802.0,SPDC 389,18141627,Alyssa Zackler,0.3979810481636833,2762.610093379515,17,0.3979810481636833,2762.610093379515,22,0.0,5,True,True
2025-08-02,250802.0,SPDC 389,18846642,Heather Mueller,0.2301717278828927,3267.3695398948576,42,0.2301717278828927,3267.3695398948576,45,0.0,3,True,True
2025-08-02,250802.0,SPDC 389,18956787,Kelly Buhr,0.4673815857792977,2577.3851603247504,7,0.4673815857792977,2577.3851603247504,9,0.0,2,True,True
2025-08-02,250802.0,SPDC 389,19573602,Isabel Urrutia,0.170571272142459,3468.026481609564,52,0.170571272142459,3468.026481609564,54,0.0,2,True,True
2025-08-02,250802.0,SPDC 389,20453946,Sammy Brownlow,0.4882194033053953,2524.2337812733863,5,0.4882194033053953,2524.2337812733863,17,0.0,12,True,True
2025-08-02,250802.0,SPDC 389,20720304,Lisa George,0.1833986654349705,3423.8248439601607,51,0.1833986654349705,3423.8248439601607,53,0.0,2,True,True
2025-08-02,250802.0,SPDC 389,20722068,Elizabeth Nelson,0.3849358265441334,2798.8850472712197,18,0.3849358265441334,2798.8850472712197,15,0.0,3,True,True
2025-08-02,250802.0,SPDC 389,20737327,Amy Paull,0.3509295443575616,2895.7015771887272,20,0.3509295443575616,2895.7015771887272,19,0.0,1,True,True
2025-08-02,250802.0,SPDC 389,20860009,Andrea Heistand,0.4602234479890443,2595.9006275142697,10,0.4602234479890443,2595.9006275142697,2,0.0,8,True,True
2025-08-02,250802.0,SPDC 389,21113122,Jeremy Seidling,0.2849465649619467,3093.213140887496,31,0.2849465649619467,3093.213140887496,30,0.0,1,True,True
2025-08-02,250802.0,SPDC 389,21181439,Chelsea Widmaier,0.2663962229299606,3151.128819658024,34,0.2663962229299606,3151.128819658024,29,0.0,5,True,True
2025-08-02,250802.0,SPDC 389,21187349,Alison Filley,0.2062565120666835,3346.451246519417,45,0.2062565120666835,3346.451246519417,34,0.0,11,True,True
2025-08-02,250802.0,SPDC 389,21394027,Elizabeth Tashiro,0.2066919816262229,3344.994286123052,44,0.2066919816262229,3344.994286123052,31,0.0,13,True,True
2025-08-02,250802.0,SPDC 389,21428556,Caryn Knill,0.5841320148644489,2293.375964225232,2,0.5841320148644489,2293.375964225232,3,0.0,1,True,True
2025-08-02,250802.0,SPDC 389,21550393,Sarah Eggerichs,0.130675602308456,3609.18276096392,57,0.130675602308456,3609.18276096392,49,0.0,8,True,True
2025-08-02,250802.0,SPDC 389,21594891,Kinsey Keltz,0.2033013645050086,3356.35513027233,48,0.2033013645050086,3356.35513027233,50,0.0,2,True,True
2025-08-02,250802.0,SPDC 389,21858254,Kara Bingham,0.2444576254444913,3221.024064911948,39,0.2444576254444913,3221.024064911948,37,0.0,2,True,True
2025-08-02,250802.0,SPDC 389,21922205,Maria Seitz,0.109698181136801,3685.693804299135,62,0.109698181136801,3685.693804299135,39,0.0,23,True,True
2025-08-02,250802.0,SPDC 389,21924776,Nicholas Mueller,0.2989922499057355,3050.070536626786,30,0.2989922499057355,3050.070536626786,24,0.0,6,True,True
2025-08-02,250802.0,SPDC 389,21925075,Diana Jaffe,0.384394539839694,2800.400456633029,19,0.384394539839694,2800.400456633029,13,0.0,6,True,True
2025-08-02,250802.0,SPDC 389,21927536,Skye Vandeleest,0.4371733899855966,2656.4312244401767,12,0.4371733899855966,2656.4312244401767,8,0.0,4,True,True
2025-08-02,250802.0,SPDC 389,21927541,Chloe Glikbarg,0.4329966124190644,2667.5497504264217,13,0.4329966124190644,2667.5497504264217,10,0.0,3,True,True
2025-08-02,250802.0,SPDC 389,21939662,Scott Eng,0.2724080040498482,3132.2417522551777,33,0.2724080040498482,3132.2417522551777,36,0.0,3,True,True
2025-08-02,250802.0,SPDC 389,21960422,Andrew Paul,0.2174244503698953,3309.2862002124057,43,0.2174244503698953,3309.2862002124057,46,0.0,3,True,True
2025-08-02,250802.0,SPDC 389,21964658,Cosmo Smith,0.3392344191775065,2929.765975051639,24,0.3392344191775065,2929.765975051639,20,0.0,4,True,True
2025-08-02,250802.0,SPDC 389,21966640,Cindy Markison,0.1305341905879565,3609.6931777963528,58,0.1305341905879565,3609.6931777963528,60,0.0,2,True,True
2025-08-02,250802.0,SPDC 389,21976246,Edith Lewis,0.4172459610349871,2709.898027583092,14,0.4172459610349871,2709.898027583092,12,0.0,2,True,True
2025-08-02,250802.0,SPDC 389,21988310,Ashley Bromiley,0.3446836528463851,2913.844415206514,22,0.3446836528463851,2913.844415206514,23,0.0,1,True,True
2025-08-02,250802.0,SPDC 389,22035202,Rebecca Streitz,0.4122539844826821,2723.4595963499187,15,0.4122539844826821,2723.4595963499187,21,0.0,6,True,True
2025-08-02,250802.0,SPDC 389,22035203,Jessica Streitz,0.4986975215400133,2497.9226475729038,4,0.4986975215400133,2497.9226475729038,5,0.0,1,True,True
2025-08-02,250802.0,SPDC 389,22207268,Sarah Proctor,0.1380926571901438,3582.5122848082924,56,0.1380926571901438,3582.5122848082924,58,0.0,2,True,True
2025-08-02,250802.0,SPDC 389,22477087,Toni MacReynolds,0.2051038016890627,3350.310959737844,47,0.2051038016890627,3350.310959737844,48,0.0,1,True,True
2025-08-02,250802.0,SPDC 389,22477088,Samantha Saake,0.3324406565249962,2949.737875070552,27,0.3324406565249962,2949.737875070552,32,0.0,5,True,True
2025-08-02,250802.0,SPDC 389,22477750,Jessica Norris,0.2766995070179598,3118.8285295070887,32,0.2766995070179598,3118.8285295070887,35,0.0,3,True,True
2025-08-02,250802.0,SPDC 389,22549913,Sabrina Monserate-Lindsay,0.2359719237409622,3248.4730113827954,40,0.2359719237409622,3248.4730113827954,43,0.0,3,True,True
2025-08-02,250802.0,SPDC 389,22557667,Angela Morford,0.15753831000327,3513.5209593799323,54,0.15753831000327,3513.5209593799323,56,0.0,2,True,True
2025-08-02,250802.0,SPDC 389,22561030,Allie Arendell,0.4573072783199073,2603.481762754115,11,0.4573072783199073,2603.481762754115,14,0.0,3,True,True
2025-08-02,250802.0,SPDC 389,22640026,Leslie Richardson,0.3434552574333916,2917.42596765126,23,0.3434552574333916,2917.42596765126,11,0.0,12,True,True
2025-08-02,250802.0,SPDC 389,22703189,Beatrice Endler,0.5132119299976167,2461.928625834292,3,0.5132119299976167,2461.928625834292,4,0.0,1,True,True
2025-08-02,250802.0,SPDC 389,22713270,Christina Harwell,0.3379239198127081,2933.607948402918,25,0.3379239198127081,2933.607948402918,28,0.0,3,True,True
2025-08-02,250802.0,SPDC 389,22729973,Ashley Tucker,0.1615788769774818,3499.3529852282245,53,0.1615788769774818,3499.3529852282245,55,0.0,2,True,True
2025-08-02,250802.0,SPDC 389,22732244,Amber Whitear,0.2622977534330374,3164.0701266672068,35,0.2622977534330374,3164.0701266672068,38,0.0,3,True,True
2025-08-02,250802.0,SPDC 389,22814478,Irene Ho,0.1240365987174313,3633.2238544239194,61,0.1240365987174313,3633.2238544239194,62,0.0,1,True,True
2025-08-02,250802.0,SPDC 389,22858691,Chelsea Suedkamp,0.3297865261856486,2957.5772626341004,28,0.3297865261856486,2957.5772626341004,25,0.0,3,True,True
2025-08-02,250802.0,SPDC 389,22860511,Lydia Utkin,0.2559853009337627,3184.106341340894,37,0.2559853009337627,3184.106341340894,40,0.0,3,True,True
2025-08-02,250802.0,SPDC 389,23741633,Kim Knaub,0.4780544401694035,2550.023377693145,6,0.4780544401694035,2550.023377693145,7,0.0,1,True,True
2025-08-02,250802.0,SPDC 389,23749556,Audrey Nelson,0.1281162328325134,3618.431823991494,60,0.1281162328325134,3618.431823991494,61,0.0,1,True,True
2025-08-02,250802.0,SPDC 389,23750128,Jasmine Lambert,0.4645654510318802,2584.653653957323,8,0.4645654510318802,2584.653653957323,6,0.0,2,True,True
2025-08-02,250802.0,SPDC 389,23764458,Megan Banks,0.2054213427951193,3349.247267182048,46,0.2054213427951193,3349.247267182048,47,0.0,1,True,True
2025-08-02,250802.0,SPDC 389,23849778,Stephen Hall,0.1936940094465826,3388.7562208804648,50,0.1936940094465826,3388.7562208804648,52,0.0,2,True,True
2025-08-02,250802.0,SPDC 389,23855343,Elizabeth Winters,0.1954385407498469,3382.849583229161,49,0.1954385407498469,3382.849583229161,51,0.0,2,True,True
2025-08-02,250802.0,SPDC 389,23887819,Chris Viox,0.3472798450860261,2906.289326423242,21,0.3472798450860261,2906.289326423242,27,0.0,6,True,True
2025-08-02,250802.0,SPDC 389,24174014,Danielle Rumph,0.2343574450658858,3253.721837705211,41,0.2343574450658858,3253.721837705211,44,0.0,3,True,True
2025-08-03,250803.0,Orange County Speed Puzzlers Individuals,18495081,Trisha Siedlecki,0.3990026737262654,3089.3909274468465,3,0.3990026737262654,3089.3909274468465,2,0.0,1,True,True
2025-08-03,250803.0,Orange County Speed Puzzlers Individuals,21178749,Yuewen Chun,0.293244496242927,3434.0218939838464,5,0.293244496242927,3434.0218939838464,7,0.0,2,True,True
2025-08-03,250803.0,Orange County Speed Puzzlers Individuals,21394027,Elizabeth Tashiro,0.2304193036270605,3656.686211976332,7,0.2304193036270605,3656.686211976332,6,0.0,1,True,True
2025-08-03,250803.0,Orange County Speed Puzzlers Individuals,21918754,Karen Ni,0.2780158918667865,3486.7174765320024,6,0.2780158918667865,3486.7174765320024,5,0.0,1,True,True
2025-08-03,250803.0,Orange County Speed Puzzlers Individuals,21925075,Diana Jaffe,0.399456361624131,3087.989626072063,2,0.399456361624131,3087.989626072063,3,0.0,1,True,True
2025-08-09,250809.0,CT2025 - Connecticut Speed Puzzling Championship,17731902,EB Caron,0.3690522740061584,3367.025900495892,10,0.3690522740061584,3367.025900495892,9,0.0,1,True,True
2025-08-09,250809.0,CT2025 - Connecticut Speed Puzzling Championship,17915498,Melynda Owens,0.2559978611619694,3770.0348499980714,14,0.2559978611619694,3770.0348499980714,17,0.0,3,True,True
2025-08-09,250809.0,CT2025 - Connecticut Speed Puzzling Championship,18624739,Katherine Dilks,0.4751380936926698,3028.1262016232786,7,0.4751380936926698,3028.1262016232786,6,0.0,1,True,True
2025-08-09,250809.0,CT2025 - Connecticut Speed Puzzling Championship,20453946,Sammy Brownlow,0.4831272799328029,3004.0303188514717,6,0.4831272799328029,3004.0303188514717,8,0.0,2,True,True
2025-08-09,250809.0,CT2025 - Connecticut Speed Puzzling Championship,20533269,Elizaveta Gallagher,0.2673226849955042,3727.580716003176,12,0.2673226849955042,3727.580716003176,13,0.0,1,True,True
2025-08-09,250809.0,CT2025 - Connecticut Speed Puzzling Championship,20701996,Agnes Roche,0.2179207589578675,3916.35489568732,17,0.2179207589578675,3916.35489568732,11,0.0,6,True,True
2025-08-09,250809.0,CT2025 - Connecticut Speed Puzzling Championship,21556752,Hanna Sigler,0.5784980120759737,2730.7712939062358,3,0.5784980120759737,2730.7712939062358,5,0.0,2,True,True
2025-08-09,250809.0,CT2025 - Connecticut Speed Puzzling Championship,21653788,Tracey Wehking,0.1818386246876203,4060.245671167933,19,0.1818386246876203,4060.245671167933,20,0.0,1,True,True
2025-08-09,250809.0,CT2025 - Connecticut Speed Puzzling Championship,21851725,Maud Dias,0.4491098409262603,3107.977725599591,8,0.4491098409262603,3107.977725599591,7,0.0,1,True,True
2025-08-09,250809.0,CT2025 - Connecticut Speed Puzzling Championship,21925090,Emma Pan,0.5352539184089757,2851.4515722092065,5,0.5352539184089757,2851.4515722092065,1,0.0,4,True,True
2025-08-09,250809.0,CT2025 - Connecticut Speed Puzzling Championship,21988310,Ashley Bromiley,0.3473388556088876,3440.935048937892,11,0.3473388556088876,3440.935048937892,10,0.0,1,True,True
2025-08-09,250809.0,CT2025 - Connecticut Speed Puzzling Championship,22609934,Christine Parsons,0.266336530090324,3731.258501145589,13,0.266336530090324,3731.258501145589,14,0.0,1,True,True
2025-08-09,250809.0,CT2025 - Connecticut Speed Puzzling Championship,22726143,Peyton Durkin,0.3950485728208341,3280.62362464819,9,0.3950485728208341,3280.62362464819,12,0.0,3,True,True
2025-08-09,250809.0,CT2025 - Connecticut Speed Puzzling Championship,22814742,Grayson Shannon,0.6431679098235625,2559.7617731214177,1,0.6431679098235625,2559.7617731214177,3,0.0,2,True,True
2025-08-09,250809.0,CT2025 - Connecticut Speed Puzzling Championship,22861932,Trish Doty,0.169335858218312,4111.328648434574,20,0.169335858218312,4111.328648434574,19,0.0,1,True,True
2025-08-16,250816.0,MA2025 - Massachusetts Speed Puzzling Championship,17731921,Kaitlin MacKenzie,0.447818110669153,3684.097945509241,7,0.447818110669153,3684.097945509241,8,0.0,1,True,True
2025-08-16,250816.0,MA2025 - Massachusetts Speed Puzzling Championship,18980068,Tiffany Medeiros,0.6099736639190816,3132.62136708694,3,0.6099736639190816,3132.62136708694,2,0.0,1,True,True
2025-08-16,250816.0,MA2025 - Massachusetts Speed Puzzling Championship,19573602,Isabel Urrutia,0.1887504472681213,4773.564823203073,13,0.1887504472681213,4773.564823203073,14,0.0,1,True,True
2025-08-16,250816.0,MA2025 - Massachusetts Speed Puzzling Championship,20739624,Mari Black,0.6397016780213267,3040.865374021016,1,0.6397016780213267,3040.865374021016,3,0.0,2,True,True
2025-08-16,250816.0,MA2025 - Massachusetts Speed Puzzling Championship,21925090,Emma Pan,0.5558118364461072,3306.968732436107,5,0.5558118364461072,3306.968732436107,1,0.0,4,True,True
2025-08-16,250816.0,MA2025 - Massachusetts Speed Puzzling Championship,22207268,Sarah Proctor,0.1484916263826523,4969.663785636843,14,0.1484916263826523,4969.663785636843,13,0.0,1,True,True
2025-08-16,250816.0,MA2025 - Massachusetts Speed Puzzling Championship,22438220,Maria Grant,0.2817361790440061,4349.703302243727,10,0.2817361790440061,4349.703302243727,12,0.0,2,True,True
2025-08-16,250816.0,MA2025 - Massachusetts Speed Puzzling Championship,22609934,Christine Parsons,0.2698143021124616,4401.870275944121,12,0.2698143021124616,4401.870275944121,10,0.0,2,True,True
2025-08-16,250816.0,MA2025 - Massachusetts Speed Puzzling Championship,22814742,Grayson Shannon,0.6390621216244514,3042.8108009618168,2,0.6390621216244514,3042.8108009618168,4,0.0,2,True,True
2025-08-16,250816.0,MA2025 - Massachusetts Speed Puzzling Championship,22862046,Emma Williamson,0.5986526786434384,3168.287232904153,4,0.5986526786434384,3168.287232904153,5,0.0,1,True,True
2025-08-16,250816.0,MA2025 - Massachusetts Speed Puzzling Championship,22870980,Annabelle Platt,0.3992551706324403,3867.4239708803934,8,0.3992551706324403,3867.4239708803934,7,0.0,1,True,True
2025-09-17,250917.01,WJPC 2025 Semifinal 1,17915498,Melynda Owens,0.2507976879639854,3173.674514947063,13,0.2507976879639854,3173.674514947063,15,0.0,2,True,True
2025-09-17,250917.01,WJPC 2025 Semifinal 1,20453946,Sammy Brownlow,0.4755526452560948,2534.8516440619437,5,0.4755526452560948,2534.8516440619437,8,0.0,3,True,True
2025-09-17,250917.01,WJPC 2025 Semifinal 1,21394027,Elizabeth Tashiro,0.2256974258223203,3254.3427388143728,15,0.2256974258223203,3254.3427388143728,12,0.0,3,True,True
2025-09-17,250917.01,WJPC 2025 Semifinal 1,21412436,Iryna Shvydchenko,0.571036354869588,2304.010736275593,3,0.571036354869588,2304.010736275593,2,0.0,1,True,True
2025-09-17,250917.01,WJPC 2025 Semifinal 1,21556752,Hanna Sigler,0.6036885091069193,2229.994788396334,2,0.6036885091069193,2229.994788396334,3,0.0,1,True,True
2025-09-17,250917.01,WJPC 2025 Semifinal 1,21848873,Eric Goulet,0.4305566193567289,2651.5149030162133,7,0.4305566193567289,2651.5149030162133,5,0.0,2,True,True
2025-09-17,250917.01,WJPC 2025 Semifinal 1,21927541,Chloe Glikbarg,0.4226367238729025,2672.598001688338,8,0.4226367238729025,2672.598001688338,6,0.0,2,True,True
2025-09-17,250917.01,WJPC 2025 Semifinal 1,21976246,Edith Lewis,0.3969642312021393,2742.098563487763,9,0.3969642312021393,2742.098563487763,7,0.0,2,True,True
2025-09-17,250917.01,WJPC 2025 Semifinal 1,22755028,Jarom Chung,0.3202108411764015,2960.851560613645,12,0.3202108411764015,2960.851560613645,13,0.0,1,True,True
2025-09-17,250917.01,WJPC 2025 Semifinal 1,24193461,Shea Burkett,0.4648088865373553,2562.232300723079,6,0.4648088865373553,2562.232300723079,9,0.0,3,True,True
2025-09-17,250917.02,WJPC 2025 Semifinal 2,21935409,Darya Leylian,0.2709692770239407,4112.90906731475,5,0.2709692770239407,4112.90906731475,7,0.0,2,True,True
2025-09-17,250917.02,WJPC 2025 Semifinal 2,22077461,Jessica Musser,0.2315829622408695,4278.133837284934,6,0.2315829622408695,4278.133837284934,5,0.0,1,True,True
2025-09-17,250917.02,WJPC 2025 Semifinal 2,23888265,Feifei Xue,0.1993015124081929,4418.491485737406,7,0.1993015124081929,4418.491485737406,6,0.0,1,True,True
2025-09-17,250917.03,WJPC 2025 Semifinal 3,21428556,Caryn Knill,0.6181531738468772,2028.9608927195284,2,0.6181531738468772,2028.9608927195284,3,0.0,1,True,True
2025-09-17,250917.03,WJPC 2025 Semifinal 3,22862046,Emma Williamson,0.5975458429990786,2071.2061470939634,3,0.5975458429990786,2071.2061470939634,2,0.0,1,True,True
2025-09-20,250920.0,WJPC 2025 Final,20453946,Sammy Brownlow,0.462712548485749,3461.871260042786,11,0.462712548485749,3461.871260042786,15,0.0,4,True,True
2025-09-20,250920.0,WJPC 2025 Final,20539458,Kyle Kossin,0.5195148853513106,3270.709495947364,8,0.5195148853513106,3270.709495947364,7,0.0,1,True,True
2025-09-20,250920.0,WJPC 2025 Final,21412436,Iryna Shvydchenko,0.5744734720224505,3095.806166168738,6,0.5744734720224505,3095.806166168738,2,0.0,4,True,True
2025-09-20,250920.0,WJPC 2025 Final,21428556,Caryn Knill,0.5871531833226028,3056.8000534640105,5,0.5871531833226028,3056.8000534640105,6,0.0,1,True,True
2025-09-20,250920.0,WJPC 2025 Final,21556752,Hanna Sigler,0.6309954133304103,2925.678456223242,2,0.6309954133304103,2925.678456223242,5,0.0,3,True,True
2025-09-20,250920.0,WJPC 2025 Final,21848873,Eric Goulet,0.4103234608152364,3648.0703521249775,16,0.4103234608152364,3648.0703521249775,13,0.0,3,True,True
2025-09-20,250920.0,WJPC 2025 Final,21925075,Diana Jaffe,0.4209424858837701,3609.536360418204,15,0.4209424858837701,3609.536360418204,14,0.0,1,True,True
2025-09-20,250920.0,WJPC 2025 Final,21927536,Skye Vandeleest,0.4352584547272525,3558.230473329391,13,0.4352584547272525,3558.230473329391,12,0.0,1,True,True
2025-09-20,250920.0,WJPC 2025 Final,22035202,Rebecca Streitz,0.4005543712350289,3683.883323434764,17,0.4005543712350289,3683.883323434764,16,0.0,1,True,True
2025-09-20,250920.0,WJPC 2025 Final,22035203,Jessica Streitz,0.4453021530044157,3522.6715505198267,12,0.4453021530044157,3522.6715505198267,9,0.0,3,True,True
2025-09-20,250920.0,WJPC 2025 Final,22703189,Beatrice Endler,0.4861665084231344,3381.621436942594,9,0.4861665084231344,3381.621436942594,8,0.0,1,True,True
2025-09-20,250920.0,WJPC 2025 Final,23887118,Sarah Stubeck,0.4258512879550812,3591.861278088136,14,0.4258512879550812,3591.861278088136,17,0.0,3,True,True
2025-09-20,250920.0,WJPC 2025 Final,24193461,Shea Burkett,0.5262526549416064,3248.7462835886354,7,0.5262526549416064,3248.7462835886354,11,0.0,4,True,True
2025-09-27,250927.0,SPDC 417,17593434,Jonathan Cluff,0.1581757747177492,3903.328942687281,57,0.1581757747177492,3903.328942687281,60,0.0,3,True,True
2025-09-27,250927.0,SPDC 417,17731921,Kaitlin MacKenzie,0.4899746203025108,2801.152440822336,7,0.4899746203025108,2801.152440822336,14,0.0,7,True,True
2025-09-27,250927.0,SPDC 417,17915498,Melynda Owens,0.2390872451747505,3599.944013870902,41,0.2390872451747505,3599.944013870902,45,0.0,4,True,True
2025-09-27,250927.0,SPDC 417,18518434,Elizabeth McElveen,0.306628345950417,3364.829162500203,27,0.306628345950417,3364.829162500203,35,0.0,8,True,True
2025-09-27,250927.0,SPDC 417,18852026,Kimberly Kenne,0.2074105365094504,3715.803731088587,47,0.2074105365094504,3715.803731088587,31,0.0,16,True,True
2025-09-27,250927.0,SPDC 417,19548766,Lindsay Steenstra,0.1930306458031395,3769.622610034911,51,0.1930306458031395,3769.622610034911,55,0.0,4,True,True
2025-09-27,250927.0,SPDC 417,20453946,Sammy Brownlow,0.4612479393812457,2882.7871870317117,11,0.4612479393812457,2882.7871870317117,18,0.0,7,True,True
2025-09-27,250927.0,SPDC 417,20696150,Tessa Melli,0.1716921458734342,3850.925052979954,54,0.1716921458734342,3850.925052979954,57,0.0,3,True,True
2025-09-27,250927.0,SPDC 417,20720304,Lisa George,0.1278908288694491,4023.349279856984,63,0.1278908288694491,4023.349279856984,65,0.0,2,True,True
2025-09-27,250927.0,SPDC 417,20853119,Kevin Collins,0.3687057311065934,3162.300622213099,22,0.3687057311065934,3162.300622213099,16,0.0,6,True,True
2025-09-27,250927.0,SPDC 417,20859985,Jessa Douglas,0.550804388676067,2635.8379792776504,3,0.550804388676067,2635.8379792776504,8,0.0,5,True,True
2025-09-27,250927.0,SPDC 417,20860009,Andrea Heistand,0.4743630865609337,2845.225858362631,8,0.4743630865609337,2845.225858362631,2,0.0,6,True,True
2025-09-27,250927.0,SPDC 417,21181439,Chelsea Widmaier,0.2459030421008716,3575.490954733614,36,0.2459030421008716,3575.490954733614,28,0.0,8,True,True
2025-09-27,250927.0,SPDC 417,21198876,Angie Gazdic,0.3351143478977229,3270.330960388481,26,0.3351143478977229,3270.330960388481,24,0.0,2,True,True
2025-09-27,250927.0,SPDC 417,21394027,Elizabeth Tashiro,0.227507799476817,3641.871651011012,43,0.227507799476817,3641.871651011012,33,0.0,10,True,True
2025-09-27,250927.0,SPDC 417,21428556,Caryn Knill,0.599086433036325,2511.5977534230706,2,0.599086433036325,2511.5977534230706,3,0.0,1,True,True
2025-09-27,250927.0,SPDC 417,21550393,Sarah Eggerichs,0.1083198173980795,4102.865866732868,64,0.1083198173980795,4102.865866732868,50,0.0,14,True,True
2025-09-27,250927.0,SPDC 417,21583590,Lindsay Wang,0.396073695837555,3076.928450230549,19,0.396073695837555,3076.928450230549,21,0.0,2,True,True
2025-09-27,250927.0,SPDC 417,21594891,Kinsey Keltz,0.1968807305765271,3755.137146447341,50,0.1968807305765271,3755.137146447341,51,0.0,1,True,True
2025-09-27,250927.0,SPDC 417,21858254,Kara Bingham,0.236005048582618,3611.056866242568,42,0.236005048582618,3611.056866242568,40,0.0,2,True,True
2025-09-27,250927.0,SPDC 417,21892775,Andrea Reynolds,0.2803033625490693,3454.584454290906,28,0.2803033625490693,3454.584454290906,23,0.0,5,True,True
2025-09-27,250927.0,SPDC 417,21900482,Hiromi Kimura,0.1494648313308043,3937.479144420268,60,0.1494648313308043,3937.479144420268,62,0.0,2,True,True
2025-09-27,250927.0,SPDC 417,21922205,Maria Seitz,0.0986690204859345,4142.653474219577,66,0.0986690204859345,4142.653474219577,42,0.0,24,True,True
2025-09-27,250927.0,SPDC 417,21924024,Jasper Lee,0.4935131598528886,2791.25796843905,5,0.4935131598528886,2791.25796843905,13,0.0,8,True,True
2025-09-27,250927.0,SPDC 417,21926468,Meredith Yeager,0.1738678082543816,3842.555847794085,53,0.1738678082543816,3842.555847794085,52,0.0,1,True,True
2025-09-27,250927.0,SPDC 417,21927536,Skye Vandeleest,0.440838224908985,2942.22857793452,14,0.440838224908985,2942.22857793452,11,0.0,3,True,True
2025-09-27,250927.0,SPDC 417,21936039,Caroline Orsi,0.3412288151572109,3250.3956378516127,25,0.3412288151572109,3250.3956378516127,27,0.0,2,True,True
2025-09-27,250927.0,SPDC 417,21939662,Scott Eng,0.2559010954088521,3539.921116435152,33,0.2559010954088521,3539.921116435152,38,0.0,5,True,True
2025-09-27,250927.0,SPDC 417,21960422,Andrew Paul,0.2404551970965069,3595.0228302776054,39,0.2404551970965069,3595.0228302776054,44,0.0,5,True,True
2025-09-27,250927.0,SPDC 417,21964658,Cosmo Smith,0.3476599962463155,3229.5588293553697,24,0.3476599962463155,3229.5588293553697,19,0.0,5,True,True
2025-09-27,250927.0,SPDC 417,21976246,Edith Lewis,0.3774772179587877,3134.6838410660635,21,0.3774772179587877,3134.6838410660635,15,0.0,6,True,True
2025-09-27,250927.0,SPDC 417,21988310,Ashley Bromiley,0.3524363889801368,3214.1699689066904,23,0.3524363889801368,3214.1699689066904,22,0.0,1,True,True
2025-09-27,250927.0,SPDC 417,22035202,Rebecca Streitz,0.4118422166216354,3028.790370608414,18,0.4118422166216354,3028.790370608414,20,0.0,2,True,True
2025-09-27,250927.0,SPDC 417,22035203,Jessica Streitz,0.45899285474688,2889.2954517070693,13,0.45899285474688,2889.2954517070693,6,0.0,7,True,True
2025-09-27,250927.0,SPDC 417,22344218,Amanda Van Straten,0.2273715867049505,3642.367754230405,44,0.2273715867049505,3642.367754230405,47,0.0,3,True,True
2025-09-27,250927.0,SPDC 417,22389912,Tazia Statucki,0.1570554622014039,3907.704341406532,58,0.1570554622014039,3907.704341406532,53,0.0,5,True,True
2025-09-27,250927.0,SPDC 417,22392412,Elizabeth Alvarez,0.2058327644917718,3721.6710496670585,48,0.2058327644917718,3721.6710496670585,41,0.0,7,True,True
2025-09-27,250927.0,SPDC 417,22423946,Jennifer Sipple,0.5003128975412544,2772.3425293270257,4,0.5003128975412544,2772.3425293270257,5,0.0,1,True,True
2025-09-27,250927.0,SPDC 417,22477087,Toni MacReynolds,0.2081549312877205,3713.038735445921,46,0.2081549312877205,3713.038735445921,49,0.0,3,True,True
2025-09-27,250927.0,SPDC 417,22477750,Jessica Norris,0.2392731163896639,3599.2749500852046,40,0.2392731163896639,3599.2749500852046,46,0.0,6,True,True
2025-09-27,250927.0,SPDC 417,22549913,Sabrina Monserate-Lindsay,0.2488717860911514,3564.891978058062,35,0.2488717860911514,3564.891978058062,39,0.0,4,True,True
2025-09-27,250927.0,SPDC 417,22555702,Rose Robbins,0.2431748535230938,3585.258886637824,37,0.2431748535230938,3585.258886637824,34,0.0,3,True,True
2025-09-27,250927.0,SPDC 417,22557667,Angela Morford,0.1546862432495288,3916.973524616969,59,0.1546862432495288,3916.973524616969,61,0.0,2,True,True
2025-09-27,250927.0,SPDC 417,22608003,Rushing Smith III,0.1029677903946596,4124.883382255708,65,0.1029677903946596,4124.883382255708,66,0.0,1,True,True
2025-09-27,250927.0,SPDC 417,22609934,Christine Parsons,0.2737330918362455,3477.356737468222,30,0.2737330918362455,3477.356737468222,29,0.0,1,True,True
2025-09-27,250927.0,SPDC 417,22703189,Beatrice Endler,0.4923665569937061,2794.46026833865,6,0.4923665569937061,2794.46026833865,4,0.0,2,True,True
2025-09-27,250927.0,SPDC 417,22713270,Christina Harwell,0.4218252930880904,2998.7041511228144,15,0.4218252930880904,2998.7041511228144,25,0.0,10,True,True
2025-09-27,250927.0,SPDC 417,22729973,Ashley Tucker,0.1807578021953044,3816.1716591110153,52,0.1807578021953044,3816.1716591110153,56,0.0,4,True,True
2025-09-27,250927.0,SPDC 417,22736994,Brooke Ouro-Djobo,0.251378461021817,3555.967143209224,34,0.251378461021817,3555.967143209224,30,0.0,4,True,True
2025-09-27,250927.0,SPDC 417,22757315,Shalise Hassing,0.158212259061401,3903.186534890596,56,0.158212259061401,3903.186534890596,59,0.0,3,True,True
2025-09-27,250927.0,SPDC 417,22825074,Katherine Wood,0.1293838487659264,4017.346821341686,62,0.1293838487659264,4017.346821341686,64,0.0,2,True,True
2025-09-27,250927.0,SPDC 417,22857066,Nathan Biberdorf,0.4154920377733989,3017.755976481326,16,0.4154920377733989,3017.755976481326,10,0.0,6,True,True
2025-09-27,250927.0,SPDC 417,22860511,Lydia Utkin,0.2420716737556789,3589.2162541450425,38,0.2420716737556789,3589.2162541450425,43,0.0,5,True,True
2025-09-27,250927.0,SPDC 417,23749556,Audrey Nelson,0.1313516292548384,4009.449337455165,61,0.1313516292548384,4009.449337455165,63,0.0,2,True,True
2025-09-27,250927.0,SPDC 417,23750128,Jasmine Lambert,0.4635360795464565,2876.198506668029,10,0.4635360795464565,2876.198506668029,7,0.0,3,True,True
2025-09-27,250927.0,SPDC 417,23764458,Megan Banks,0.2121428295227636,3698.2610004624194,45,0.2121428295227636,3698.2610004624194,48,0.0,3,True,True
2025-09-27,250927.0,SPDC 417,23786476,Bethany Quinn,0.267485312947323,3499.1505039059653,31,0.267485312947323,3499.1505039059653,37,0.0,6,True,True
2025-09-27,250927.0,SPDC 417,23848490,Ryder Jackson,0.2001474598651571,3742.8901446591167,49,0.2001474598651571,3742.8901446591167,54,0.0,5,True,True
2025-09-27,250927.0,SPDC 417,23855343,Elizabeth Winters,0.1627673785052469,3885.44748642729,55,0.1627673785052469,3885.44748642729,58,0.0,3,True,True
2025-09-27,250927.0,SPDC 417,23887819,Chris Viox,0.3798840351694204,3127.1483020176674,20,0.3798840351694204,3127.1483020176674,26,0.0,6,True,True
2025-09-27,250927.0,SPDC 417,24244256,Kelsie Foster,0.2743600356254947,3475.177313518202,29,0.2743600356254947,3475.177313518202,36,0.0,7,True,True
2025-10-11,251011.0,UT2025 - Utah Speed Puzzling Championship,17731966,Melinda Whiting,0.3555935839575986,3225.058595174438,2,0.3555935839575986,3225.058595174438,3,0.0,1,True,True
2025-10-11,251011.0,UT2025 - Utah Speed Puzzling Championship,17915498,Melynda Owens,0.2402322805217538,3619.415043419127,8,0.2402322805217538,3619.415043419127,10,0.0,2,True,True
2025-10-11,251011.0,UT2025 - Utah Speed Puzzling Championship,20737327,Amy Paull,0.3508027844273486,3240.5462739368577,3,0.3508027844273486,3240.5462739368577,2,0.0,1,True,True
2025-10-11,251011.0,UT2025 - Utah Speed Puzzling Championship,20850953,Aimee Seligstein,0.2738954574995108,3499.6019924527995,6,0.2738954574995108,3499.6019924527995,5,0.0,1,True,True
2025-10-11,251011.0,UT2025 - Utah Speed Puzzling Championship,21594891,Kinsey Keltz,0.2035291609321915,3754.726859738071,9,0.2035291609321915,3754.726859738071,11,0.0,2,True,True
2025-10-11,251011.0,UT2025 - Utah Speed Puzzling Championship,21925368,Betsey English,0.2822743880173006,3470.4015754885363,5,0.2822743880173006,3470.4015754885363,4,0.0,1,True,True
2025-10-11,251011.0,UT2025 - Utah Speed Puzzling Championship,22323970,Karen Gwilliam,0.187020591205309,3817.2265003172142,11,0.187020591205309,3817.2265003172142,12,0.0,1,True,True
2025-10-11,251011.0,UT2025 - Utah Speed Puzzling Championship,22324939,Lindsey Anderson,0.1646976310165473,3903.3965019895854,13,0.1646976310165473,3903.3965019895854,6,0.0,7,True,True
2025-10-11,251011.0,UT2025 - Utah Speed Puzzling Championship,22732244,Amber Whitear,0.2438456986556946,3606.360184004393,7,0.2438456986556946,3606.360184004393,8,0.0,1,True,True
2025-10-11,251011.0,UT2025 - Utah Speed Puzzling Championship,22755028,Jarom Chung,0.3174505918711587,3350.4481439903257,4,0.3174505918711587,3350.4481439903257,7,0.0,3,True,True
2025-10-11,251011.0,UT2025 - Utah Speed Puzzling Championship,22757315,Shalise Hassing,0.1700508862587498,3882.556455016608,12,0.1700508862587498,3882.556455016608,13,0.0,1,True,True
2025-10-11,251011.0,UT2025 - Utah Speed Puzzling Championship,23744904,Brenna Kitchen,0.1888819512986372,3810.1278758400185,10,0.1888819512986372,3810.1278758400185,9,0.0,1,True,True
2025-10-25,251025.0,AZ2025 - Arizona Speed Puzzling Championship,21594891,Kinsey Keltz,0.1945186590371249,3024.097476986718,7,0.1945186590371249,3024.097476986718,5,0.0,2,True,True
2025-10-25,251025.0,AZ2025 - Arizona Speed Puzzling Championship,22407890,Selina Gilbertson,0.1984089792519839,3012.3556240332578,5,0.1984089792519839,3012.3556240332578,6,0.0,1,True,True
2025-10-25,251025.0,AZ2025 - Arizona Speed Puzzling Championship,23764458,Megan Banks,0.1963145966326771,3018.671260666605,6,0.1963145966326771,3018.671260666605,7,0.0,1,True,True
2025-11-01,251101.0,SPDC 435,17593434,Jonathan Cluff,0.1366355602482833,4381.87789210007,60,0.1366355602482833,4381.87789210007,62,0.0,2,True,True
2025-11-01,251101.0,SPDC 435,17731928,Kara Taylor,0.2397363534510447,3952.611824482241,33,0.2397363534510447,3952.611824482241,39,0.0,6,True,True
2025-11-01,251101.0,SPDC 435,17887918,Aly Krasny,0.3233604273843652,3635.5212850026633,19,0.3233604273843652,3635.5212850026633,27,0.0,8,True,True
2025-11-01,251101.0,SPDC 435,17915498,Melynda Owens,0.2504516407395324,3910.4845591959056,31,0.2504516407395324,3910.4845591959056,37,0.0,6,True,True
2025-11-01,251101.0,SPDC 435,18846642,Heather Mueller,0.3049796953342903,3702.962740511372,22,0.3049796953342903,3702.962740511372,29,0.0,7,True,True
2025-11-01,251101.0,SPDC 435,18852026,Kimberly Kenne,0.2004125035604895,4111.140285192291,45,0.2004125035604895,4111.140285192291,23,0.0,22,True,True
2025-11-01,251101.0,SPDC 435,19548766,Lindsay Steenstra,0.207114244695244,4083.6806038456943,42,0.207114244695244,4083.6806038456943,49,0.0,7,True,True
2025-11-01,251101.0,SPDC 435,19573602,Isabel Urrutia,0.2192584555635594,4034.387444553217,36,0.2192584555635594,4034.387444553217,41,0.0,5,True,True
2025-11-01,251101.0,SPDC 435,19958106,Taylor Reed,0.3693961828971592,3471.951237998747,16,0.3693961828971592,3471.951237998747,13,0.0,3,True,True
2025-11-01,251101.0,SPDC 435,20533269,Elizaveta Gallagher,0.3069065551949027,3695.834519987805,20,0.3069065551949027,3695.834519987805,21,0.0,1,True,True
2025-11-01,251101.0,SPDC 435,20563304,Jessica Derby,0.3599123968428187,3505.0351129576743,17,0.3599123968428187,3505.0351129576743,12,0.0,5,True,True
2025-11-01,251101.0,SPDC 435,20696150,Tessa Melli,0.17479731105295,4217.808263070392,51,0.17479731105295,4217.808263070392,55,0.0,4,True,True
2025-11-01,251101.0,SPDC 435,20866882,Stephanie Thompson,0.1151851921606223,4476.886123679343,64,0.1151851921606223,4476.886123679343,66,0.0,2,True,True
2025-11-01,251101.0,SPDC 435,21187349,Alison Filley,0.2055901365043262,4089.909320316275,44,0.2055901365043262,4089.909320316275,26,0.0,18,True,True
2025-11-01,251101.0,SPDC 435,21259768,Melissa Germait,0.2664426298460352,3848.44936717018,27,0.2664426298460352,3848.44936717018,32,0.0,5,True,True
2025-11-01,251101.0,SPDC 435,21394027,Elizabeth Tashiro,0.2119352695412044,4064.040459044754,39,0.2119352695412044,4064.040459044754,24,0.0,15,True,True
2025-11-01,251101.0,SPDC 435,21412436,Iryna Shvydchenko,0.5592684080726925,2871.52867450149,3,0.5592684080726925,2871.52867450149,2,0.0,1,True,True
2025-11-01,251101.0,SPDC 435,21428556,Caryn Knill,0.5864224221554232,2794.604274125448,1,0.5864224221554232,2794.604274125448,3,0.0,2,True,True
2025-11-01,251101.0,SPDC 435,21550393,Sarah Eggerichs,0.0841462189493341,4618.023114809417,71,0.0841462189493341,4618.023114809417,44,0.0,27,True,True
2025-11-01,251101.0,SPDC 435,21583590,Lindsay Wang,0.4091719676171193,3336.5621070658567,12,0.4091719676171193,3336.5621070658567,17,0.0,5,True,True
2025-11-01,251101.0,SPDC 435,21594891,Kinsey Keltz,0.2071943696783258,4083.353412114689,41,0.2071943696783258,4083.353412114689,45,0.0,4,True,True
2025-11-01,251101.0,SPDC 435,21696301,Mary Beth Harris,0.2081188156543218,4079.580316764408,40,0.2081188156543218,4079.580316764408,38,0.0,2,True,True
2025-11-01,251101.0,SPDC 435,21858254,Kara Bingham,0.2364499737253144,3965.622975927713,34,0.2364499737253144,3965.622975927713,33,0.0,1,True,True
2025-11-01,251101.0,SPDC 435,21892775,Andrea Reynolds,0.2571081856486905,3884.54068718243,29,0.2571081856486905,3884.54068718243,18,0.0,11,True,True
2025-11-01,251101.0,SPDC 435,21900482,Hiromi Kimura,0.1614313006791529,4274.561972484231,53,0.1614313006791529,4274.561972484231,57,0.0,4,True,True
2025-11-01,251101.0,SPDC 435,21922205,Maria Seitz,0.0903737253994728,4589.353708186674,70,0.0903737253994728,4589.353708186674,35,0.0,35,True,True
2025-11-01,251101.0,SPDC 435,21925090,Emma Pan,0.5823569531316614,2805.9887772276466,2,0.5823569531316614,2805.9887772276466,1,0.0,1,True,True
2025-11-01,251101.0,SPDC 435,21926468,Meredith Yeager,0.1449834523333304,4345.450704982931,57,0.1449834523333304,4345.450704982931,46,0.0,11,True,True
2025-11-01,251101.0,SPDC 435,21927541,Chloe Glikbarg,0.3981101917492574,3373.675299733932,13,0.3981101917492574,3373.675299733932,10,0.0,3,True,True
2025-11-01,251101.0,SPDC 435,21942386,Megan Bailey,0.2063911571890046,4086.63453011469,43,0.2063911571890046,4086.63453011469,50,0.0,7,True,True
2025-11-01,251101.0,SPDC 435,21966640,Cindy Markison,0.1129385346910554,4486.955460269248,65,0.1129385346910554,4486.955460269248,67,0.0,2,True,True
2025-11-01,251101.0,SPDC 435,21968495,Jennifer Morrow,0.0911671805704466,4585.713706035725,69,0.0911671805704466,4585.713706035725,71,0.0,2,True,True
2025-11-01,251101.0,SPDC 435,22035202,Rebecca Streitz,0.4155109141161506,3315.4787122325306,10,0.4155109141161506,3315.4787122325306,16,0.0,6,True,True
2025-11-01,251101.0,SPDC 435,22035203,Jessica Streitz,0.4507278097139272,3200.749898162898,8,0.4507278097139272,3200.749898162898,6,0.0,2,True,True
2025-11-01,251101.0,SPDC 435,22048522,CHARESE GAINOR,0.2761826637588859,3811.14729643711,25,0.2761826637588859,3811.14729643711,20,0.0,5,True,True
2025-11-01,251101.0,SPDC 435,22207268,Sarah Proctor,0.1822124504363781,4186.6482974269575,49,0.1822124504363781,4186.6482974269575,48,0.0,1,True,True
2025-11-01,251101.0,SPDC 435,22226725,Greta Block,0.117542726288477,4466.344143278199,63,0.117542726288477,4466.344143278199,65,0.0,2,True,True
2025-11-01,251101.0,SPDC 435,22344218,Amanda Van Straten,0.1857686853443164,4171.786035115752,47,0.1857686853443164,4171.786035115752,52,0.0,5,True,True
2025-11-01,251101.0,SPDC 435,22389912,Tazia Statucki,0.1402243375549126,4366.180492244325,59,0.1402243375549126,4366.180492244325,47,0.0,12,True,True
2025-11-01,251101.0,SPDC 435,22423946,Jennifer Sipple,0.5110208159618498,3013.469640160891,4,0.5110208159618498,3013.469640160891,5,0.0,1,True,True
2025-11-01,251101.0,SPDC 435,22477087,Toni MacReynolds,0.2153176095326784,4050.31771305204,37,0.2153176095326784,4050.31771305204,42,0.0,5,True,True
2025-11-01,251101.0,SPDC 435,22477088,Samantha Saake,0.3017393550761664,3714.9810609617457,23,0.3017393550761664,3714.9810609617457,25,0.0,2,True,True
2025-11-01,251101.0,SPDC 435,22477750,Jessica Norris,0.1777836459261617,4205.23126407822,50,0.1777836459261617,4205.23126407822,54,0.0,4,True,True
2025-11-01,251101.0,SPDC 435,22489256,Alyssa Graham,0.0957197204904067,4564.884510175139,68,0.0957197204904067,4564.884510175139,70,0.0,2,True,True
2025-11-01,251101.0,SPDC 435,22549913,Sabrina Monserate-Lindsay,0.2714288656063581,3829.307853023856,26,0.2714288656063581,3829.307853023856,31,0.0,5,True,True
2025-11-01,251101.0,SPDC 435,22557667,Angela Morford,0.1203967833042009,4453.615115767077,62,0.1203967833042009,4453.615115767077,64,0.0,2,True,True
2025-11-01,251101.0,SPDC 435,22609934,Christine Parsons,0.2590210242840597,3877.117289819449,28,0.2590210242840597,3877.117289819449,22,0.0,6,True,True
2025-11-01,251101.0,SPDC 435,22640026,Leslie Richardson,0.359752314962153,3505.596250483137,18,0.359752314962153,3505.596250483137,11,0.0,7,True,True
2025-11-01,251101.0,SPDC 435,22700663,Carter Lennon,0.1530338431485592,4310.6085631417245,56,0.1530338431485592,4310.6085631417245,60,0.0,4,True,True
2025-11-01,251101.0,SPDC 435,22703189,Beatrice Endler,0.4687384341180627,3143.618425050377,6,0.4687384341180627,3143.618425050377,4,0.0,2,True,True
2025-11-01,251101.0,SPDC 435,22729973,Ashley Tucker,0.1839575516812384,4179.348543528673,48,0.1839575516812384,4179.348543528673,53,0.0,5,True,True
2025-11-01,251101.0,SPDC 435,22732244,Amber Whitear,0.2531630319555784,3899.896066970923,30,0.2531630319555784,3899.896066970923,34,0.0,4,True,True
2025-11-01,251101.0,SPDC 435,22755028,Jarom Chung,0.3056314759960408,3700.55000737774,21,0.3056314759960408,3700.55000737774,28,0.0,7,True,True
2025-11-01,251101.0,SPDC 435,22814478,Irene Ho,0.1577669050225662,4290.2543928690175,54,0.1577669050225662,4290.2543928690175,58,0.0,4,True,True
2025-11-01,251101.0,SPDC 435,22825074,Katherine Wood,0.123310181401848,4440.658844513443,61,0.123310181401848,4440.658844513443,63,0.0,2,True,True
2025-11-01,251101.0,SPDC 435,22838801,Bonnie Smith,0.1539774675791137,4306.5428861287455,55,0.1539774675791137,4306.5428861287455,59,0.0,4,True,True
2025-11-01,251101.0,SPDC 435,22860511,Lydia Utkin,0.2413355797974677,3946.295755273613,32,0.2413355797974677,3946.295755273613,36,0.0,4,True,True
2025-11-01,251101.0,SPDC 435,23741633,Kim Knaub,0.4645603629265716,3156.7801628215866,7,0.4645603629265716,3156.7801628215866,8,0.0,1,True,True
2025-11-01,251101.0,SPDC 435,23749556,Audrey Nelson,0.1097825165905188,4501.138742493217,66,0.1097825165905188,4501.138742493217,68,0.0,2,True,True
2025-11-01,251101.0,SPDC 435,23750128,Jasmine Lambert,0.4722288192146966,3132.6651129089582,5,0.4722288192146966,3132.6651129089582,7,0.0,2,True,True
2025-11-01,251101.0,SPDC 435,23764458,Megan Banks,0.1900712867051037,4153.875062363234,46,0.1900712867051037,4153.875062363234,51,0.0,5,True,True
2025-11-01,251101.0,SPDC 435,23848490,Ryder Jackson,0.2301297429321711,3990.765999534736,35,0.2301297429321711,3990.765999534736,40,0.0,5,True,True
2025-11-01,251101.0,SPDC 435,23855343,Elizabeth Winters,0.1415236103538927,4360.511316395812,58,0.1415236103538927,4360.511316395812,61,0.0,3,True,True
2025-11-01,251101.0,SPDC 435,23887819,Chris Viox,0.4101445530313921,3333.318592979632,11,0.4101445530313921,3333.318592979632,19,0.0,8,True,True
2025-11-01,251101.0,SPDC 435,23994944,Cassie VonRueden,0.099175536660194,4549.1363355428575,67,0.099175536660194,4549.1363355428575,69,0.0,2,True,True
2025-11-01,251101.0,SPDC 435,24126099,Nicole Pichette,0.2847593435015761,3778.600079663404,24,0.2847593435015761,3778.600079663404,30,0.0,6,True,True
2025-11-01,251101.0,SPDC 435,24244256,Kelsie Foster,0.2150775462446164,4051.290162359952,38,0.2150775462446164,4051.290162359952,43,0.0,5,True,True
2025-11-01,251101.0,SPDC 435,24638757,Angella Caton,0.168457921829098,4244.631523033439,52,0.168457921829098,4244.631523033439,56,0.0,4,True,True
2025-11-08,251108.0,MN2025 - Minnesota Speed Puzzling Championship,17731928,Kara Taylor,0.2664940777976649,3769.407668211879,11,0.2664940777976649,3769.407668211879,13,0.0,2,True,True
2025-11-08,251108.0,MN2025 - Minnesota Speed Puzzling Championship,18141625,Andrea Kyle,0.4991499582045083,2986.977455074496,3,0.4991499582045083,2986.977455074496,2,0.0,1,True,True
2025-11-08,251108.0,MN2025 - Minnesota Speed Puzzling Championship,18475588,Dawne Rasmusson,0.5400673323695881,2867.224868939501,2,0.5400673323695881,2867.224868939501,3,0.0,1,True,True
2025-11-08,251108.0,MN2025 - Minnesota Speed Puzzling Championship,18846642,Heather Mueller,0.3390189984259416,3505.7095918282766,7,0.3390189984259416,3505.7095918282766,10,0.0,3,True,True
2025-11-08,251108.0,MN2025 - Minnesota Speed Puzzling Championship,20563304,Jessica Derby,0.3674638413465136,3407.395131688873,5,0.3674638413465136,3407.395131688873,4,0.0,1,True,True
2025-11-08,251108.0,MN2025 - Minnesota Speed Puzzling Championship,21113122,Jeremy Seidling,0.2672234545281477,3766.659352371632,10,0.2672234545281477,3766.659352371632,9,0.0,1,True,True
2025-11-08,251108.0,MN2025 - Minnesota Speed Puzzling Championship,21198876,Angie Gazdic,0.3119167382474328,3602.02148501077,9,0.3119167382474328,3602.02148501077,8,0.0,1,True,True
2025-11-08,251108.0,MN2025 - Minnesota Speed Puzzling Championship,21594891,Kinsey Keltz,0.2118408219033218,3981.151614521512,14,0.2118408219033218,3981.151614521512,15,0.0,1,True,True
2025-11-08,251108.0,MN2025 - Minnesota Speed Puzzling Championship,21960422,Andrew Paul,0.2557618311491927,3810.0797420024255,13,0.2557618311491927,3810.0797420024255,14,0.0,1,True,True
2025-11-08,251108.0,MN2025 - Minnesota Speed Puzzling Championship,22477750,Jessica Norris,0.186462244281964,4083.4805692425434,15,0.186462244281964,4083.4805692425434,17,0.0,2,True,True
2025-11-08,251108.0,MN2025 - Minnesota Speed Puzzling Championship,22858691,Chelsea Suedkamp,0.3132717326742299,3597.1440711539253,8,0.3132717326742299,3597.1440711539253,7,0.0,1,True,True
2025-11-08,251108.0,MN2025 - Minnesota Speed Puzzling Championship,23742868,Katie Erickson,0.3746516504594523,3382.991236248988,4,0.3746516504594523,3382.991236248988,5,0.0,1,True,True
2025-11-08,251108.0,MN2025 - Minnesota Speed Puzzling Championship,23765024,David Telintelo,0.1763479287362415,4124.991754980196,17,0.1763479287362415,4124.991754980196,11,0.0,6,True,True
2025-11-15,251115.0,CA2025 - California Speed Puzzling Championship,17732010,Yvonne Feucht,0.4326375490023664,3219.6188396939256,12,0.4326375490023664,3219.6188396939256,9,0.0,3,True,True
2025-11-15,251115.0,CA2025 - California Speed Puzzling Championship,17732023,Andrew Bradburn,0.3482269864902331,3503.1884597457865,21,0.3482269864902331,3503.1884597457865,23,0.0,2,True,True
2025-11-15,251115.0,CA2025 - California Speed Puzzling Championship,17887918,Aly Krasny,0.3342587620119092,3552.465135172956,23,0.3342587620119092,3552.465135172956,29,0.0,6,True,True
2025-11-15,251115.0,CA2025 - California Speed Puzzling Championship,17915498,Melynda Owens,0.2583120786586969,3832.7725708210983,27,0.2583120786586969,3832.7725708210983,33,0.0,6,True,True
2025-11-15,251115.0,CA2025 - California Speed Puzzling Championship,18141627,Alyssa Zackler,0.3751202520496756,3410.2318382349144,19,0.3751202520496756,3410.2318382349144,21,0.0,2,True,True
2025-11-15,251115.0,CA2025 - California Speed Puzzling Championship,18852026,Kimberly Kenne,0.2174945335041009,3992.453664012896,33,0.2174945335041009,3992.453664012896,25,0.0,8,True,True
2025-11-15,251115.0,CA2025 - California Speed Puzzling Championship,18956787,Kelly Buhr,0.4848326320348003,3055.880896087482,6,0.4848326320348003,3055.880896087482,12,0.0,6,True,True
2025-11-15,251115.0,CA2025 - California Speed Puzzling Championship,19548766,Lindsay Steenstra,0.2008171198107819,4059.595787691826,37,0.2008171198107819,4059.595787691826,38,0.0,1,True,True
2025-11-15,251115.0,CA2025 - California Speed Puzzling Championship,20453946,Sammy Brownlow,0.4612381916517026,3128.8400259786345,9,0.4612381916517026,3128.8400259786345,17,0.0,8,True,True
2025-11-15,251115.0,CA2025 - California Speed Puzzling Championship,20503559,Mandi Schalon,0.2372053164016038,3914.529769959209,32,0.2372053164016038,3914.529769959209,35,0.0,3,True,True
2025-11-15,251115.0,CA2025 - California Speed Puzzling Championship,20720345,Doug Ellwanger,0.3631204218329422,3451.400556096273,20,0.3631204218329422,3451.400556096273,16,0.0,4,True,True
2025-11-15,251115.0,CA2025 - California Speed Puzzling Championship,20737662,Michael Suey,0.2088551497426023,4027.0954296515847,36,0.2088551497426023,4027.0954296515847,37,0.0,1,True,True
2025-11-15,251115.0,CA2025 - California Speed Puzzling Championship,21088908,Elizabeth Forsyth,0.1974519533667124,4073.280015150842,38,0.1974519533667124,4073.280015150842,32,0.0,6,True,True
2025-11-15,251115.0,CA2025 - California Speed Puzzling Championship,21178749,Yuewen Chun,0.3003157574666059,3675.116273895781,25,0.3003157574666059,3675.116273895781,28,0.0,3,True,True
2025-11-15,251115.0,CA2025 - California Speed Puzzling Championship,21394027,Elizabeth Tashiro,0.2116546065162356,4015.8375154473815,35,0.2116546065162356,4015.8375154473815,26,0.0,9,True,True
2025-11-15,251115.0,CA2025 - California Speed Puzzling Championship,21566454,Alice Rowe,0.7504216780507381,2343.1094000585904,1,0.7504216780507381,2343.1094000585904,2,0.0,1,True,True
2025-11-15,251115.0,CA2025 - California Speed Puzzling Championship,21594891,Kinsey Keltz,0.2134821905481345,4008.504937421645,34,0.2134821905481345,4008.504937421645,36,0.0,2,True,True
2025-11-15,251115.0,CA2025 - California Speed Puzzling Championship,21925075,Diana Jaffe,0.4021620608034488,3319.2487193967227,16,0.4021620608034488,3319.2487193967227,15,0.0,1,True,True
2025-11-15,251115.0,CA2025 - California Speed Puzzling Championship,21927536,Skye Vandeleest,0.4569024335197028,3142.435371331575,11,0.4569024335197028,3142.435371331575,10,0.0,1,True,True
2025-11-15,251115.0,CA2025 - California Speed Puzzling Championship,21927541,Chloe Glikbarg,0.4194194485281708,3262.458591337904,15,0.4194194485281708,3262.458591337904,14,0.0,1,True,True
2025-11-15,251115.0,CA2025 - California Speed Puzzling Championship,21935409,Darya Leylian,0.2456914569068935,3881.45107406188,29,0.2456914569068935,3881.45107406188,31,0.0,2,True,True
2025-11-15,251115.0,CA2025 - California Speed Puzzling Championship,21936039,Caroline Orsi,0.3421375982274222,3524.585816723246,22,0.3421375982274222,3524.585816723246,24,0.0,2,True,True
2025-11-15,251115.0,CA2025 - California Speed Puzzling Championship,21968530,Alison Youngblood,0.2582757901036424,3832.91165912319,28,0.2582757901036424,3832.91165912319,22,0.0,6,True,True
2025-11-15,251115.0,CA2025 - California Speed Puzzling Championship,22035202,Rebecca Streitz,0.4304852924014175,3226.5557479196896,13,0.4304852924014175,3226.5557479196896,20,0.0,7,True,True
2025-11-15,251115.0,CA2025 - California Speed Puzzling Championship,22035203,Jessica Streitz,0.4595171430258144,3134.229548290633,10,0.4595171430258144,3134.229548290633,6,0.0,4,True,True
2025-11-15,251115.0,CA2025 - California Speed Puzzling Championship,22862266,Kaitlyn McCluskie,0.4276869742046561,3235.597322282926,14,0.4276869742046561,3235.597322282926,11,0.0,3,True,True
2025-11-15,251115.0,CA2025 - California Speed Puzzling Championship,23741737,Christopher Nammour,0.3873315485059176,3368.8417141369514,17,0.3873315485059176,3368.8417141369514,13,0.0,4,True,True
2025-11-15,251115.0,CA2025 - California Speed Puzzling Championship,23758655,Hannah Doyle,0.6672923009497319,2546.215725866275,2,0.6672923009497319,2546.215725866275,1,0.0,1,True,True
2025-11-15,251115.0,CA2025 - California Speed Puzzling Championship,23764984,Helen Hu,0.318046835692299,3610.5268123398337,24,0.318046835692299,3610.5268123398337,19,0.0,5,True,True
2025-11-15,251115.0,CA2025 - California Speed Puzzling Championship,23820090,Matthew Swanson,0.2423725408038168,3894.354685692444,31,0.2423725408038168,3894.354685692444,30,0.0,1,True,True
2025-11-15,251115.0,CA2025 - California Speed Puzzling Championship,23888265,Feifei Xue,0.2693004203022304,3790.887302636783,26,0.2693004203022304,3790.887302636783,27,0.0,1,True,True
2025-11-15,251115.0,CA2025 - California Speed Puzzling Championship,24493539,Karen Christopher,0.2454311630872118,3882.461523288997,30,0.2454311630872118,3882.461523288997,34,0.0,4,True,True
2025-11-15,251115.01,Chicago Puzzle Club USAJPA Sanctioned Speed Puzzle Competition,23765860,Kate Yee,0.379520992550881,3544.3488657858297,4,0.379520992550881,3544.3488657858297,1,0.0,3,True,True
2025-11-15,251115.01,Chicago Puzzle Club USAJPA Sanctioned Speed Puzzle Competition,23887819,Chris Viox,0.4526033772837553,3294.5582150562054,1,0.4526033772837553,3294.5582150562054,4,0.0,3,True,True
2026-01-25,260125.0,Saint Paul Winter Carnival,17593435,Aly Krasny,0.3414569593667655,3524.0315326789887,27,0.3414569593667655,3524.0315326789887,34,0.0,7,True,True
2026-01-25,260125.0,Saint Paul Winter Carnival,17731928,Kara Taylor,0.2555106617086828,3840.305626516848,32,0.2555106617086828,3840.305626516848,37,0.0,5,True,True
2026-01-25,260125.0,Saint Paul Winter Carnival,17731998,Liz Walters,0.3246030179061909,3583.92868757156,28,0.3246030179061909,3583.92868757156,24,0.0,4,True,True
2026-01-25,260125.0,Saint Paul Winter Carnival,17732010,Yvonne Feucht,0.445351787003546,3176.280405510658,13,0.445351787003546,3176.280405510658,10,0.0,3,True,True
2026-01-25,260125.0,Saint Paul Winter Carnival,17732023,Andrew Bradburn,0.3685605075354463,3429.800539866305,20,0.3685605075354463,3429.800539866305,26,0.0,6,True,True
2026-01-25,260125.0,Saint Paul Winter Carnival,18256922,Phil Ehresmann,0.2357590596384632,3916.911872634751,37,0.2357590596384632,3916.911872634751,39,0.0,2,True,True
2026-01-25,260125.0,Saint Paul Winter Carnival,18542626,Jeanne Roiter,0.6084062970799354,2698.3927508517927,3,0.6084062970799354,2698.3927508517927,2,0.0,1,True,True
2026-01-25,260125.0,Saint Paul Winter Carnival,18846642,Heather Mueller,0.3595016336359489,3461.011826571432,23,0.3595016336359489,3461.011826571432,33,0.0,10,True,True
2026-01-25,260125.0,Saint Paul Winter Carnival,18852026,Kimberly Kenne,0.2406898512982634,3897.645933441048,35,0.2406898512982634,3897.645933441048,29,0.0,6,True,True
2026-01-25,260125.0,Saint Paul Winter Carnival,19326944,Min-Yee Deng,0.5191369195214276,2950.35557167233,6,0.5191369195214276,2950.35557167233,5,0.0,1,True,True
2026-01-25,260125.0,Saint Paul Winter Carnival,19548766,Lindsay Steenstra,0.2134840300558281,4005.1401966929698,40,0.2134840300558281,4005.1401966929698,45,0.0,5,True,True
2026-01-25,260125.0,Saint Paul Winter Carnival,19573602,Isabel Urrutia,0.2230660758176226,3966.946041352505,39,0.2230660758176226,3966.946041352505,41,0.0,2,True,True
2026-01-25,260125.0,Saint Paul Winter Carnival,19958106,Taylor Reed,0.4197274508929873,3258.722229772265,14,0.4197274508929873,3258.722229772265,17,0.0,3,True,True
2026-01-25,260125.0,Saint Paul Winter Carnival,20503559,Mandi Schalon,0.2491360733235011,3864.864186352193,34,0.2491360733235011,3864.864186352193,38,0.0,4,True,True
2026-01-25,260125.0,Saint Paul Winter Carnival,20533720,Melissa Cody,0.1647401827734547,4205.202430130916,46,0.1647401827734547,4205.202430130916,49,0.0,3,True,True
2026-01-25,260125.0,Saint Paul Winter Carnival,20539458,Kyle Kossin,0.4888430941419275,3041.1006969097857,7,0.4888430941419275,3041.1006969097857,6,0.0,1,True,True
2026-01-25,260125.0,Saint Paul Winter Carnival,20563304,Jessica Derby,0.3807388036516281,3388.2847223348185,18,0.3807388036516281,3388.2847223348185,15,0.0,3,True,True
2026-01-25,260125.0,Saint Paul Winter Carnival,20722068,Elizabeth Nelson,0.378390619232711,3396.250388493036,19,0.378390619232711,3396.250388493036,14,0.0,5,True,True
2026-01-25,260125.0,Saint Paul Winter Carnival,20737327,Amy Paull,0.3648418440914069,3442.578557602957,21,0.3648418440914069,3442.578557602957,20,0.0,1,True,True
2026-01-25,260125.0,Saint Paul Winter Carnival,20739624,Mari Black,0.6196374822692854,2668.2561537886672,1,0.6196374822692854,2668.2561537886672,3,0.0,2,True,True
2026-01-25,260125.0,Saint Paul Winter Carnival,21181014,Emily Chandran,0.4752954063822426,3082.5809257539504,9,0.4752954063822426,3082.5809257539504,7,0.0,2,True,True
2026-01-25,260125.0,Saint Paul Winter Carnival,21394027,Elizabeth Tashiro,0.2039121819900578,4043.6608529668,41,0.2039121819900578,4043.6608529668,30,0.0,11,True,True
2026-01-25,260125.0,Saint Paul Winter Carnival,21576268,Lauren Kautz,0.6090437183725406,2696.6732859265844,2,0.6090437183725406,2696.6732859265844,1,0.0,1,True,True
2026-01-25,260125.0,Saint Paul Winter Carnival,21851725,Maud Dias,0.459308655018098,3132.257405331596,12,0.459308655018098,3132.257405331596,13,0.0,1,True,True
2026-01-25,260125.0,Saint Paul Winter Carnival,21858254,Kara Bingham,0.2507604231765887,3858.591390765424,33,0.2507604231765887,3858.591390765424,36,0.0,3,True,True
2026-01-25,260125.0,Saint Paul Winter Carnival,21916024,Emmie Lee,0.2392784948428266,3903.150784930288,36,0.2392784948428266,3903.150784930288,35,0.0,1,True,True
2026-01-25,260125.0,Saint Paul Winter Carnival,21918754,Karen Ni,0.3073091003782566,3646.447897574091,30,0.3073091003782566,3646.447897574091,28,0.0,2,True,True
2026-01-25,260125.0,Saint Paul Winter Carnival,21921863,Janna Goodrich,0.2233332007428285,3965.886512707464,38,0.2233332007428285,3965.886512707464,40,0.0,2,True,True
2026-01-25,260125.0,Saint Paul Winter Carnival,21964658,Cosmo Smith,0.3464413711906324,3506.5100117537577,24,0.3464413711906324,3506.5100117537577,21,0.0,3,True,True
2026-01-25,260125.0,Saint Paul Winter Carnival,21988310,Ashley Bromiley,0.3644673748550395,3443.867938768283,22,0.3644673748550395,3443.867938768283,23,0.0,1,True,True
2026-01-25,260125.0,Saint Paul Winter Carnival,22074241,Josh Nelson,0.3050389563567076,3654.735262665704,31,0.3050389563567076,3654.735262665704,22,0.0,9,True,True
2026-01-25,260125.0,Saint Paul Winter Carnival,22251076,Jessica Henderson,0.1439103900798264,4293.7145694591045,48,0.1439103900798264,4293.7145694591045,43,0.0,5,True,True
2026-01-25,260125.0,Saint Paul Winter Carnival,22324939,Lindsey Anderson,0.1793383401870732,4144.26012802077,44,0.1793383401870732,4144.26012802077,32,0.0,12,True,True
2026-01-25,260125.0,Saint Paul Winter Carnival,22389912,Tazia Statucki,0.131641287379141,4346.719088523482,50,0.131641287379141,4346.719088523482,42,0.0,8,True,True
2026-01-25,260125.0,Saint Paul Winter Carnival,22423946,Jennifer Sipple,0.5608687874427389,2829.7654487986065,5,0.5608687874427389,2829.7654487986065,8,0.0,3,True,True
2026-01-25,260125.0,Saint Paul Winter Carnival,22447425,Kevin Erickson,0.1377378706893454,4320.299569703719,49,0.1377378706893454,4320.299569703719,44,0.0,5,True,True
2026-01-25,260125.0,Saint Paul Winter Carnival,22645517,Marguerite Byrnes,0.1982619052064737,4066.5733259542017,42,0.1982619052064737,4066.5733259542017,46,0.0,4,True,True
2026-01-25,260125.0,Saint Paul Winter Carnival,22729973,Ashley Tucker,0.1763880207684767,4156.505073520371,45,0.1763880207684767,4156.505073520371,48,0.0,3,True,True
2026-01-25,260125.0,Saint Paul Winter Carnival,22838801,Bonnie Smith,0.15598744014455,4242.171037040113,47,0.15598744014455,4242.171037040113,50,0.0,3,True,True
2026-01-25,260125.0,Saint Paul Winter Carnival,22857066,Nathan Biberdorf,0.4680539904103745,3104.9841942989497,10,0.4680539904103745,3104.9841942989497,12,0.0,2,True,True
2026-01-25,260125.0,Saint Paul Winter Carnival,22871519,Grace Byrnes,0.3097244617808702,3637.651036142151,29,0.3097244617808702,3637.651036142151,27,0.0,2,True,True
2026-01-25,260125.0,Saint Paul Winter Carnival,23742868,Katie Erickson,0.3431737084672834,3517.9868448058864,26,0.3431737084672834,3517.9868448058864,18,0.0,8,True,True
2026-01-25,260125.0,Saint Paul Winter Carnival,23750128,Jasmine Lambert,0.4818858073292717,3062.332278143649,8,0.4818858073292717,3062.332278143649,9,0.0,1,True,True
2026-01-25,260125.0,Saint Paul Winter Carnival,23764523,Aubrey Barrow,0.4051078837925241,3306.713287552253,17,0.4051078837925241,3306.713287552253,19,0.0,2,True,True
2026-01-25,260125.0,Saint Paul Winter Carnival,23888265,Feifei Xue,0.3450832969720544,3511.275347705436,25,0.3450832969720544,3511.275347705436,31,0.0,6,True,True
2026-01-25,260125.0,Saint Paul Winter Carnival,24179977,Emily Howard,0.192446977363267,4090.289042177348,43,0.192446977363267,4090.289042177348,47,0.0,4,True,True
2026-01-25,260125.0,Saint Paul Winter Carnival,24581974,Jessica Rottenbacher,0.4150397042120454,3274.034155263026,15,0.4150397042120454,3274.034155263026,25,0.0,10,True,True
2026-03-27,260327.01,2026 USA Jigsaw Nationals Individual Prelim A,18518434,Elizabeth McElveen,0.3307499533653324,3237.054456122828,24,0.3307499533653324,3237.054456122828,34,0.0,10,True,True
2026-03-27,260327.01,2026 USA Jigsaw Nationals Individual Prelim A,19369070,Amanda Messinger,0.2230237044094709,3605.246143540444,38,0.2230237044094709,3605.246143540444,28,0.0,10,True,True
2026-03-27,260327.01,2026 USA Jigsaw Nationals Individual Prelim A,20453946,Sammy Brownlow,0.4712596576517271,2812.7259259708467,11,0.4712596576517271,2812.7259259708467,14,0.0,3,True,True
2026-03-27,260327.01,2026 USA Jigsaw Nationals Individual Prelim A,20533269,Elizaveta Gallagher,0.2936790129060393,3359.307119528941,28,0.2936790129060393,3359.307119528941,27,0.0,1,True,True
2026-03-27,260327.01,2026 USA Jigsaw Nationals Individual Prelim A,20539458,Kyle Kossin,0.498828925538732,2736.2403021902383,6,0.498828925538732,2736.2403021902383,5,0.0,1,True,True
2026-03-27,260327.01,2026 USA Jigsaw Nationals Individual Prelim A,20722129,Karen Kavett,0.4608473959831402,2842.1657659963057,12,0.4608473959831402,2842.1657659963057,17,0.0,5,True,True
2026-03-27,260327.01,2026 USA Jigsaw Nationals Individual Prelim A,20859985,Jessa Douglas,0.5465864442045925,2608.6355503251734,4,0.5465864442045925,2608.6355503251734,7,0.0,3,True,True
2026-03-27,260327.01,2026 USA Jigsaw Nationals Individual Prelim A,20860009,Andrea Heistand,0.4896278370074478,2761.532872604446,8,0.4896278370074478,2761.532872604446,3,0.0,5,True,True
2026-03-27,260327.01,2026 USA Jigsaw Nationals Individual Prelim A,21085430,Kristen Sweeney,0.1444284599471019,3900.0340787678338,51,0.1444284599471019,3900.0340787678338,44,0.0,7,True,True
2026-03-27,260327.01,2026 USA Jigsaw Nationals Individual Prelim A,21178749,Yuewen Chun,0.286248430509303,3384.361697650865,29,0.286248430509303,3384.361697650865,32,0.0,3,True,True
2026-03-27,260327.01,2026 USA Jigsaw Nationals Individual Prelim A,21187349,Alison Filley,0.2217727183785387,3609.759078324723,39,0.2217727183785387,3609.759078324723,35,0.0,4,True,True
2026-03-27,260327.01,2026 USA Jigsaw Nationals Individual Prelim A,21394027,Elizabeth Tashiro,0.2030402896622955,3678.0159454360455,43,0.2030402896622955,3678.0159454360455,30,0.0,13,True,True
2026-03-27,260327.01,2026 USA Jigsaw Nationals Individual Prelim A,21423906,Gail McCormick,0.3911877602772091,3047.208698947678,17,0.3911877602772091,3047.208698947678,22,0.0,5,True,True
2026-03-27,260327.01,2026 USA Jigsaw Nationals Individual Prelim A,21581068,Andrea Peng,0.5155774169652453,2690.794045415704,5,0.5155774169652453,2690.794045415704,4,0.0,1,True,True
2026-03-27,260327.01,2026 USA Jigsaw Nationals Individual Prelim A,21617866,Margaret Long,0.3673748036838999,3120.6426167064774,20,0.3673748036838999,3120.6426167064774,12,0.0,8,True,True
2026-03-27,260327.01,2026 USA Jigsaw Nationals Individual Prelim A,21832826,Krystal Cotriss,0.1516388442222427,3872.0144718343936,49,0.1516388442222427,3872.0144718343936,51,0.0,2,True,True
2026-03-27,260327.01,2026 USA Jigsaw Nationals Individual Prelim A,21851725,Maud Dias,0.474262639335419,2804.2920312875385,9,0.474262639335419,2804.2920312875385,10,0.0,1,True,True
2026-03-27,260327.01,2026 USA Jigsaw Nationals Individual Prelim A,21858254,Kara Bingham,0.2566223087496301,3486.127225086075,35,0.2566223087496301,3486.127225086075,37,0.0,2,True,True
2026-03-27,260327.01,2026 USA Jigsaw Nationals Individual Prelim A,21892775,Andrea Reynolds,0.2612131903714593,3470.159508669872,34,0.2612131903714593,3470.159508669872,21,0.0,13,True,True
2026-03-27,260327.01,2026 USA Jigsaw Nationals Individual Prelim A,21896776,Tally Klinefelter,0.4435824304155719,2891.661703442421,13,0.4435824304155719,2891.661703442421,8,0.0,5,True,True
2026-03-27,260327.01,2026 USA Jigsaw Nationals Individual Prelim A,21900482,Hiromi Kimura,0.1583040871660343,3846.292371946411,47,0.1583040871660343,3846.292371946411,49,0.0,2,True,True
2026-03-27,260327.01,2026 USA Jigsaw Nationals Individual Prelim A,21918754,Karen Ni,0.2995077939073972,3339.783409005361,26,0.2995077939073972,3339.783409005361,25,0.0,1,True,True
2026-03-27,260327.01,2026 USA Jigsaw Nationals Individual Prelim A,21927536,Skye Vandeleest,0.4731246595769711,2807.4850753210767,10,0.4731246595769711,2807.4850753210767,9,0.0,1,True,True
2026-03-27,260327.01,2026 USA Jigsaw Nationals Individual Prelim A,21988310,Ashley Bromiley,0.3820429246763299,3075.2027268424217,18,0.3820429246763299,3075.2027268424217,20,0.0,2,True,True
2026-03-27,260327.01,2026 USA Jigsaw Nationals Individual Prelim A,22408132,Jen Lunsford,0.4094854815127439,2991.958739303427,14,0.4094854815127439,2991.958739303427,13,0.0,1,True,True
2026-03-27,260327.01,2026 USA Jigsaw Nationals Individual Prelim A,22423946,Jennifer Sipple,0.5524170591328739,2593.469856567688,3,0.5524170591328739,2593.469856567688,6,0.0,3,True,True
2026-03-27,260327.01,2026 USA Jigsaw Nationals Individual Prelim A,22477087,Toni MacReynolds,0.2078077749250331,3660.5227909315713,41,0.2078077749250331,3660.5227909315713,45,0.0,4,True,True
2026-03-27,260327.01,2026 USA Jigsaw Nationals Individual Prelim A,22557667,Angela Morford,0.1547287609770194,3860.06873461434,48,0.1547287609770194,3860.06873461434,50,0.0,2,True,True
2026-03-27,260327.01,2026 USA Jigsaw Nationals Individual Prelim A,22640026,Leslie Richardson,0.4070270950094131,2999.3231788970897,16,0.4070270950094131,2999.3231788970897,11,0.0,5,True,True
2026-03-27,260327.01,2026 USA Jigsaw Nationals Individual Prelim A,22713270,Christina Harwell,0.4913623623464416,2756.747075605401,7,0.4913623623464416,2756.747075605401,16,0.0,9,True,True
2026-03-27,260327.01,2026 USA Jigsaw Nationals Individual Prelim A,22729973,Ashley Tucker,0.1913038235154909,3721.437162470108,44,0.1913038235154909,3721.437162470108,47,0.0,3,True,True
2026-03-27,260327.01,2026 USA Jigsaw Nationals Individual Prelim A,22755028,Jarom Chung,0.3461809722587858,3187.4868307013594,22,0.3461809722587858,3187.4868307013594,33,0.0,11,True,True
2026-03-27,260327.01,2026 USA Jigsaw Nationals Individual Prelim A,22861932,Trish Doty,0.1868774293202649,3737.946221169653,45,0.1868774293202649,3737.946221169653,43,0.0,2,True,True
2026-03-27,260327.01,2026 USA Jigsaw Nationals Individual Prelim A,22862145,Katie Ruberg,0.2691938385222409,3442.5756017351628,31,0.2691938385222409,3442.5756017351628,29,0.0,2,True,True
2026-03-27,260327.01,2026 USA Jigsaw Nationals Individual Prelim A,23149275,Lori Eich,0.1509298318019808,3874.760751644556,50,0.1509298318019808,3874.760751644556,41,0.0,9,True,True
2026-03-27,260327.01,2026 USA Jigsaw Nationals Individual Prelim A,23742868,Katie Erickson,0.3412317026959142,3203.301665913508,23,0.3412317026959142,3203.301665913508,15,0.0,8,True,True
2026-03-27,260327.01,2026 USA Jigsaw Nationals Individual Prelim A,23764984,Helen Hu,0.3296205150523571,3240.7125748676267,25,0.3296205150523571,3240.7125748676267,18,0.0,7,True,True
2026-03-27,260327.01,2026 USA Jigsaw Nationals Individual Prelim A,23764995,Tara Griffitts,0.2673826435446643,3448.816427344908,32,0.2673826435446643,3448.816427344908,26,0.0,6,True,True
2026-03-27,260327.01,2026 USA Jigsaw Nationals Individual Prelim A,23820090,Matthew Swanson,0.2412577067030873,3540.10378490973,36,0.2412577067030873,3540.10378490973,39,0.0,3,True,True
2026-03-27,260327.01,2026 USA Jigsaw Nationals Individual Prelim A,23848490,Ryder Jackson,0.2383831404094649,3550.2946881218027,37,0.2383831404094649,3550.2946881218027,42,0.0,5,True,True
2026-03-27,260327.01,2026 USA Jigsaw Nationals Individual Prelim A,23888265,Feifei Xue,0.3627367491948907,3135.1499440846715,21,0.3627367491948907,3135.1499440846715,31,0.0,10,True,True
2026-03-27,260327.01,2026 USA Jigsaw Nationals Individual Prelim A,23984023,Dakota Scully,0.2991505131454954,3340.976862552619,27,0.2991505131454954,3340.976862552619,36,0.0,9,True,True
2026-03-27,260327.01,2026 USA Jigsaw Nationals Individual Prelim A,24108422,Melinda Shokler,0.408594312439731,2994.626268832991,15,0.408594312439731,2994.626268832991,24,0.0,9,True,True
2026-03-27,260327.01,2026 USA Jigsaw Nationals Individual Prelim A,24184546,Alex Sepela,0.1601231981880864,3839.30189924925,46,0.1601231981880864,3839.30189924925,48,0.0,2,True,True
2026-03-27,260327.01,2026 USA Jigsaw Nationals Individual Prelim A,24184814,Alexandra Michonski,0.2627541653755472,3464.81619761855,33,0.2627541653755472,3464.81619761855,23,0.0,10,True,True
2026-03-27,260327.01,2026 USA Jigsaw Nationals Individual Prelim A,24675695,Jamie Kosberg,0.2042300618599313,3673.6425465118296,42,0.2042300618599313,3673.6425465118296,46,0.0,4,True,True
2026-03-27,260327.01,2026 USA Jigsaw Nationals Individual Prelim A,24718378,Arabella Etzold-Erickson,0.275004848535874,3422.6287721840017,30,0.275004848535874,3422.6287721840017,38,0.0,8,True,True
2026-03-29,260329.02,2026 USA Jigsaw Nationals Individual Final,2368819,Meagan Brucker-Hahn,0.3351010276538686,3797.659236514629,123,0.3351010276538686,3797.659236514629,138,0.0,15,True,True
2026-03-29,260329.02,2026 USA Jigsaw Nationals Individual Final,17593433,Tammy McLeod,0.4300437114825592,3453.686470432259,69,0.4300437114825592,3453.686470432259,80,0.0,11,True,True
2026-03-29,260329.02,2026 USA Jigsaw Nationals Individual Final,17731902,EB Caron,0.4012647949904599,3554.523860789649,80,0.4012647949904599,3554.523860789649,68,0.0,12,True,True
2026-03-29,260329.02,2026 USA Jigsaw Nationals Individual Final,17731966,Melinda Whiting,0.3896246384653219,3596.140818954821,85,0.3896246384653219,3596.140818954821,102,0.0,17,True,True
2026-03-29,260329.02,2026 USA Jigsaw Nationals Individual Final,17731998,Liz Walters,0.314444722385796,3876.920650720994,135,0.314444722385796,3876.920650720994,147,0.0,12,True,True
2026-03-29,260329.02,2026 USA Jigsaw Nationals Individual Final,17732010,Yvonne Feucht,0.4365023376681756,3431.4522790123065,62,0.4365023376681756,3431.4522790123065,71,0.0,9,True,True
2026-03-29,260329.02,2026 USA Jigsaw Nationals Individual Final,17732023,Andrew Bradburn,0.3106580194503965,3891.6292284609726,140,0.3106580194503965,3891.6292284609726,96,0.0,44,True,True
2026-03-29,260329.02,2026 USA Jigsaw Nationals Individual Final,17915498,Melynda Owens,0.2907506479769708,3969.877612817832,155,0.2907506479769708,3969.877612817832,165,0.0,10,True,True
2026-03-29,260329.02,2026 USA Jigsaw Nationals Individual Final,18141625,Andrea Kyle,0.4674169728419415,3326.993160749727,52,0.4674169728419415,3326.993160749727,53,0.0,1,True,True
2026-03-29,260329.02,2026 USA Jigsaw Nationals Individual Final,18141627,Alyssa Zackler,0.3997904433396271,3559.768344068019,82,0.3997904433396271,3559.768344068019,100,0.0,18,True,True
2026-03-29,260329.02,2026 USA Jigsaw Nationals Individual Final,18495081,Trisha Siedlecki,0.4506878570952874,3383.118973072721,57,0.4506878570952874,3383.118973072721,61,0.0,4,True,True
2026-03-29,260329.02,2026 USA Jigsaw Nationals Individual Final,18518434,Elizabeth McElveen,0.3536098581929193,3728.015505451664,109,0.3536098581929193,3728.015505451664,120,0.0,11,True,True
2026-03-29,260329.02,2026 USA Jigsaw Nationals Individual Final,18852026,Kimberly Kenne,0.2806769836692663,4010.070934349656,162,0.2806769836692663,4010.070934349656,122,0.0,40,True,True
2026-03-29,260329.02,2026 USA Jigsaw Nationals Individual Final,18859031,Michelle Micheli,0.3698779654643938,3667.8583971603007,98,0.3698779654643938,3667.8583971603007,111,0.0,13,True,True
2026-03-29,260329.02,2026 USA Jigsaw Nationals Individual Final,18980068,Tiffany Medeiros,0.6599985434598933,2744.193900282615,6,0.6599985434598933,2744.193900282615,8,0.0,2,True,True
2026-03-29,260329.02,2026 USA Jigsaw Nationals Individual Final,19369070,Amanda Messinger,0.2641399429457137,4076.937000287365,170,0.2641399429457137,4076.937000287365,177,0.0,7,True,True
2026-03-29,260329.02,2026 USA Jigsaw Nationals Individual Final,19573602,Isabel Urrutia,0.2259056828441774,4235.83396735421,188,0.2259056828441774,4235.83396735421,124,0.0,64,True,True
2026-03-29,260329.02,2026 USA Jigsaw Nationals Individual Final,19958106,Taylor Reed,0.4639286483614354,3338.619058100968,53,0.4639286483614354,3338.619058100968,54,0.0,1,True,True
2026-03-29,260329.02,2026 USA Jigsaw Nationals Individual Final,20508154,Meri Cartee,0.3008569824632601,3929.9587582102895,147,0.3008569824632601,3929.9587582102895,160,0.0,13,True,True
2026-03-29,260329.02,2026 USA Jigsaw Nationals Individual Final,20533269,Elizaveta Gallagher,0.3579815989750253,3711.75316130736,107,0.3579815989750253,3711.75316130736,118,0.0,11,True,True
2026-03-29,260329.02,2026 USA Jigsaw Nationals Individual Final,20563304,Jessica Derby,0.3793587901710947,3633.2483995539305,91,0.3793587901710947,3633.2483995539305,88,0.0,3,True,True
2026-03-29,260329.02,2026 USA Jigsaw Nationals Individual Final,20720345,Doug Ellwanger,0.3782999487789249,3637.097470765756,95,0.3782999487789249,3637.097470765756,108,0.0,13,True,True
2026-03-29,260329.02,2026 USA Jigsaw Nationals Individual Final,20722068,Elizabeth Nelson,0.4359498563112105,3433.348616221014,64,0.4359498563112105,3433.348616221014,73,0.0,9,True,True
2026-03-29,260329.02,2026 USA Jigsaw Nationals Individual Final,20722129,Karen Kavett,0.4405144754345423,3417.7124013025104,61,0.4405144754345423,3417.7124013025104,65,0.0,4,True,True
2026-03-29,260329.02,2026 USA Jigsaw Nationals Individual Final,20737327,Amy Paull,0.3857095527278215,3610.2476152246422,88,0.3857095527278215,3610.2476152246422,104,0.0,16,True,True
2026-03-29,260329.02,2026 USA Jigsaw Nationals Individual Final,20850953,Aimee Seligstein,0.3185550880859263,3861.017794723088,130,0.3185550880859263,3861.017794723088,143,0.0,13,True,True
2026-03-29,260329.02,2026 USA Jigsaw Nationals Individual Final,20853119,Kevin Collins,0.4059000107675308,3538.086001653061,77,0.4059000107675308,3538.086001653061,87,0.0,10,True,True
2026-03-29,260329.02,2026 USA Jigsaw Nationals Individual Final,20859985,Jessa Douglas,0.567673321089758,3009.616292636811,21,0.567673321089758,3009.616292636811,22,0.0,1,True,True
2026-03-29,260329.02,2026 USA Jigsaw Nationals Individual Final,20865039,Whitney Presley,0.2977318363596934,3942.259664564034,148,0.2977318363596934,3942.259664564034,93,0.0,55,True,True
2026-03-29,260329.02,2026 USA Jigsaw Nationals Individual Final,20866417,Felisa Lewis,0.1315713865139262,4654.872533658346,198,0.1315713865139262,4654.872533658346,156,0.0,42,True,True
2026-03-29,260329.02,2026 USA Jigsaw Nationals Individual Final,20866603,Cathy Roiter,0.6380217288311285,2805.1701182810384,9,0.6380217288311285,2805.1701182810384,6,0.0,3,True,True
2026-03-29,260329.02,2026 USA Jigsaw Nationals Individual Final,21113122,Jeremy Seidling,0.3109643015714494,3890.4374745223104,139,0.3109643015714494,3890.4374745223104,150,0.0,11,True,True
2026-03-29,260329.02,2026 USA Jigsaw Nationals Individual Final,21178749,Yuewen Chun,0.3054159944236312,3912.0828085240696,145,0.3054159944236312,3912.0828085240696,159,0.0,14,True,True
2026-03-29,260329.02,2026 USA Jigsaw Nationals Individual Final,21181014,Emily Chandran,0.4580567249244061,3358.2808433503656,54,0.4580567249244061,3358.2808433503656,58,0.0,4,True,True
2026-03-29,260329.02,2026 USA Jigsaw Nationals Individual Final,21181439,Chelsea Widmaier,0.2933883086360547,3959.420220406296,151,0.2933883086360547,3959.420220406296,163,0.0,12,True,True
2026-03-29,260329.02,2026 USA Jigsaw Nationals Individual Final,21187349,Alison Filley,0.2610266031202097,4089.649669778008,172,0.2610266031202097,4089.649669778008,179,0.0,7,True,True
2026-03-29,260329.02,2026 USA Jigsaw Nationals Individual Final,21198876,Angie Gazdic,0.3586714600450149,3709.1934503239568,106,0.3586714600450149,3709.1934503239568,89,0.0,17,True,True
2026-03-29,260329.02,2026 USA Jigsaw Nationals Individual Final,21249910,Lena Nguyen-Vo,0.308363882995142,3900.5674057232895,142,0.308363882995142,3900.5674057232895,78,0.0,64,True,True
2026-03-29,260329.02,2026 USA Jigsaw Nationals Individual Final,21259768,Melissa Germait,0.3348006636087166,3798.8000881318458,125,0.3348006636087166,3798.8000881318458,140,0.0,15,True,True
2026-03-29,260329.02,2026 USA Jigsaw Nationals Individual Final,21394027,Elizabeth Tashiro,0.2318173626879298,4210.866944303549,185,0.2318173626879298,4210.866944303549,191,0.0,6,True,True
2026-03-29,260329.02,2026 USA Jigsaw Nationals Individual Final,21412436,Iryna Shvydchenko,0.6486140557919764,2775.6136514337536,7,0.6486140557919764,2775.6136514337536,9,0.0,2,True,True
2026-03-29,260329.02,2026 USA Jigsaw Nationals Individual Final,21423906,Gail McCormick,0.4547525069743521,3369.395688016395,55,0.4547525069743521,3369.395688016395,59,0.0,4,True,True
2026-03-29,260329.02,2026 USA Jigsaw Nationals Individual Final,21469145,Shannon O’Hara,0.34569902155496,3757.6241874096777,116,0.34569902155496,3757.6241874096777,70,0.0,46,True,True
2026-03-29,260329.02,2026 USA Jigsaw Nationals Individual Final,21538991,Natalie Schimmelbusch,0.2676901209524542,4062.4888102125337,166,0.2676901209524542,4062.4888102125337,174,0.0,8,True,True
2026-03-29,260329.02,2026 USA Jigsaw Nationals Individual Final,21556752,Hanna Sigler,0.6403145036125847,2798.7458624762608,8,0.6403145036125847,2798.7458624762608,10,0.0,2,True,True
2026-03-29,260329.02,2026 USA Jigsaw Nationals Individual Final,21576268,Lauren Kautz,0.5909393119981285,2940.4028688890176,19,0.5909393119981285,2940.4028688890176,21,0.0,2,True,True
2026-03-29,260329.02,2026 USA Jigsaw Nationals Individual Final,21581068,Andrea Peng,0.5611099452639285,3029.4345014895234,24,0.5611099452639285,3029.4345014895234,25,0.0,1,True,True
2026-03-29,260329.02,2026 USA Jigsaw Nationals Individual Final,21583590,Lindsay Wang,0.4018972632894924,3552.27644791316,79,0.4018972632894924,3552.27644791316,98,0.0,19,True,True
2026-03-29,260329.02,2026 USA Jigsaw Nationals Individual Final,21594891,Kinsey Keltz,0.2474979239690863,4145.353175838805,181,0.2474979239690863,4145.353175838805,188,0.0,7,True,True
2026-03-29,260329.02,2026 USA Jigsaw Nationals Individual Final,21617866,Margaret Long,0.3756732704416758,3646.663513861745,96,0.3756732704416758,3646.663513861745,109,0.0,13,True,True
2026-03-29,260329.02,2026 USA Jigsaw Nationals Individual Final,21848873,Eric Goulet,0.43613907059301,3432.699039085006,63,0.43613907059301,3432.699039085006,72,0.0,9,True,True
2026-03-29,260329.02,2026 USA Jigsaw Nationals Individual Final,21856865,Aloysia Larson,0.3981988659921512,3565.438501777051,84,0.3981988659921512,3565.438501777051,56,0.0,28,True,True
2026-03-29,260329.02,2026 USA Jigsaw Nationals Individual Final,21857882,Hope Thompson,0.3449450501343315,3760.4583969786913,117,0.3449450501343315,3760.4583969786913,133,0.0,16,True,True
2026-03-29,260329.02,2026 USA Jigsaw Nationals Individual Final,21890972,Kamila Lin,0.2588244770656445,4098.665517242747,174,0.2588244770656445,4098.665517242747,181,0.0,7,True,True
2026-03-29,260329.02,2026 USA Jigsaw Nationals Individual Final,21892775,Andrea Reynolds,0.2853240635794134,3991.479046724299,158,0.2853240635794134,3991.479046724299,168,0.0,10,True,True
2026-03-29,260329.02,2026 USA Jigsaw Nationals Individual Final,21896776,Tally Klinefelter,0.4450918147953138,3402.104121253635,59,0.4450918147953138,3402.104121253635,63,0.0,4,True,True
2026-03-29,260329.02,2026 USA Jigsaw Nationals Individual Final,21916024,Emmie Lee,0.281803263968757,4005.557012904302,160,0.281803263968757,4005.557012904302,170,0.0,10,True,True
2026-03-29,260329.02,2026 USA Jigsaw Nationals Individual Final,21918754,Karen Ni,0.3181723795491771,3862.495721983321,131,0.3181723795491771,3862.495721983321,144,0.0,13,True,True
2026-03-29,260329.02,2026 USA Jigsaw Nationals Individual Final,21922695,Mathew Nettlow,0.4815667552190425,3280.248425390379,47,0.4815667552190425,3280.248425390379,48,0.0,1,True,True
2026-03-29,260329.02,2026 USA Jigsaw Nationals Individual Final,21923506,Linnea Shieh,0.4524940847807512,3377.013805241742,56,0.4524940847807512,3377.013805241742,60,0.0,4,True,True
2026-03-29,260329.02,2026 USA Jigsaw Nationals Individual Final,21924024,Jasper Lee,0.544931773611284,3078.84381134626,26,0.544931773611284,3078.84381134626,18,0.0,8,True,True
2026-03-29,260329.02,2026 USA Jigsaw Nationals Individual Final,21924776,Nicholas Mueller,0.3611343061480544,3700.069517722184,104,0.3611343061480544,3700.069517722184,116,0.0,12,True,True
2026-03-29,260329.02,2026 USA Jigsaw Nationals Individual Final,21925090,Emma Pan,0.5965450253562952,2923.965926684615,18,0.5965450253562952,2923.965926684615,20,0.0,2,True,True
2026-03-29,260329.02,2026 USA Jigsaw Nationals Individual Final,21925368,Betsey English,0.2927205916986998,3962.064875191707,153,0.2927205916986998,3962.064875191707,164,0.0,11,True,True
2026-03-29,260329.02,2026 USA Jigsaw Nationals Individual Final,21926468,Meredith Yeager,0.2192243191198726,4264.229870811352,191,0.2192243191198726,4264.229870811352,194,0.0,3,True,True
2026-03-29,260329.02,2026 USA Jigsaw Nationals Individual Final,21927541,Chloe Glikbarg,0.4811197507612509,3281.715038826144,48,0.4811197507612509,3281.715038826144,49,0.0,1,True,True
2026-03-29,260329.02,2026 USA Jigsaw Nationals Individual Final,21935409,Darya Leylian,0.2668013483527775,4066.101043942944,168,0.2668013483527775,4066.101043942944,176,0.0,8,True,True
2026-03-29,260329.02,2026 USA Jigsaw Nationals Individual Final,21936039,Caroline Orsi,0.3735788007471095,3654.309344262776,97,0.3735788007471095,3654.309344262776,110,0.0,13,True,True
2026-03-29,260329.02,2026 USA Jigsaw Nationals Individual Final,21939662,Scott Eng,0.2886111784717338,3978.380137112461,157,0.2886111784717338,3978.380137112461,167,0.0,10,True,True
2026-03-29,260329.02,2026 USA Jigsaw Nationals Individual Final,21942386,Megan Bailey,0.2474682820179785,4145.476054016138,182,0.2474682820179785,4145.476054016138,125,0.0,57,True,True
2026-03-29,260329.02,2026 USA Jigsaw Nationals Individual Final,21964658,Cosmo Smith,0.3667550866040788,3679.3305784041536,100,0.3667550866040788,3679.3305784041536,79,0.0,21,True,True
2026-03-29,260329.02,2026 USA Jigsaw Nationals Individual Final,21988310,Ashley Bromiley,0.4087687925405887,3527.9505501704034,76,0.4087687925405887,3527.9505501704034,86,0.0,10,True,True
2026-03-29,260329.02,2026 USA Jigsaw Nationals Individual Final,22035202,Rebecca Streitz,0.448483984080546,3390.583159721737,58,0.448483984080546,3390.583159721737,62,0.0,4,True,True
2026-03-29,260329.02,2026 USA Jigsaw Nationals Individual Final,22048522,CHARESE GAINOR,0.2914981806070846,3966.9111086821567,154,0.2914981806070846,3966.9111086821567,123,0.0,31,True,True
2026-03-29,260329.02,2026 USA Jigsaw Nationals Individual Final,22060891,Kirsty Weitzel,0.2578227776921089,4102.773204914313,175,0.2578227776921089,4102.773204914313,182,0.0,7,True,True
2026-03-29,260329.02,2026 USA Jigsaw Nationals Individual Final,22074241,Josh Nelson,0.2600037056803203,4093.835102224391,173,0.2600037056803203,4093.835102224391,180,0.0,7,True,True
2026-03-29,260329.02,2026 USA Jigsaw Nationals Individual Final,22077461,Jessica Musser,0.3564008128086187,3717.625289424499,108,0.3564008128086187,3717.625289424499,119,0.0,11,True,True
2026-03-29,260329.02,2026 USA Jigsaw Nationals Individual Final,22195550,Carmen Dueñas,0.3206247102262194,3853.035210127311,129,0.3206247102262194,3853.035210127311,128,0.0,1,True,True
2026-03-29,260329.02,2026 USA Jigsaw Nationals Individual Final,22195650,Sarah Meyer,0.4003791340732696,3557.67335813986,81,0.4003791340732696,3557.67335813986,99,0.0,18,True,True
2026-03-29,260329.02,2026 USA Jigsaw Nationals Individual Final,22200681,Terri Gomez-Ferree,0.2701093069873743,4052.6727722142,164,0.2701093069873743,4052.6727722142,154,0.0,10,True,True
2026-03-29,260329.02,2026 USA Jigsaw Nationals Individual Final,22227286,Jennifer Knight,0.2678408417404515,4061.876554838791,165,0.2678408417404515,4061.876554838791,173,0.0,8,True,True
2026-03-29,260329.02,2026 USA Jigsaw Nationals Individual Final,22251076,Jessica Henderson,0.2360536823316231,4193.066097610435,184,0.2360536823316231,4193.066097610435,190,0.0,6,True,True
2026-03-29,260329.02,2026 USA Jigsaw Nationals Individual Final,22324939,Lindsey Anderson,0.2376695539260763,4186.296112396096,183,0.2376695539260763,4186.296112396096,189,0.0,6,True,True
2026-03-29,260329.02,2026 USA Jigsaw Nationals Individual Final,22389912,Tazia Statucki,0.1579373909212596,4533.745972486043,196,0.1579373909212596,4533.745972486043,127,0.0,69,True,True
2026-03-29,260329.02,2026 USA Jigsaw Nationals Individual Final,22392412,Elizabeth Alvarez,0.3043279548788787,3916.341625782744,146,0.3043279548788787,3916.341625782744,57,0.0,89,True,True
2026-03-29,260329.02,2026 USA Jigsaw Nationals Individual Final,22408132,Jen Lunsford,0.4416363107421852,3413.8804406756058,60,0.4416363107421852,3413.8804406756058,64,0.0,4,True,True
2026-03-29,260329.02,2026 USA Jigsaw Nationals Individual Final,22423946,Jennifer Sipple,0.5665049318920329,3013.1347508664594,22,0.5665049318920329,3013.1347508664594,23,0.0,1,True,True
2026-03-29,260329.02,2026 USA Jigsaw Nationals Individual Final,22465006,Calie Curran,0.3893231761576801,3597.225083288916,86,0.3893231761576801,3597.225083288916,47,0.0,39,True,True
2026-03-29,260329.02,2026 USA Jigsaw Nationals Individual Final,22477088,Samantha Saake,0.3491808035966916,3744.563709058004,111,0.3491808035966916,3744.563709058004,129,0.0,18,True,True
2026-03-29,260329.02,2026 USA Jigsaw Nationals Individual Final,22549913,Sabrina Monserate-Lindsay,0.3388346728992157,3783.5065611381447,120,0.3388346728992157,3783.5065611381447,90,0.0,30,True,True
2026-03-29,260329.02,2026 USA Jigsaw Nationals Individual Final,22555702,Rose Robbins,0.3386307520244293,3784.278175777347,121,0.3386307520244293,3784.278175777347,136,0.0,15,True,True
2026-03-29,260329.02,2026 USA Jigsaw Nationals Individual Final,22561030,Allie Arendell,0.5657968538442428,3015.269040971393,23,0.5657968538442428,3015.269040971393,24,0.0,1,True,True
2026-03-29,260329.02,2026 USA Jigsaw Nationals Individual Final,22623572,Melissa Harlow,0.4355185744064659,3434.8296767062097,65,0.4355185744064659,3434.8296767062097,74,0.0,9,True,True
2026-03-29,260329.02,2026 USA Jigsaw Nationals Individual Final,22630517,Manja Wurschke,0.1486925775258762,4575.853948271435,197,0.1486925775258762,4575.853948271435,153,0.0,44,True,True
2026-03-29,260329.02,2026 USA Jigsaw Nationals Individual Final,22640026,Leslie Richardson,0.4350223253057166,3436.5346308504927,66,0.4350223253057166,3436.5346308504927,75,0.0,9,True,True
2026-03-29,260329.02,2026 USA Jigsaw Nationals Individual Final,22676681,Sarah Hauge,0.2801219064327888,4012.297451329249,163,0.2801219064327888,4012.297451329249,172,0.0,9,True,True
2026-03-29,260329.02,2026 USA Jigsaw Nationals Individual Final,22690548,Melanie Palmiero,0.348503900639789,3747.09927337365,112,0.348503900639789,3747.09927337365,130,0.0,18,True,True
2026-03-29,260329.02,2026 USA Jigsaw Nationals Individual Final,22713270,Christina Harwell,0.4277687733088425,3461.552337412044,70,0.4277687733088425,3461.552337412044,81,0.0,11,True,True
2026-03-29,260329.02,2026 USA Jigsaw Nationals Individual Final,22729973,Ashley Tucker,0.2256789632102266,4236.794422953719,189,0.2256789632102266,4236.794422953719,193,0.0,4,True,True
2026-03-29,260329.02,2026 USA Jigsaw Nationals Individual Final,22732244,Amber Whitear,0.3348356194126448,3798.667300341663,124,0.3348356194126448,3798.667300341663,139,0.0,15,True,True
2026-03-29,260329.02,2026 USA Jigsaw Nationals Individual Final,22736994,Brooke Ouro-Djobo,0.2927676673369921,3961.87836284888,152,0.2927676673369921,3961.87836284888,97,0.0,55,True,True
2026-03-29,260329.02,2026 USA Jigsaw Nationals Individual Final,22755028,Jarom Chung,0.3853772137730824,3611.4476405399673,89,0.3853772137730824,3611.4476405399673,105,0.0,16,True,True
2026-03-29,260329.02,2026 USA Jigsaw Nationals Individual Final,22857066,Nathan Biberdorf,0.5704238405086591,3001.3496585609178,20,0.5704238405086591,3001.3496585609178,19,0.0,1,True,True
2026-03-29,260329.02,2026 USA Jigsaw Nationals Individual Final,22858691,Chelsea Suedkamp,0.3357778062125742,3795.08993169336,122,0.3357778062125742,3795.08993169336,137,0.0,15,True,True
2026-03-29,260329.02,2026 USA Jigsaw Nationals Individual Final,22860511,Lydia Utkin,0.2964764790296247,3947.211716778163,149,0.2964764790296247,3947.211716778163,161,0.0,12,True,True
2026-03-29,260329.02,2026 USA Jigsaw Nationals Individual Final,22861788,Xin Li Phuah,0.5462527836978819,3074.7793128292465,25,0.5462527836978819,3074.7793128292465,26,0.0,1,True,True
2026-03-29,260329.02,2026 USA Jigsaw Nationals Individual Final,22861870,Jenna Wyly,0.4036008805898206,3546.229880281981,78,0.4036008805898206,3546.229880281981,66,0.0,12,True,True
2026-03-29,260329.02,2026 USA Jigsaw Nationals Individual Final,22861932,Trish Doty,0.2499228433885322,4135.313206400468,180,0.2499228433885322,4135.313206400468,187,0.0,7,True,True
2026-03-29,260329.02,2026 USA Jigsaw Nationals Individual Final,22862046,Emma Williamson,0.6301693403874921,2827.2841139131647,11,0.6301693403874921,2827.2841139131647,7,0.0,4,True,True
2026-03-29,260329.02,2026 USA Jigsaw Nationals Individual Final,22862138,Michelle Bone,0.360101539487367,3703.892800101773,105,0.360101539487367,3703.892800101773,117,0.0,12,True,True
2026-03-29,260329.02,2026 USA Jigsaw Nationals Individual Final,22862145,Katie Ruberg,0.3623696387675286,3695.501523229834,101,0.3623696387675286,3695.501523229834,113,0.0,12,True,True
2026-03-29,260329.02,2026 USA Jigsaw Nationals Individual Final,22862692,Jennifer Hancock,0.2566463743960002,4107.602560913963,176,0.2566463743960002,4107.602560913963,183,0.0,7,True,True
2026-03-29,260329.02,2026 USA Jigsaw Nationals Individual Final,22870921,Abigail Ricketts-Savit,0.2523234671617266,4125.397781571737,177,0.2523234671617266,4125.397781571737,184,0.0,7,True,True
2026-03-29,260329.02,2026 USA Jigsaw Nationals Individual Final,22870980,Annabelle Platt,0.4331553396549771,3442.9565846769992,67,0.4331553396549771,3442.9565846769992,76,0.0,9,True,True
2026-03-29,260329.02,2026 USA Jigsaw Nationals Individual Final,22871012,Chelsea Fedie,0.3505267342763759,3739.5271760524174,110,0.3505267342763759,3739.5271760524174,121,0.0,11,True,True
2026-03-29,260329.02,2026 USA Jigsaw Nationals Individual Final,22871519,Grace Byrnes,0.3312342781306451,3812.3722610149,127,0.3312342781306451,3812.3722610149,141,0.0,14,True,True
2026-03-29,260329.02,2026 USA Jigsaw Nationals Individual Final,23740970,Rebecca Widmayer,0.2288326056904427,4223.454134388184,187,0.2288326056904427,4223.454134388184,157,0.0,30,True,True
2026-03-29,260329.02,2026 USA Jigsaw Nationals Individual Final,23742686,Jessica Bradley,0.1935761603386748,4375.014148978686,195,0.1935761603386748,4375.014148978686,198,0.0,3,True,True
2026-03-29,260329.02,2026 USA Jigsaw Nationals Individual Final,23742868,Katie Erickson,0.3620684623890141,3696.614688616539,102,0.3620684623890141,3696.614688616539,114,0.0,12,True,True
2026-03-29,260329.02,2026 USA Jigsaw Nationals Individual Final,23763793,Michael Ha,0.2888004294373529,3977.627296070108,156,0.2888004294373529,3977.627296070108,166,0.0,10,True,True
2026-03-29,260329.02,2026 USA Jigsaw Nationals Individual Final,23764523,Aubrey Barrow,0.3993978812508985,3561.166048489492,83,0.3993978812508985,3561.166048489492,101,0.0,18,True,True
2026-03-29,260329.02,2026 USA Jigsaw Nationals Individual Final,23764765,Timothy Miller,0.3862075635473564,3608.450120474125,87,0.3862075635473564,3608.450120474125,103,0.0,16,True,True
2026-03-29,260329.02,2026 USA Jigsaw Nationals Individual Final,23764984,Helen Hu,0.3618947761843449,3697.256795352859,103,0.3618947761843449,3697.256795352859,115,0.0,12,True,True
2026-03-29,260329.02,2026 USA Jigsaw Nationals Individual Final,23765316,Katie Wren,0.3441612566191905,3763.406975271526,118,0.3441612566191905,3763.406975271526,134,0.0,16,True,True
2026-03-29,260329.02,2026 USA Jigsaw Nationals Individual Final,23765860,Kate Yee,0.4778701109009209,3292.39677732809,49,0.4778701109009209,3292.39677732809,50,0.0,1,True,True
2026-03-29,260329.02,2026 USA Jigsaw Nationals Individual Final,23766346,Robyn Curtis,0.3471746378557817,3752.0834649019857,113,0.3471746378557817,3752.0834649019857,67,0.0,46,True,True
2026-03-29,260329.02,2026 USA Jigsaw Nationals Individual Final,23766473,Marisa Martin,0.2189258691048262,4265.502720211971,192,0.2189258691048262,4265.502720211971,195,0.0,3,True,True
2026-03-29,260329.02,2026 USA Jigsaw Nationals Individual Final,23766491,Maggie Kirkland,0.2004884704135265,4344.876973346621,194,0.2004884704135265,4344.876973346621,197,0.0,3,True,True
2026-03-29,260329.02,2026 USA Jigsaw Nationals Individual Final,23769192,Angela Harrow,0.347157704741515,3752.146999897958,114,0.347157704741515,3752.146999897958,131,0.0,17,True,True
2026-03-29,260329.02,2026 USA Jigsaw Nationals Individual Final,23786476,Bethany Quinn,0.3163901776557248,3869.385606931826,132,0.3163901776557248,3869.385606931826,145,0.0,13,True,True
2026-03-29,260329.02,2026 USA Jigsaw Nationals Individual Final,23820090,Matthew Swanson,0.2671796411432471,4064.563158136592,167,0.2671796411432471,4064.563158136592,175,0.0,8,True,True
2026-03-29,260329.02,2026 USA Jigsaw Nationals Individual Final,23838242,Rose Barrett,0.4216149986737244,3482.9196276989574,73,0.4216149986737244,3482.9196276989574,83,0.0,10,True,True
2026-03-29,260329.02,2026 USA Jigsaw Nationals Individual Final,23848490,Ryder Jackson,0.3079593077156621,3902.145798139341,143,0.3079593077156621,3902.145798139341,152,0.0,9,True,True
2026-03-29,260329.02,2026 USA Jigsaw Nationals Individual Final,23888265,Feifei Xue,0.4213113332752659,3483.9774304764246,74,0.4213113332752659,3483.9774304764246,84,0.0,10,True,True
2026-03-29,260329.02,2026 USA Jigsaw Nationals Individual Final,23984023,Dakota Scully,0.3087652037404783,3899.002341172233,141,0.3087652037404783,3899.002341172233,151,0.0,10,True,True
2026-03-29,260329.02,2026 USA Jigsaw Nationals Individual Final,24126099,Nicole Pichette,0.3791594081065422,3633.9728763423054,93,0.3791594081065422,3633.9728763423054,107,0.0,14,True,True
2026-03-29,260329.02,2026 USA Jigsaw Nationals Individual Final,24179977,Emily Howard,0.2504815355773859,4133.003484485464,179,0.2504815355773859,4133.003484485464,186,0.0,7,True,True
2026-03-29,260329.02,2026 USA Jigsaw Nationals Individual Final,24184814,Alexandra Michonski,0.2813667234054838,4007.305982739301,161,0.2813667234054838,4007.305982739301,171,0.0,10,True,True
2026-03-29,260329.02,2026 USA Jigsaw Nationals Individual Final,24189640,Lizzy Klinnert,0.2621475318476536,4085.068032302228,171,0.2621475318476536,4085.068032302228,178,0.0,7,True,True
2026-03-29,260329.02,2026 USA Jigsaw Nationals Individual Final,24191389,Bethany Litus,0.3158643829678775,3871.420644288217,133,0.3158643829678775,3871.420644288217,92,0.0,41,True,True
2026-03-29,260329.02,2026 USA Jigsaw Nationals Individual Final,24193461,Shea Burkett,0.6371521922473732,2807.610377115953,10,0.6371521922473732,2807.610377115953,11,0.0,1,True,True
2026-03-29,260329.02,2026 USA Jigsaw Nationals Individual Final,24204399,Katie Hartzler,0.4309701165876519,3450.4884392196027,68,0.4309701165876519,3450.4884392196027,77,0.0,9,True,True
2026-03-29,260329.02,2026 USA Jigsaw Nationals Individual Final,24223016,Rebecca Watson,0.3120781977942326,3886.106343577492,138,0.3120781977942326,3886.106343577492,91,0.0,47,True,True
2026-03-29,260329.02,2026 USA Jigsaw Nationals Individual Final,24242286,Brittany Houghton,0.3288555591676186,3821.4516175439257,128,0.3288555591676186,3821.4516175439257,142,0.0,14,True,True
2026-03-29,260329.02,2026 USA Jigsaw Nationals Individual Final,24244256,Kelsie Foster,0.2958976697853848,3949.4970607341097,150,0.2958976697853848,3949.4970607341097,162,0.0,12,True,True
2026-03-29,260329.02,2026 USA Jigsaw Nationals Individual Final,24495053,Nicole Zern,0.2070464280677743,4316.476679887192,193,0.2070464280677743,4316.476679887192,196,0.0,3,True,True
2026-03-29,260329.02,2026 USA Jigsaw Nationals Individual Final,24511922,Carrie Grose,0.2308418195875103,4214.976830857637,186,0.2308418195875103,4214.976830857637,192,0.0,6,True,True
2026-03-29,260329.02,2026 USA Jigsaw Nationals Individual Final,24575932,Katie Motondo,0.3152810528257239,3873.6796194430817,134,0.3152810528257239,3873.6796194430817,146,0.0,12,True,True
2026-03-29,260329.02,2026 USA Jigsaw Nationals Individual Final,24581974,Jessica Rottenbacher,0.4761017898059404,3298.223942633714,50,0.4761017898059404,3298.223942633714,51,0.0,1,True,True
2026-03-29,260329.02,2026 USA Jigsaw Nationals Individual Final,24673353,Kate McCrea,0.2235064323591897,4246.008995394229,190,0.2235064323591897,4246.008995394229,95,0.0,95,True,True
2026-03-29,260329.02,2026 USA Jigsaw Nationals Individual Final,24675996,Taylor Puch,0.4195175282531191,3490.2326153019453,75,0.4195175282531191,3490.2326153019453,85,0.0,10,True,True
2026-03-29,260329.02,2026 USA Jigsaw Nationals Individual Final,24687010,Lindsey Niedzwiecki,0.3806790248006317,3628.454824217484,90,0.3806790248006317,3628.454824217484,69,0.0,21,True,True
2026-03-29,260329.02,2026 USA Jigsaw Nationals Individual Final,24699469,Sara Pierce,0.346233823366055,3755.615140457699,115,0.346233823366055,3755.615140457699,132,0.0,17,True,True
2026-03-29,260329.02,2026 USA Jigsaw Nationals Individual Final,24701381,Audrey Beasley,0.3793306723589797,3633.3505599860505,92,0.3793306723589797,3633.3505599860505,106,0.0,14,True,True
2026-03-29,260329.02,2026 USA Jigsaw Nationals Individual Final,24712137,Karina Krajec,0.306908512809829,3906.248308136657,144,0.306908512809829,3906.248308136657,158,0.0,14,True,True
2026-03-29,260329.02,2026 USA Jigsaw Nationals Individual Final,24712164,Elena Christenfeld,0.4227793703448937,3478.8665748393846,72,0.4227793703448937,3478.8665748393846,55,0.0,17,True,True
2026-03-29,260329.02,2026 USA Jigsaw Nationals Individual Final,24714504,Melanie Buhlmann,0.2658766261332253,4069.862796945452,169,0.2658766261332253,4069.862796945452,155,0.0,14,True,True
2026-03-29,260329.02,2026 USA Jigsaw Nationals Individual Final,24718041,Jennifer Fong,0.3432971155330476,3766.660495410483,119,0.3432971155330476,3766.660495410483,135,0.0,16,True,True
2026-03-29,260329.02,2026 USA Jigsaw Nationals Individual Final,24718370,Casey Abbott,0.4243578416935286,3473.379615268782,71,0.4243578416935286,3473.379615268782,82,0.0,11,True,True
2026-03-29,260329.02,2026 USA Jigsaw Nationals Individual Final,24718378,Arabella Etzold-Erickson,0.3138861744767267,3879.086701509338,136,0.3138861744767267,3879.086701509338,148,0.0,12,True,True
2026-03-29,260329.02,2026 USA Jigsaw Nationals Individual Final,24718500,Angela Kwon,0.3138022005509687,3879.412457325325,137,0.3138022005509687,3879.412457325325,149,0.0,12,True,True
2026-03-29,260329.02,2026 USA Jigsaw Nationals Individual Final,24718537,Hali Simmons,0.2521680211109874,4126.039108209165,178,0.2521680211109874,4126.039108209165,185,0.0,7,True,True
2026-03-29,260329.02,2026 USA Jigsaw Nationals Individual Final,24728793,Jamie Marsigit,0.3693907224931942,3669.645970839658,99,0.3693907224931942,3669.645970839658,112,0.0,13,True,True
2026-03-29,260329.02,2026 USA Jigsaw Nationals Individual Final,24826347,Kallen O'Connor,0.2837916274649489,3997.600422476332,159,0.2837916274649489,3997.600422476332,169,0.0,10,True,True
2026-03-29,260329.02,2026 USA Jigsaw Nationals Individual Final,24858852,Emily Russell,0.4698546566491625,3318.8928803673857,51,0.4698546566491625,3318.8928803673857,52,0.0,1,True,True
